Using pre-set license
Built from '2022.3/staging' branch; Version is '2022.3.17f1 (4fc78088f837) revision 5228416'; Using compiler version '192829333'; Build Type 'Release'
OS: 'Windows 11  (10.0.22631) 64bit Core' Language: 'en' Physical Memory: 16169 MB
BatchMode: 1, IsHumanControllingUs: 0, StartBugReporterOnCrash: 0, Is64bit: 1, IsPro: 1

COMMAND LINE ARGUMENTS:
C:\Program Files\Unity\Hub\Editor\2022.3.17f1\Editor\Unity.exe
-adb2
-batchMode
-noUpm
-name
AssetImportWorker4
-projectPath
C:/Users/Isaac/II-BSSD5150-Midterm
-logFile
Logs/AssetImportWorker4.log
-srvPort
59697
Successfully changed project path to: C:/Users/Isaac/II-BSSD5150-Midterm
C:/Users/Isaac/II-BSSD5150-Midterm
[UnityMemory] Configuration Parameters - Can be set up in boot.config
    "memorysetup-bucket-allocator-granularity=16"
    "memorysetup-bucket-allocator-bucket-count=8"
    "memorysetup-bucket-allocator-block-size=33554432"
    "memorysetup-bucket-allocator-block-count=8"
    "memorysetup-main-allocator-block-size=16777216"
    "memorysetup-thread-allocator-block-size=16777216"
    "memorysetup-gfx-main-allocator-block-size=16777216"
    "memorysetup-gfx-thread-allocator-block-size=16777216"
    "memorysetup-cache-allocator-block-size=4194304"
    "memorysetup-typetree-allocator-block-size=2097152"
    "memorysetup-profiler-bucket-allocator-granularity=16"
    "memorysetup-profiler-bucket-allocator-bucket-count=8"
    "memorysetup-profiler-bucket-allocator-block-size=33554432"
    "memorysetup-profiler-bucket-allocator-block-count=8"
    "memorysetup-profiler-allocator-block-size=16777216"
    "memorysetup-profiler-editor-allocator-block-size=1048576"
    "memorysetup-temp-allocator-size-main=16777216"
    "memorysetup-job-temp-allocator-block-size=2097152"
    "memorysetup-job-temp-allocator-block-size-background=1048576"
    "memorysetup-job-temp-allocator-reduction-small-platforms=262144"
    "memorysetup-allocator-temp-initial-block-size-main=262144"
    "memorysetup-allocator-temp-initial-block-size-worker=262144"
    "memorysetup-temp-allocator-size-background-worker=32768"
    "memorysetup-temp-allocator-size-job-worker=262144"
    "memorysetup-temp-allocator-size-preload-manager=33554432"
    "memorysetup-temp-allocator-size-nav-mesh-worker=65536"
    "memorysetup-temp-allocator-size-audio-worker=65536"
    "memorysetup-temp-allocator-size-cloud-worker=32768"
    "memorysetup-temp-allocator-size-gi-baking-worker=262144"
    "memorysetup-temp-allocator-size-gfx=262144"
Player connection [30624] Host "[IP] 192.168.0.17 [Port] 0 [Flags] 2 [Guid] 50864496 [EditorId] 50864496 [Version] 1048832 [Id] WindowsEditor(7,LAPTOP-UFD6JTEV) [Debug] 1 [PackageName] WindowsEditor [ProjectName] Editor" joined multi-casting on [225.0.0.222:54997]...

Player connection [30624] Host "[IP] 192.168.0.17 [Port] 0 [Flags] 2 [Guid] 50864496 [EditorId] 50864496 [Version] 1048832 [Id] WindowsEditor(7,LAPTOP-UFD6JTEV) [Debug] 1 [PackageName] WindowsEditor [ProjectName] Editor" joined alternative multi-casting on [225.0.0.222:34997]...

[Physics::Module] Initialized MultithreadedJobDispatcher with 11 workers.
Refreshing native plugins compatible for Editor in 19.49 ms, found 4 plugins.
Preloading 0 native plugins for Editor in 0.00 ms.
Initialize engine version: 2022.3.17f1 (4fc78088f837)
[Subsystems] Discovering subsystems at path C:/Program Files/Unity/Hub/Editor/2022.3.17f1/Editor/Data/Resources/UnitySubsystems
[Subsystems] Discovering subsystems at path C:/Users/Isaac/II-BSSD5150-Midterm/Assets
GfxDevice: creating device client; threaded=0; jobified=0
Direct3D:
    Version:  Direct3D 11.0 [level 11.1]
    Renderer: NVIDIA GeForce RTX 2070 (ID=0x1f14)
    Vendor:   NVIDIA
    VRAM:     8006 MB
    Driver:   31.0.15.5186
Initialize mono
Mono path[0] = 'C:/Program Files/Unity/Hub/Editor/2022.3.17f1/Editor/Data/Managed'
Mono path[1] = 'C:/Program Files/Unity/Hub/Editor/2022.3.17f1/Editor/Data/MonoBleedingEdge/lib/mono/unityjit-win32'
Mono config path = 'C:/Program Files/Unity/Hub/Editor/2022.3.17f1/Editor/Data/MonoBleedingEdge/etc'
Using monoOptions --debugger-agent=transport=dt_socket,embedding=1,server=y,suspend=n,address=127.0.0.1:56268
Begin MonoManager ReloadAssembly
Registering precompiled unity dll's ...
Register platform support module: C:/Program Files/Unity/Hub/Editor/2022.3.17f1/Editor/Data/PlaybackEngines/WebGLSupport/UnityEditor.WebGL.Extensions.dll
Register platform support module: C:/Program Files/Unity/Hub/Editor/2022.3.17f1/Editor/Data/PlaybackEngines/AndroidPlayer/UnityEditor.Android.Extensions.dll
Register platform support module: C:/Program Files/Unity/Hub/Editor/2022.3.17f1/Editor/Data/PlaybackEngines/WindowsStandaloneSupport/UnityEditor.WindowsStandalone.Extensions.dll
Registered in 0.012193 seconds.
- Loaded All Assemblies, in  0.458 seconds
Native extension for WindowsStandalone target not found
Native extension for Android target not found
Android Extension - Scanning For ADB Devices 275 ms
Native extension for WebGL target not found
Mono: successfully reloaded assembly
- Finished resetting the current domain, in  0.703 seconds
Domain Reload Profiling: 1159ms
	BeginReloadAssembly (125ms)
		ExecutionOrderSort (0ms)
		DisableScriptedObjects (0ms)
		BackupInstance (0ms)
		ReleaseScriptingObjects (0ms)
		CreateAndSetChildDomain (1ms)
	RebuildCommonClasses (48ms)
	RebuildNativeTypeToScriptingClass (15ms)
	initialDomainReloadingComplete (77ms)
	LoadAllAssembliesAndSetupDomain (190ms)
		LoadAssemblies (123ms)
		RebuildTransferFunctionScriptingTraits (0ms)
		AnalyzeDomain (188ms)
			TypeCache.Refresh (186ms)
				TypeCache.ScanAssembly (169ms)
			ScanForSourceGeneratedMonoScriptInfo (0ms)
			ResolveRequiredComponents (1ms)
	FinalizeReload (704ms)
		ReleaseScriptCaches (0ms)
		RebuildScriptCaches (0ms)
		SetupLoadedEditorAssemblies (629ms)
			LogAssemblyErrors (0ms)
			InitializePlatformSupportModulesInManaged (408ms)
			SetLoadedEditorAssemblies (4ms)
			RefreshPlugins (0ms)
			BeforeProcessingInitializeOnLoad (2ms)
			ProcessInitializeOnLoadAttributes (147ms)
			ProcessInitializeOnLoadMethodAttributes (68ms)
			AfterProcessingInitializeOnLoad (0ms)
			EditorAssembliesLoaded (0ms)
		ExecutionOrderSort2 (0ms)
		AwakeInstancesAfterBackupRestoration (0ms)
========================================================================
Worker process is ready to serve import requests
Begin MonoManager ReloadAssembly
- Loaded All Assemblies, in  0.874 seconds
Refreshing native plugins compatible for Editor in 7.41 ms, found 4 plugins.
Native extension for WindowsStandalone target not found
Native extension for Android target not found
Native extension for WebGL target not found
Package Manager log level set to [2]
[Package Manager] Server::EnsureServerProcessIsRunning -- launch failed, reason: Unity was launched with the -noUpm command-line argument
[Package Manager] UpmClient::Send -- Unable to send message (not connected to UPM process).
[Package Manager] Cannot connect to Unity Package Manager local server
Mono: successfully reloaded assembly
- Finished resetting the current domain, in  0.828 seconds
Domain Reload Profiling: 1698ms
	BeginReloadAssembly (192ms)
		ExecutionOrderSort (0ms)
		DisableScriptedObjects (11ms)
		BackupInstance (0ms)
		ReleaseScriptingObjects (0ms)
		CreateAndSetChildDomain (29ms)
	RebuildCommonClasses (41ms)
	RebuildNativeTypeToScriptingClass (14ms)
	initialDomainReloadingComplete (54ms)
	LoadAllAssembliesAndSetupDomain (568ms)
		LoadAssemblies (407ms)
		RebuildTransferFunctionScriptingTraits (0ms)
		AnalyzeDomain (263ms)
			TypeCache.Refresh (232ms)
				TypeCache.ScanAssembly (204ms)
			ScanForSourceGeneratedMonoScriptInfo (25ms)
			ResolveRequiredComponents (5ms)
	FinalizeReload (828ms)
		ReleaseScriptCaches (0ms)
		RebuildScriptCaches (0ms)
		SetupLoadedEditorAssemblies (629ms)
			LogAssemblyErrors (0ms)
			InitializePlatformSupportModulesInManaged (30ms)
			SetLoadedEditorAssemblies (4ms)
			RefreshPlugins (0ms)
			BeforeProcessingInitializeOnLoad (92ms)
			ProcessInitializeOnLoadAttributes (439ms)
			ProcessInitializeOnLoadMethodAttributes (55ms)
			AfterProcessingInitializeOnLoad (9ms)
			EditorAssembliesLoaded (0ms)
		ExecutionOrderSort2 (0ms)
		AwakeInstancesAfterBackupRestoration (8ms)
Launched and connected shader compiler UnityShaderCompiler.exe after 0.06 seconds
Refreshing native plugins compatible for Editor in 7.56 ms, found 4 plugins.
Preloading 0 native plugins for Editor in 0.00 ms.
Unloading 4046 Unused Serialized files (Serialized files now loaded: 0)
Unloading 70 unused Assets / (244.9 KB). Loaded Objects now: 4506.
Memory consumption went from 154.6 MB to 154.3 MB.
Total: 5.717800 ms (FindLiveObjects: 0.441200 ms CreateObjectMapping: 0.437700 ms MarkObjects: 4.576200 ms  DeleteObjects: 0.261500 ms)

AssetImportParameters requested are different than current active one (requested -> active):
  custom:container-demuxer-ogg: 62fdf1f143b41e24485cea50d1cbac27 -> 
  custom:video-codec-MediaFoundation-h265: 746d11721c4dcdbdad8f713fa42b33f4 -> 
  custom:video-decoder-ogg-theora: a1e56fd34408186e4bbccfd4996cb3dc -> 
  custom:framework-win-MediaFoundation: 216162199b28c13a410421893ffa2e32 -> 
  custom:CustomObjectIndexerAttribute: 6d391050e5a25f67b0a2c618074f2cd9 -> 
  custom:container-demuxer-webm: 4f35f7cbe854078d1ac9338744f61a02 -> 
  custom:container-muxer-webm: aa71ff27fc2769a1b78a27578f13a17b -> 
  custom:video-decoder-webm-vp8: 9c59270c3fd7afecdb556c50c9e8de78 -> 
  custom:SearchIndexIgnoredProperties: e643bd26f0fe6173181afceb89e7c659 -> 
  custom:AudioImporter_EditorPlatform: d09bf68614088b80899f8185d706f6e7 -> 
  custom:scripting/monoscript/fileName/CoinScore.cs: 22953c8d1edbfdb4dafcb37b0da8cb78 -> 
  custom:video-encoder-webm-vp8: eb34c28f22e8b96e1ab97ce403110664 -> 
  custom:audio-decoder-ogg-vorbis: bf7c407c2cedff20999df2af8eb42d56 -> 
  custom:audio-encoder-webm-vorbis: bf7c407c2cedff20999df2af8eb42d56 -> 
========================================================================
Received Import Request.
  Time since last request: 1682665.818486 seconds.
  path: Assets/TextMesh Pro/Documentation/TextMesh Pro User Guide 2016.pdf
  artifactKey: Guid(1b8d251f9af63b746bf2f7ffe00ebb9b) Importer(2089858483,0ecaa5967403d082aa24f35e1b516d23)
Start importing Assets/TextMesh Pro/Documentation/TextMesh Pro User Guide 2016.pdf using Guid(1b8d251f9af63b746bf2f7ffe00ebb9b) Importer(2089858483,0ecaa5967403d082aa24f35e1b516d23) Generated GUIDs only implemented for interfaces!
 -> (artifact id: 'ccfdc0ebe975e6a336dd0185dab2351d') in 0.090563 seconds
Number of updated asset objects reloaded before import = 0
Number of asset objects unloaded after import = 1
========================================================================
Received Import Request.
  Time since last request: 0.000118 seconds.
  path: Assets/BayatGames/Free Platform Game Assets/Preview/Preview 2.ai
  artifactKey: Guid(93efba2dead4b2e4cb3ccae0b4580f64) Importer(2089858483,0ecaa5967403d082aa24f35e1b516d23)
Start importing Assets/BayatGames/Free Platform Game Assets/Preview/Preview 2.ai using Guid(93efba2dead4b2e4cb3ccae0b4580f64) Importer(2089858483,0ecaa5967403d082aa24f35e1b516d23) Generated GUIDs only implemented for interfaces!
 -> (artifact id: '57f81a1417b7fbdd3e9ddaed198c6724') in 0.011642 seconds
Number of updated asset objects reloaded before import = 0
Number of asset objects unloaded after import = 1
========================================================================
Received Import Request.
  Time since last request: 0.000127 seconds.
  path: Assets/Dragon Warrior Files/Effects/potion.png
  artifactKey: Guid(1fa7ccda57ea232489a40129d872165b) Importer(2089858483,0ecaa5967403d082aa24f35e1b516d23)
Start importing Assets/Dragon Warrior Files/Effects/potion.png using Guid(1fa7ccda57ea232489a40129d872165b) Importer(2089858483,0ecaa5967403d082aa24f35e1b516d23) Generated GUIDs only implemented for interfaces!
 -> (artifact id: '2863f938b282e5d2857b3eae3510f254') in 0.098037 seconds
Number of updated asset objects reloaded before import = 0
Number of asset objects unloaded after import = 3
========================================================================
Received Import Request.
  Time since last request: 0.000015 seconds.
  path: Assets/TextMesh Pro/Sprites/EmojiOne Attribution.txt
  artifactKey: Guid(381dcb09d5029d14897e55f98031fca5) Importer(2089858483,0ecaa5967403d082aa24f35e1b516d23)
Start importing Assets/TextMesh Pro/Sprites/EmojiOne Attribution.txt using Guid(381dcb09d5029d14897e55f98031fca5) Importer(2089858483,0ecaa5967403d082aa24f35e1b516d23) Generated GUIDs only implemented for interfaces!
 -> (artifact id: 'e9ef0f44d58b82411e16d3a9d6ee6312') in 0.010867 seconds
Number of updated asset objects reloaded before import = 0
Number of asset objects unloaded after import = 1
========================================================================
Received Import Request.
  Time since last request: 0.000021 seconds.
  path: Assets/TextMesh Pro/Shaders/TMP_SDF-Mobile Masking.shader
  artifactKey: Guid(bc1ede39bf3643ee8e493720e4259791) Importer(2089858483,0ecaa5967403d082aa24f35e1b516d23)
Start importing Assets/TextMesh Pro/Shaders/TMP_SDF-Mobile Masking.shader using Guid(bc1ede39bf3643ee8e493720e4259791) Importer(2089858483,0ecaa5967403d082aa24f35e1b516d23) Generated GUIDs only implemented for interfaces!
 -> (artifact id: '107b2ae31ad4f349c160a2dee5419a29') in 0.022774 seconds
Number of updated asset objects reloaded before import = 0
Number of asset objects unloaded after import = 1
========================================================================
Received Import Request.
  Time since last request: 0.000032 seconds.
  path: Assets/2D Pixel Item Pack/No Outline/S_ItemNoOutline_PotionBlue_00.png
  artifactKey: Guid(2b3f72a8c25c0db42831048113b1ac60) Importer(2089858483,0ecaa5967403d082aa24f35e1b516d23)
Start importing Assets/2D Pixel Item Pack/No Outline/S_ItemNoOutline_PotionBlue_00.png using Guid(2b3f72a8c25c0db42831048113b1ac60) Importer(2089858483,0ecaa5967403d082aa24f35e1b516d23) Generated GUIDs only implemented for interfaces!
 -> (artifact id: '116c4fe04fcd2af41e39f0e1fd991b61') in 0.036861 seconds
Number of updated asset objects reloaded before import = 0
Number of asset objects unloaded after import = 3
========================================================================
Received Import Request.
  Time since last request: 0.000021 seconds.
  path: Assets/TextMesh Pro/Shaders/TMP_Bitmap.shader
  artifactKey: Guid(128e987d567d4e2c824d754223b3f3b0) Importer(2089858483,0ecaa5967403d082aa24f35e1b516d23)
Start importing Assets/TextMesh Pro/Shaders/TMP_Bitmap.shader using Guid(128e987d567d4e2c824d754223b3f3b0) Importer(2089858483,0ecaa5967403d082aa24f35e1b516d23) Generated GUIDs only implemented for interfaces!
 -> (artifact id: '78360e96f3d3b5ae2bb6b0082ccb9c95') in 0.016954 seconds
Number of updated asset objects reloaded before import = 0
Number of asset objects unloaded after import = 1
========================================================================
Received Import Request.
  Time since last request: 0.000029 seconds.
  path: Assets/Free 2D Cartoon Parallax Background/4_Snow/Layer_1.png
  artifactKey: Guid(630227a2121b4a243888619c45836138) Importer(2089858483,0ecaa5967403d082aa24f35e1b516d23)
Start importing Assets/Free 2D Cartoon Parallax Background/4_Snow/Layer_1.png using Guid(630227a2121b4a243888619c45836138) Importer(2089858483,0ecaa5967403d082aa24f35e1b516d23) Generated GUIDs only implemented for interfaces!
 -> (artifact id: 'ab10467f823f171645f2734a1b1fc790') in 0.057449 seconds
Number of updated asset objects reloaded before import = 0
Number of asset objects unloaded after import = 3
========================================================================
Received Import Request.
  Time since last request: 0.000017 seconds.
  path: Assets/TextMesh Pro/Shaders/TMP_SDF Overlay.shader
  artifactKey: Guid(dd89cf5b9246416f84610a006f916af7) Importer(2089858483,0ecaa5967403d082aa24f35e1b516d23)
Start importing Assets/TextMesh Pro/Shaders/TMP_SDF Overlay.shader using Guid(dd89cf5b9246416f84610a006f916af7) Importer(2089858483,0ecaa5967403d082aa24f35e1b516d23) Generated GUIDs only implemented for interfaces!
 -> (artifact id: '8162e1406b0f4c2c4c10d3752d614285') in 0.018493 seconds
Number of updated asset objects reloaded before import = 0
Number of asset objects unloaded after import = 1
========================================================================
Received Import Request.
  Time since last request: 0.000034 seconds.
  path: Assets/Dragon Warrior Files/Dragon Warrior PNG/jump_01.png
  artifactKey: Guid(b7297c1f2406fc74eaedd34307edb24b) Importer(2089858483,0ecaa5967403d082aa24f35e1b516d23)
Start importing Assets/Dragon Warrior Files/Dragon Warrior PNG/jump_01.png using Guid(b7297c1f2406fc74eaedd34307edb24b) Importer(2089858483,0ecaa5967403d082aa24f35e1b516d23) Generated GUIDs only implemented for interfaces!
 -> (artifact id: 'c059b7715e086640db219c2c7eed82b1') in 0.033859 seconds
Number of updated asset objects reloaded before import = 0
Number of asset objects unloaded after import = 3
========================================================================
Received Import Request.
  Time since last request: 0.000017 seconds.
  path: Assets/2D Pixel Item Pack/Light Outline/S_ItemLightOutline_PotionPurple_01.png
  artifactKey: Guid(466754cf24a0dcf46921f74c450a2cda) Importer(2089858483,0ecaa5967403d082aa24f35e1b516d23)
Start importing Assets/2D Pixel Item Pack/Light Outline/S_ItemLightOutline_PotionPurple_01.png using Guid(466754cf24a0dcf46921f74c450a2cda) Importer(2089858483,0ecaa5967403d082aa24f35e1b516d23) Generated GUIDs only implemented for interfaces!
 -> (artifact id: '7c705bdc1f1fd562e446c75de23d0d6f') in 0.043501 seconds
Number of updated asset objects reloaded before import = 0
Number of asset objects unloaded after import = 3
========================================================================
Received Import Request.
  Time since last request: 0.000022 seconds.
  path: Assets/2D Pixel Item Pack/No Outline/S_ItemNoOutline_PotionGold_02.png
  artifactKey: Guid(955f66ab17993b74eae3a0c8a446d007) Importer(2089858483,0ecaa5967403d082aa24f35e1b516d23)
Start importing Assets/2D Pixel Item Pack/No Outline/S_ItemNoOutline_PotionGold_02.png using Guid(955f66ab17993b74eae3a0c8a446d007) Importer(2089858483,0ecaa5967403d082aa24f35e1b516d23) Generated GUIDs only implemented for interfaces!
 -> (artifact id: '25edf03e4f47e479d11a9e7f789db537') in 0.036121 seconds
Number of updated asset objects reloaded before import = 0
Number of asset objects unloaded after import = 3
========================================================================
Received Import Request.
  Time since last request: 0.000016 seconds.
  path: Assets/2D Pixel Item Pack/Heavy Outline/S_ItemHeavyOutline_PotionGreen_00.png
  artifactKey: Guid(d19ccb8e619c9324487328c4f83f7f66) Importer(2089858483,0ecaa5967403d082aa24f35e1b516d23)
Start importing Assets/2D Pixel Item Pack/Heavy Outline/S_ItemHeavyOutline_PotionGreen_00.png using Guid(d19ccb8e619c9324487328c4f83f7f66) Importer(2089858483,0ecaa5967403d082aa24f35e1b516d23) Generated GUIDs only implemented for interfaces!
 -> (artifact id: '59cabcab4af20390ab919bd1fdc66bb4') in 0.038981 seconds
Number of updated asset objects reloaded before import = 0
Number of asset objects unloaded after import = 3
========================================================================
Received Import Request.
  Time since last request: 0.000017 seconds.
  path: Assets/TextMesh Pro/Resources/TMP Settings.asset
  artifactKey: Guid(3f5b5dff67a942289a9defa416b206f3) Importer(2089858483,0ecaa5967403d082aa24f35e1b516d23)
Start importing Assets/TextMesh Pro/Resources/TMP Settings.asset using Guid(3f5b5dff67a942289a9defa416b206f3) Importer(2089858483,0ecaa5967403d082aa24f35e1b516d23) Generated GUIDs only implemented for interfaces!
 -> (artifact id: '1c0b64bbe8bd6fc165a485ef10ab8412') in 0.075458 seconds
Number of updated asset objects reloaded before import = 0
Number of asset objects unloaded after import = 15
========================================================================
Received Import Request.
  Time since last request: 0.000021 seconds.
  path: Assets/Dragon Warrior Files/Effects/explosion_05.png
  artifactKey: Guid(c485bf7f98f24494887a0db2d3fa19d9) Importer(2089858483,0ecaa5967403d082aa24f35e1b516d23)
Start importing Assets/Dragon Warrior Files/Effects/explosion_05.png using Guid(c485bf7f98f24494887a0db2d3fa19d9) Importer(2089858483,0ecaa5967403d082aa24f35e1b516d23) Generated GUIDs only implemented for interfaces!
 -> (artifact id: 'a394c445df5dbd956579fe0261204aaf') in 0.045426 seconds
Number of updated asset objects reloaded before import = 0
Number of asset objects unloaded after import = 3
========================================================================
Received Import Request.
  Time since last request: 0.000029 seconds.
  path: Assets/BayatGames/Free Platform Game Assets/Coin Animation/png/1024x128.png
  artifactKey: Guid(27fbd349247c8dc46a3112ada3a53fc7) Importer(2089858483,0ecaa5967403d082aa24f35e1b516d23)
Start importing Assets/BayatGames/Free Platform Game Assets/Coin Animation/png/1024x128.png using Guid(27fbd349247c8dc46a3112ada3a53fc7) Importer(2089858483,0ecaa5967403d082aa24f35e1b516d23) Generated GUIDs only implemented for interfaces!
 -> (artifact id: '5dadd4ba45a604e81ceaa4e3bf7388e4') in 0.045887 seconds
Number of updated asset objects reloaded before import = 0
Number of asset objects unloaded after import = 3
========================================================================
Received Import Request.
  Time since last request: 0.000020 seconds.
  path: Assets/Enemies/New Enemy ( Update 1.9 )/4x/Chain-1.png
  artifactKey: Guid(1c637a633579da943bf31f5a0ad80f74) Importer(2089858483,0ecaa5967403d082aa24f35e1b516d23)
Start importing Assets/Enemies/New Enemy ( Update 1.9 )/4x/Chain-1.png using Guid(1c637a633579da943bf31f5a0ad80f74) Importer(2089858483,0ecaa5967403d082aa24f35e1b516d23) Generated GUIDs only implemented for interfaces!
 -> (artifact id: 'b8c510ef9b06372ec3cc181caab69bd0') in 0.035772 seconds
Number of updated asset objects reloaded before import = 0
Number of asset objects unloaded after import = 3
========================================================================
Received Import Request.
  Time since last request: 0.000023 seconds.
  path: Assets/Enemies/New Enemy ( Update 1.9 )/2x/Mace.png
  artifactKey: Guid(2f893162463a6d84d998562113f9c138) Importer(2089858483,0ecaa5967403d082aa24f35e1b516d23)
Start importing Assets/Enemies/New Enemy ( Update 1.9 )/2x/Mace.png using Guid(2f893162463a6d84d998562113f9c138) Importer(2089858483,0ecaa5967403d082aa24f35e1b516d23) Generated GUIDs only implemented for interfaces!
 -> (artifact id: '5b9bf97015b78efdb92edb72eb82c1be') in 0.040051 seconds
Number of updated asset objects reloaded before import = 0
Number of asset objects unloaded after import = 3
========================================================================
Received Import Request.
  Time since last request: 0.000017 seconds.
  path: Assets/Enemies/New Enemy ( Update 1.9 )/4x/Chain-2.png
  artifactKey: Guid(c26cf37427640994791a6a4209b0dc18) Importer(2089858483,0ecaa5967403d082aa24f35e1b516d23)
Start importing Assets/Enemies/New Enemy ( Update 1.9 )/4x/Chain-2.png using Guid(c26cf37427640994791a6a4209b0dc18) Importer(2089858483,0ecaa5967403d082aa24f35e1b516d23) Generated GUIDs only implemented for interfaces!
 -> (artifact id: 'd3b78911f99b8d8aa27f6c6acaf5e0a2') in 0.045593 seconds
Number of updated asset objects reloaded before import = 0
Number of asset objects unloaded after import = 3
========================================================================
Received Import Request.
  Time since last request: 0.000022 seconds.
  path: Assets/Free 2D Cartoon Parallax Background/Demo/Script/BackgroundControl_0.cs
  artifactKey: Guid(f78d6bc8b9882e04e93c862c3a1be9ce) Importer(2089858483,0ecaa5967403d082aa24f35e1b516d23)
Start importing Assets/Free 2D Cartoon Parallax Background/Demo/Script/BackgroundControl_0.cs using Guid(f78d6bc8b9882e04e93c862c3a1be9ce) Importer(2089858483,0ecaa5967403d082aa24f35e1b516d23) Generated GUIDs only implemented for interfaces!
 -> (artifact id: '4b87440c26524cec20bfc4a5ae32eb04') in 0.015662 seconds
Number of updated asset objects reloaded before import = 0
Number of asset objects unloaded after import = 1
========================================================================
Received Import Request.
  Time since last request: 0.000021 seconds.
  path: Assets/TextMesh Pro/Resources/Fonts & Materials/LiberationSans SDF - Outline.mat
  artifactKey: Guid(79459efec17a4d00a321bdcc27bbc385) Importer(2089858483,0ecaa5967403d082aa24f35e1b516d23)
Start importing Assets/TextMesh Pro/Resources/Fonts & Materials/LiberationSans SDF - Outline.mat using Guid(79459efec17a4d00a321bdcc27bbc385) Importer(2089858483,0ecaa5967403d082aa24f35e1b516d23) Generated GUIDs only implemented for interfaces!
 -> (artifact id: '11ffc92ea8bf683927c89301f92ce317') in 0.045072 seconds
Number of updated asset objects reloaded before import = 0
Number of asset objects unloaded after import = 2
========================================================================
Received Import Request.
  Time since last request: 0.000020 seconds.
  path: Assets/2D Pixel Item Pack/No Outline/S_ItemNoOutline_ChestBlue_00.png
  artifactKey: Guid(8c834f188ef92ce438b51292419b06e9) Importer(2089858483,0ecaa5967403d082aa24f35e1b516d23)
Start importing Assets/2D Pixel Item Pack/No Outline/S_ItemNoOutline_ChestBlue_00.png using Guid(8c834f188ef92ce438b51292419b06e9) Importer(2089858483,0ecaa5967403d082aa24f35e1b516d23) Generated GUIDs only implemented for interfaces!
 -> (artifact id: '85b9a216ed3e1a02975e717522e14056') in 0.036683 seconds
Number of updated asset objects reloaded before import = 0
Number of asset objects unloaded after import = 3
========================================================================
Received Import Request.
  Time since last request: 0.000025 seconds.
  path: Assets/2D Pixel Item Pack/No Outline/S_ItemNoOutline_CoinPurple_00.png
  artifactKey: Guid(1d1094167457a3443b9d0d16e673aedf) Importer(2089858483,0ecaa5967403d082aa24f35e1b516d23)
Start importing Assets/2D Pixel Item Pack/No Outline/S_ItemNoOutline_CoinPurple_00.png using Guid(1d1094167457a3443b9d0d16e673aedf) Importer(2089858483,0ecaa5967403d082aa24f35e1b516d23) Generated GUIDs only implemented for interfaces!
 -> (artifact id: '08f6eefcebb605b7688a426db254660f') in 0.039896 seconds
Number of updated asset objects reloaded before import = 0
Number of asset objects unloaded after import = 3
========================================================================
Received Import Request.
  Time since last request: 0.000022 seconds.
  path: Assets/Enemies/Enemies/ai/Mace.ai
  artifactKey: Guid(e8de974d31acf9244a0a99c17d33b3bd) Importer(2089858483,0ecaa5967403d082aa24f35e1b516d23)
Start importing Assets/Enemies/Enemies/ai/Mace.ai using Guid(e8de974d31acf9244a0a99c17d33b3bd) Importer(2089858483,0ecaa5967403d082aa24f35e1b516d23) Generated GUIDs only implemented for interfaces!
 -> (artifact id: '67350cb3cdd3422871669417b0567a4d') in 0.012025 seconds
Number of updated asset objects reloaded before import = 0
Number of asset objects unloaded after import = 1
========================================================================
Received Import Request.
  Time since last request: 0.000021 seconds.
  path: Assets/Dragon Warrior Files/Dragon Warrior PNG/hurt_02.png
  artifactKey: Guid(c00d49e25087e51469846d2e22e2fa6d) Importer(2089858483,0ecaa5967403d082aa24f35e1b516d23)
Start importing Assets/Dragon Warrior Files/Dragon Warrior PNG/hurt_02.png using Guid(c00d49e25087e51469846d2e22e2fa6d) Importer(2089858483,0ecaa5967403d082aa24f35e1b516d23) Generated GUIDs only implemented for interfaces!
 -> (artifact id: 'b1890602ae88597dbc8c3d3cba5dd140') in 0.046212 seconds
Number of updated asset objects reloaded before import = 0
Number of asset objects unloaded after import = 3
========================================================================
Received Import Request.
  Time since last request: 0.000017 seconds.
  path: Assets/2D Pixel Item Pack/No Outline/S_ItemNoOutline_HeartPurple_00.png
  artifactKey: Guid(a826d8f2773ce71498b79a16bd520476) Importer(2089858483,0ecaa5967403d082aa24f35e1b516d23)
Start importing Assets/2D Pixel Item Pack/No Outline/S_ItemNoOutline_HeartPurple_00.png using Guid(a826d8f2773ce71498b79a16bd520476) Importer(2089858483,0ecaa5967403d082aa24f35e1b516d23) Generated GUIDs only implemented for interfaces!
 -> (artifact id: 'a92187064253cd03da664accf8f01450') in 0.039741 seconds
Number of updated asset objects reloaded before import = 0
Number of asset objects unloaded after import = 3
========================================================================
Received Import Request.
  Time since last request: 0.000025 seconds.
  path: Assets/2D Pixel Item Pack/Light Outline/S_ItemLightOutline_CoinRed_00.png
  artifactKey: Guid(4ca860b8f3d16674984a376c1401a32c) Importer(2089858483,0ecaa5967403d082aa24f35e1b516d23)
Start importing Assets/2D Pixel Item Pack/Light Outline/S_ItemLightOutline_CoinRed_00.png using Guid(4ca860b8f3d16674984a376c1401a32c) Importer(2089858483,0ecaa5967403d082aa24f35e1b516d23) Generated GUIDs only implemented for interfaces!
 -> (artifact id: 'ba6ca811cc9435b869cede138f014d03') in 0.034702 seconds
Number of updated asset objects reloaded before import = 0
Number of asset objects unloaded after import = 3
========================================================================
Received Import Request.
  Time since last request: 0.000044 seconds.
  path: Assets/Dragon Warrior Files/Dragon Warrior PNG/jumpATK_03.png
  artifactKey: Guid(f6e89433e48418f4e883f7e3ac6bbf67) Importer(2089858483,0ecaa5967403d082aa24f35e1b516d23)
Start importing Assets/Dragon Warrior Files/Dragon Warrior PNG/jumpATK_03.png using Guid(f6e89433e48418f4e883f7e3ac6bbf67) Importer(2089858483,0ecaa5967403d082aa24f35e1b516d23) Generated GUIDs only implemented for interfaces!
 -> (artifact id: 'cce194cfc3e9737e25d3a9cf902c1e3a') in 0.042766 seconds
Number of updated asset objects reloaded before import = 0
Number of asset objects unloaded after import = 3
========================================================================
Received Import Request.
  Time since last request: 0.000020 seconds.
  path: Assets/Dragon Warrior Files/Dragon Warrior PNG/die_003.png
  artifactKey: Guid(2d0a58967735e414e8ccd71cf74ba3f5) Importer(2089858483,0ecaa5967403d082aa24f35e1b516d23)
Start importing Assets/Dragon Warrior Files/Dragon Warrior PNG/die_003.png using Guid(2d0a58967735e414e8ccd71cf74ba3f5) Importer(2089858483,0ecaa5967403d082aa24f35e1b516d23) Generated GUIDs only implemented for interfaces!
 -> (artifact id: '65128c6dc73fbf2aa251d632888337d7') in 0.037809 seconds
Number of updated asset objects reloaded before import = 0
Number of asset objects unloaded after import = 3
========================================================================
Received Import Request.
  Time since last request: 0.000088 seconds.
  path: Assets/2D Pixel Item Pack/No Outline/S_ItemNoOutline_JarBlue_00.png
  artifactKey: Guid(4b8126ee70cabeb4b941822d4b03a950) Importer(2089858483,0ecaa5967403d082aa24f35e1b516d23)
Start importing Assets/2D Pixel Item Pack/No Outline/S_ItemNoOutline_JarBlue_00.png using Guid(4b8126ee70cabeb4b941822d4b03a950) Importer(2089858483,0ecaa5967403d082aa24f35e1b516d23) Generated GUIDs only implemented for interfaces!
 -> (artifact id: '2f3716f2f9efa04bf9adacc2e0a67b0f') in 0.038969 seconds
Number of updated asset objects reloaded before import = 0
Number of asset objects unloaded after import = 3
========================================================================
Received Import Request.
  Time since last request: 0.000022 seconds.
  path: Assets/Dragon Warrior Files/Dragon Warrior PNG/walk_01.png
  artifactKey: Guid(ec6024434cc0c7f4eb61be20590aef7f) Importer(2089858483,0ecaa5967403d082aa24f35e1b516d23)
Start importing Assets/Dragon Warrior Files/Dragon Warrior PNG/walk_01.png using Guid(ec6024434cc0c7f4eb61be20590aef7f) Importer(2089858483,0ecaa5967403d082aa24f35e1b516d23) Generated GUIDs only implemented for interfaces!
 -> (artifact id: 'ad71ab98581714d1a17e210ab7c1a9af') in 0.035097 seconds
Number of updated asset objects reloaded before import = 0
Number of asset objects unloaded after import = 3
========================================================================
Received Import Request.
  Time since last request: 0.000021 seconds.
  path: Assets/2D Pixel Item Pack/No Outline/S_ItemNoOutline_BarrelGreen_00.png
  artifactKey: Guid(3a0b183adf69954459137c4912bf9434) Importer(2089858483,0ecaa5967403d082aa24f35e1b516d23)
Start importing Assets/2D Pixel Item Pack/No Outline/S_ItemNoOutline_BarrelGreen_00.png using Guid(3a0b183adf69954459137c4912bf9434) Importer(2089858483,0ecaa5967403d082aa24f35e1b516d23) Generated GUIDs only implemented for interfaces!
 -> (artifact id: 'a45b134598065d508ed7953426e23885') in 0.034957 seconds
Number of updated asset objects reloaded before import = 0
Number of asset objects unloaded after import = 3
========================================================================
Received Import Request.
  Time since last request: 0.000021 seconds.
  path: Assets/Dragon Warrior Files/Effects/fireball_02.png
  artifactKey: Guid(e29ecfc679eed7f4886ea00aa8f39cb0) Importer(2089858483,0ecaa5967403d082aa24f35e1b516d23)
Start importing Assets/Dragon Warrior Files/Effects/fireball_02.png using Guid(e29ecfc679eed7f4886ea00aa8f39cb0) Importer(2089858483,0ecaa5967403d082aa24f35e1b516d23) Generated GUIDs only implemented for interfaces!
 -> (artifact id: '933b42754b3a6d31c97580c4a86a86af') in 0.044850 seconds
Number of updated asset objects reloaded before import = 0
Number of asset objects unloaded after import = 3
========================================================================
Received Import Request.
  Time since last request: 0.000017 seconds.
  path: Assets/Dragon Warrior Files/Effects/dashwind_04.png
  artifactKey: Guid(de9714f3b21127e4196ebe9bd2163252) Importer(2089858483,0ecaa5967403d082aa24f35e1b516d23)
Start importing Assets/Dragon Warrior Files/Effects/dashwind_04.png using Guid(de9714f3b21127e4196ebe9bd2163252) Importer(2089858483,0ecaa5967403d082aa24f35e1b516d23) Generated GUIDs only implemented for interfaces!
 -> (artifact id: '3bddf7daaefc295ef38f772e65f6b524') in 0.038920 seconds
Number of updated asset objects reloaded before import = 0
Number of asset objects unloaded after import = 3
========================================================================
Received Import Request.
  Time since last request: 0.000023 seconds.
  path: Assets/Enemies/New Enemy ( Update 1.9 )/2x/Square.png
  artifactKey: Guid(d5f2b47dad372334294dd5893b5e4ab1) Importer(2089858483,0ecaa5967403d082aa24f35e1b516d23)
Start importing Assets/Enemies/New Enemy ( Update 1.9 )/2x/Square.png using Guid(d5f2b47dad372334294dd5893b5e4ab1) Importer(2089858483,0ecaa5967403d082aa24f35e1b516d23) Generated GUIDs only implemented for interfaces!
 -> (artifact id: '372ea8de4fdb2500817d571c454e47cf') in 0.039759 seconds
Number of updated asset objects reloaded before import = 0
Number of asset objects unloaded after import = 3
========================================================================
Received Import Request.
  Time since last request: 0.000018 seconds.
  path: Assets/Dragon Warrior Files/Dragon Warrior PNG/die_002.png
  artifactKey: Guid(c96b02b971b0a4243881a4f47f4d3179) Importer(2089858483,0ecaa5967403d082aa24f35e1b516d23)
Start importing Assets/Dragon Warrior Files/Dragon Warrior PNG/die_002.png using Guid(c96b02b971b0a4243881a4f47f4d3179) Importer(2089858483,0ecaa5967403d082aa24f35e1b516d23) Generated GUIDs only implemented for interfaces!
 -> (artifact id: '4c378d0671a25f5c60923f02efc006fd') in 0.032716 seconds
Number of updated asset objects reloaded before import = 0
Number of asset objects unloaded after import = 3
========================================================================
Received Import Request.
  Time since last request: 0.000025 seconds.
  path: Assets/Enemies/New Enemy ( Update 1.9 )/2x/Chain-3.png
  artifactKey: Guid(fd99831ddb26a1844a2588a3b03a9152) Importer(2089858483,0ecaa5967403d082aa24f35e1b516d23)
Start importing Assets/Enemies/New Enemy ( Update 1.9 )/2x/Chain-3.png using Guid(fd99831ddb26a1844a2588a3b03a9152) Importer(2089858483,0ecaa5967403d082aa24f35e1b516d23) Generated GUIDs only implemented for interfaces!
 -> (artifact id: '398ecd6a3a94043a919a9c78b62159a3') in 0.039443 seconds
Number of updated asset objects reloaded before import = 0
Number of asset objects unloaded after import = 3
========================================================================
Received Import Request.
  Time since last request: 0.000018 seconds.
  path: Assets/Dragon Warrior Files/Effects/explosion_02.png
  artifactKey: Guid(10aa3a116ac3b5b48a4baafd59720ea2) Importer(2089858483,0ecaa5967403d082aa24f35e1b516d23)
Start importing Assets/Dragon Warrior Files/Effects/explosion_02.png using Guid(10aa3a116ac3b5b48a4baafd59720ea2) Importer(2089858483,0ecaa5967403d082aa24f35e1b516d23) Generated GUIDs only implemented for interfaces!
 -> (artifact id: 'd72c197611808e168e383727e36aaaef') in 0.046824 seconds
Number of updated asset objects reloaded before import = 0
Number of asset objects unloaded after import = 3
========================================================================
Received Import Request.
  Time since last request: 0.000055 seconds.
  path: Assets/2D Pixel Item Pack/No Outline/S_ItemNoOutline_CoinGreen_00.png
  artifactKey: Guid(9183feacbdb09714ab2b7fe8d652857a) Importer(2089858483,0ecaa5967403d082aa24f35e1b516d23)
Start importing Assets/2D Pixel Item Pack/No Outline/S_ItemNoOutline_CoinGreen_00.png using Guid(9183feacbdb09714ab2b7fe8d652857a) Importer(2089858483,0ecaa5967403d082aa24f35e1b516d23) Generated GUIDs only implemented for interfaces!
 -> (artifact id: '65890da4d58ac184a1daa114e8cadc48') in 0.038866 seconds
Number of updated asset objects reloaded before import = 0
Number of asset objects unloaded after import = 3
========================================================================
Received Import Request.
  Time since last request: 0.000019 seconds.
  path: Assets/2D Pixel Item Pack/Light Outline/S_ItemLightOutline_BarrelPurple_00.png
  artifactKey: Guid(fbe9cff0b2ea6864e81dcf18230686e8) Importer(2089858483,0ecaa5967403d082aa24f35e1b516d23)
Start importing Assets/2D Pixel Item Pack/Light Outline/S_ItemLightOutline_BarrelPurple_00.png using Guid(fbe9cff0b2ea6864e81dcf18230686e8) Importer(2089858483,0ecaa5967403d082aa24f35e1b516d23) Generated GUIDs only implemented for interfaces!
 -> (artifact id: '6a0a3bd5acaee93a028d4eb225995b2d') in 0.036135 seconds
Number of updated asset objects reloaded before import = 0
Number of asset objects unloaded after import = 3
========================================================================
Received Import Request.
  Time since last request: 0.000018 seconds.
  path: Assets/Free 2D Cartoon Parallax Background/3_Graveyard/Layer_0.png
  artifactKey: Guid(86f917da3ee3c69479ab74f43290683f) Importer(2089858483,0ecaa5967403d082aa24f35e1b516d23)
Start importing Assets/Free 2D Cartoon Parallax Background/3_Graveyard/Layer_0.png using Guid(86f917da3ee3c69479ab74f43290683f) Importer(2089858483,0ecaa5967403d082aa24f35e1b516d23) Generated GUIDs only implemented for interfaces!
 -> (artifact id: 'c148f315232272762ba6bab6dcaee166') in 0.046205 seconds
Number of updated asset objects reloaded before import = 0
Number of asset objects unloaded after import = 3
========================================================================
Received Import Request.
  Time since last request: 0.000023 seconds.
  path: Assets/Enemies/New Enemy ( Update 1.9 )/4x/2D Mac View/2D Mace View Body.png
  artifactKey: Guid(898c36d1feb1ee14faee2a8a8d8fc106) Importer(2089858483,0ecaa5967403d082aa24f35e1b516d23)
Start importing Assets/Enemies/New Enemy ( Update 1.9 )/4x/2D Mac View/2D Mace View Body.png using Guid(898c36d1feb1ee14faee2a8a8d8fc106) Importer(2089858483,0ecaa5967403d082aa24f35e1b516d23) Generated GUIDs only implemented for interfaces!
 -> (artifact id: '98973286cb6d2cbc6d88392f3c24ae71') in 0.056331 seconds
Number of updated asset objects reloaded before import = 0
Number of asset objects unloaded after import = 3
========================================================================
Received Import Request.
  Time since last request: 0.000023 seconds.
  path: Assets/BayatGames/Free Platform Game Assets/Water Animation/2.5D View/Water Animation.swf
  artifactKey: Guid(b44d36fe2b4f0e147b3a6ec03548ba59) Importer(2089858483,0ecaa5967403d082aa24f35e1b516d23)
Start importing Assets/BayatGames/Free Platform Game Assets/Water Animation/2.5D View/Water Animation.swf using Guid(b44d36fe2b4f0e147b3a6ec03548ba59) Importer(2089858483,0ecaa5967403d082aa24f35e1b516d23) Generated GUIDs only implemented for interfaces!
 -> (artifact id: 'aa7f2256a96a410cdc1ce8cc6b8ca602') in 0.012575 seconds
Number of updated asset objects reloaded before import = 0
Number of asset objects unloaded after import = 1
========================================================================
Received Import Request.
  Time since last request: 0.000033 seconds.
  path: Assets/Enemies/New Enemy ( Update 1.9 )/2x/2D Mac View/eye-3.png
  artifactKey: Guid(e0d8345b2eeb1e04f9c06b6f22a9860e) Importer(2089858483,0ecaa5967403d082aa24f35e1b516d23)
Start importing Assets/Enemies/New Enemy ( Update 1.9 )/2x/2D Mac View/eye-3.png using Guid(e0d8345b2eeb1e04f9c06b6f22a9860e) Importer(2089858483,0ecaa5967403d082aa24f35e1b516d23) Generated GUIDs only implemented for interfaces!
 -> (artifact id: '3469ddbaaf907dfb38e627d72654434c') in 0.043706 seconds
Number of updated asset objects reloaded before import = 0
Number of asset objects unloaded after import = 3
========================================================================
Received Import Request.
  Time since last request: 0.000021 seconds.
  path: Assets/Enemies/Enemies/png/256x256/Saw.png
  artifactKey: Guid(c7751e43ec9b50745985372bf2b0177b) Importer(2089858483,0ecaa5967403d082aa24f35e1b516d23)
Start importing Assets/Enemies/Enemies/png/256x256/Saw.png using Guid(c7751e43ec9b50745985372bf2b0177b) Importer(2089858483,0ecaa5967403d082aa24f35e1b516d23) Generated GUIDs only implemented for interfaces!
 -> (artifact id: 'f7bea26f28855148cb9aaafd63249b32') in 0.038728 seconds
Number of updated asset objects reloaded before import = 0
Number of asset objects unloaded after import = 3
========================================================================
Received Import Request.
  Time since last request: 0.000022 seconds.
  path: Assets/Enemies/Enemies/png/32x32/Spike_Left&Right.png
  artifactKey: Guid(3560cf5b0cd02ac47bfdf0db0469d4d4) Importer(2089858483,0ecaa5967403d082aa24f35e1b516d23)
Start importing Assets/Enemies/Enemies/png/32x32/Spike_Left&Right.png using Guid(3560cf5b0cd02ac47bfdf0db0469d4d4) Importer(2089858483,0ecaa5967403d082aa24f35e1b516d23) Generated GUIDs only implemented for interfaces!
 -> (artifact id: '75de813541dc271b9de21265bfd49fcd') in 0.044197 seconds
Number of updated asset objects reloaded before import = 0
Number of asset objects unloaded after import = 3
========================================================================
Received Import Request.
  Time since last request: 0.000022 seconds.
  path: Assets/BayatGames/Free Platform Game Assets/GUI ( Update 1.7 )/ai/Iconic Buttons.ai
  artifactKey: Guid(c7cdc2ace2fdc0b4a850d982e5b22d76) Importer(2089858483,0ecaa5967403d082aa24f35e1b516d23)
Start importing Assets/BayatGames/Free Platform Game Assets/GUI ( Update 1.7 )/ai/Iconic Buttons.ai using Guid(c7cdc2ace2fdc0b4a850d982e5b22d76) Importer(2089858483,0ecaa5967403d082aa24f35e1b516d23) Generated GUIDs only implemented for interfaces!
 -> (artifact id: 'de8bf3c40d9ac97bf40fee78f164f1c7') in 0.012160 seconds
Number of updated asset objects reloaded before import = 0
Number of asset objects unloaded after import = 1
========================================================================
Received Import Request.
  Time since last request: 0.000063 seconds.
  path: Assets/Enemies/Enemies/png/128x128/Mace.png
  artifactKey: Guid(e9b8e1622b3cc314396f4721ffd35a66) Importer(2089858483,0ecaa5967403d082aa24f35e1b516d23)
Start importing Assets/Enemies/Enemies/png/128x128/Mace.png using Guid(e9b8e1622b3cc314396f4721ffd35a66) Importer(2089858483,0ecaa5967403d082aa24f35e1b516d23) Generated GUIDs only implemented for interfaces!
 -> (artifact id: '984614642252f87faef67d67465636fe') in 0.041663 seconds
Number of updated asset objects reloaded before import = 0
Number of asset objects unloaded after import = 3
========================================================================
Received Import Request.
  Time since last request: 0.000021 seconds.
  path: Assets/BayatGames/Free Platform Game Assets/GUI ( Update 1.7 )/png/Elements512x256.png
  artifactKey: Guid(0a1addae9aac34447b1e890a7ae76292) Importer(2089858483,0ecaa5967403d082aa24f35e1b516d23)
Start importing Assets/BayatGames/Free Platform Game Assets/GUI ( Update 1.7 )/png/Elements512x256.png using Guid(0a1addae9aac34447b1e890a7ae76292) Importer(2089858483,0ecaa5967403d082aa24f35e1b516d23) Generated GUIDs only implemented for interfaces!
 -> (artifact id: '1bf24133ac6949ae63b7a1edb148f4d8') in 0.046129 seconds
Number of updated asset objects reloaded before import = 0
Number of asset objects unloaded after import = 3
========================================================================
Received Import Request.
  Time since last request: 0.000018 seconds.
  path: Assets/2D Pixel Item Pack/No Outline/S_ItemNoOutline_CoinRed_00.png
  artifactKey: Guid(ee180329dcbf39340894f49a646df1cd) Importer(2089858483,0ecaa5967403d082aa24f35e1b516d23)
Start importing Assets/2D Pixel Item Pack/No Outline/S_ItemNoOutline_CoinRed_00.png using Guid(ee180329dcbf39340894f49a646df1cd) Importer(2089858483,0ecaa5967403d082aa24f35e1b516d23) Generated GUIDs only implemented for interfaces!
 -> (artifact id: '11f09ed3fd2ffacc1cb63402425476f5') in 0.038975 seconds
Number of updated asset objects reloaded before import = 0
Number of asset objects unloaded after import = 3
========================================================================
Received Import Request.
  Time since last request: 0.000025 seconds.
  path: Assets/Dragon Warrior Files/Effects/explosion_01.png
  artifactKey: Guid(9c56ef6f982e8914daf8714d5bcd9cea) Importer(2089858483,0ecaa5967403d082aa24f35e1b516d23)
Start importing Assets/Dragon Warrior Files/Effects/explosion_01.png using Guid(9c56ef6f982e8914daf8714d5bcd9cea) Importer(2089858483,0ecaa5967403d082aa24f35e1b516d23) Generated GUIDs only implemented for interfaces!
 -> (artifact id: '378315b60eb66582904c57e70f879177') in 0.043935 seconds
Number of updated asset objects reloaded before import = 0
Number of asset objects unloaded after import = 3
========================================================================
Received Import Request.
  Time since last request: 0.000015 seconds.
  path: Assets/Free 2D Cartoon Parallax Background/!_Moutain/Layer_0.png
  artifactKey: Guid(ab01f61b3c6a46c4587ab9734c601f5a) Importer(2089858483,0ecaa5967403d082aa24f35e1b516d23)
Start importing Assets/Free 2D Cartoon Parallax Background/!_Moutain/Layer_0.png using Guid(ab01f61b3c6a46c4587ab9734c601f5a) Importer(2089858483,0ecaa5967403d082aa24f35e1b516d23) Generated GUIDs only implemented for interfaces!
 -> (artifact id: 'a93ce2ee70553422fc9e5f27b8be8ea8') in 0.044025 seconds
Number of updated asset objects reloaded before import = 0
Number of asset objects unloaded after import = 3
========================================================================
Received Import Request.
  Time since last request: 0.000016 seconds.
  path: Assets/Dragon Warrior Files/Dragon Warrior PNG/walk_05.png
  artifactKey: Guid(9306e39f0f362e24888908e2bc7ab52a) Importer(2089858483,0ecaa5967403d082aa24f35e1b516d23)
Start importing Assets/Dragon Warrior Files/Dragon Warrior PNG/walk_05.png using Guid(9306e39f0f362e24888908e2bc7ab52a) Importer(2089858483,0ecaa5967403d082aa24f35e1b516d23) Generated GUIDs only implemented for interfaces!
 -> (artifact id: '79e4286b123ec414c8d0bf083c06acde') in 0.033623 seconds
Number of updated asset objects reloaded before import = 0
Number of asset objects unloaded after import = 3
========================================================================
Received Import Request.
  Time since last request: 0.000020 seconds.
  path: Assets/BayatGames/Free Platform Game Assets/GUI ( Update 1.7 )/png/Empty512x512.png
  artifactKey: Guid(5ef3ca7e743290d448e5e48c3d4ebc9c) Importer(2089858483,0ecaa5967403d082aa24f35e1b516d23)
Start importing Assets/BayatGames/Free Platform Game Assets/GUI ( Update 1.7 )/png/Empty512x512.png using Guid(5ef3ca7e743290d448e5e48c3d4ebc9c) Importer(2089858483,0ecaa5967403d082aa24f35e1b516d23) Generated GUIDs only implemented for interfaces!
 -> (artifact id: 'b121383199efa93dc13e02889244506d') in 0.040443 seconds
Number of updated asset objects reloaded before import = 0
Number of asset objects unloaded after import = 3
========================================================================
Received Import Request.
  Time since last request: 0.000019 seconds.
  path: Assets/Dragon Warrior Files/Dragon Warrior PNG/flyKick_06.png
  artifactKey: Guid(dbbdc7d73ab9d7145b33c3e24c7a9087) Importer(2089858483,0ecaa5967403d082aa24f35e1b516d23)
Start importing Assets/Dragon Warrior Files/Dragon Warrior PNG/flyKick_06.png using Guid(dbbdc7d73ab9d7145b33c3e24c7a9087) Importer(2089858483,0ecaa5967403d082aa24f35e1b516d23) Generated GUIDs only implemented for interfaces!
 -> (artifact id: '1db6f72d423c50614a4ae18d23474392') in 0.045257 seconds
Number of updated asset objects reloaded before import = 0
Number of asset objects unloaded after import = 3
========================================================================
Received Import Request.
  Time since last request: 0.000020 seconds.
  path: Assets/Enemies/New Enemy ( Update 1.9 )/8x/Chain-1.png
  artifactKey: Guid(32d015e157dd8bb4a8c4755343c0d37b) Importer(2089858483,0ecaa5967403d082aa24f35e1b516d23)
Start importing Assets/Enemies/New Enemy ( Update 1.9 )/8x/Chain-1.png using Guid(32d015e157dd8bb4a8c4755343c0d37b) Importer(2089858483,0ecaa5967403d082aa24f35e1b516d23) Generated GUIDs only implemented for interfaces!
 -> (artifact id: 'f6d4e4d85744718c6569fe948f3f946d') in 0.045255 seconds
Number of updated asset objects reloaded before import = 0
Number of asset objects unloaded after import = 3
========================================================================
Received Import Request.
  Time since last request: 0.000025 seconds.
  path: Assets/Enemies/Enemies/eps/Saw.eps
  artifactKey: Guid(6deaf245f623f0b478a4795b3c338c31) Importer(2089858483,0ecaa5967403d082aa24f35e1b516d23)
Start importing Assets/Enemies/Enemies/eps/Saw.eps using Guid(6deaf245f623f0b478a4795b3c338c31) Importer(2089858483,0ecaa5967403d082aa24f35e1b516d23) Generated GUIDs only implemented for interfaces!
 -> (artifact id: '8c8305e2e9b34fd2a17a5b127a15e4f6') in 0.011223 seconds
Number of updated asset objects reloaded before import = 0
Number of asset objects unloaded after import = 1
========================================================================
Received Import Request.
  Time since last request: 0.000022 seconds.
  path: Assets/BayatGames/Free Platform Game Assets/GUI ( Update 1.7 )/eps/Level Select Sample.eps
  artifactKey: Guid(db38f2aa326c84d40b749a73ca45aaec) Importer(2089858483,0ecaa5967403d082aa24f35e1b516d23)
Start importing Assets/BayatGames/Free Platform Game Assets/GUI ( Update 1.7 )/eps/Level Select Sample.eps using Guid(db38f2aa326c84d40b749a73ca45aaec) Importer(2089858483,0ecaa5967403d082aa24f35e1b516d23) Generated GUIDs only implemented for interfaces!
 -> (artifact id: '71fb7723efab86a54d2bb03fd404fb79') in 0.009505 seconds
Number of updated asset objects reloaded before import = 0
Number of asset objects unloaded after import = 1
========================================================================
Received Import Request.
  Time since last request: 0.000126 seconds.
  path: Assets/Enemies/Enemies/png/32x32/Spike_Down.png
  artifactKey: Guid(4e7df43df38ac754f81eba8fc09b1931) Importer(2089858483,0ecaa5967403d082aa24f35e1b516d23)
Start importing Assets/Enemies/Enemies/png/32x32/Spike_Down.png using Guid(4e7df43df38ac754f81eba8fc09b1931) Importer(2089858483,0ecaa5967403d082aa24f35e1b516d23) Generated GUIDs only implemented for interfaces!
 -> (artifact id: '0aae11dd6f8a4eb061d6bf2d71168861') in 0.046185 seconds
Number of updated asset objects reloaded before import = 0
Number of asset objects unloaded after import = 3
========================================================================
Received Import Request.
  Time since last request: 0.000025 seconds.
  path: Assets/TextMesh Pro/Resources/Fonts & Materials/LiberationSans SDF - Drop Shadow.mat
  artifactKey: Guid(e73a58f6e2794ae7b1b7e50b7fb811b0) Importer(2089858483,0ecaa5967403d082aa24f35e1b516d23)
Start importing Assets/TextMesh Pro/Resources/Fonts & Materials/LiberationSans SDF - Drop Shadow.mat using Guid(e73a58f6e2794ae7b1b7e50b7fb811b0) Importer(2089858483,0ecaa5967403d082aa24f35e1b516d23) Generated GUIDs only implemented for interfaces!
 -> (artifact id: '0d56d4318c5b9ba2728f2f5148635683') in 0.036954 seconds
Number of updated asset objects reloaded before import = 0
Number of asset objects unloaded after import = 2
========================================================================
Received Import Request.
  Time since last request: 0.000021 seconds.
  path: Assets/Poignant Symphony Music Modules/MP3s/Read Me/PoignantSymphonyMusicModulesDocumentation.pdf
  artifactKey: Guid(166cf97a0a871e44fa322a7d9ea797de) Importer(2089858483,0ecaa5967403d082aa24f35e1b516d23)
Start importing Assets/Poignant Symphony Music Modules/MP3s/Read Me/PoignantSymphonyMusicModulesDocumentation.pdf using Guid(166cf97a0a871e44fa322a7d9ea797de) Importer(2089858483,0ecaa5967403d082aa24f35e1b516d23) Generated GUIDs only implemented for interfaces!
 -> (artifact id: '2e14275d4e136f2e00e1bab7cf111ac2') in 0.011411 seconds
Number of updated asset objects reloaded before import = 0
Number of asset objects unloaded after import = 1
========================================================================
Received Import Request.
  Time since last request: 0.000068 seconds.
  path: Assets/TextMesh Pro/Sprites/EmojiOne.json
  artifactKey: Guid(8f05276190cf498a8153f6cbe761d4e6) Importer(2089858483,0ecaa5967403d082aa24f35e1b516d23)
Start importing Assets/TextMesh Pro/Sprites/EmojiOne.json using Guid(8f05276190cf498a8153f6cbe761d4e6) Importer(2089858483,0ecaa5967403d082aa24f35e1b516d23) Generated GUIDs only implemented for interfaces!
 -> (artifact id: '633f9d531804c844abd22abc69bd2e69') in 0.011632 seconds
Number of updated asset objects reloaded before import = 0
Number of asset objects unloaded after import = 1
========================================================================
Received Import Request.
  Time since last request: 0.000023 seconds.
  path: Assets/BayatGames/Free Platform Game Assets/GUI ( Update 1.7 )/png/Empty1024x1024.png
  artifactKey: Guid(54b664ca75dbece4ea3a07f76313b928) Importer(2089858483,0ecaa5967403d082aa24f35e1b516d23)
Start importing Assets/BayatGames/Free Platform Game Assets/GUI ( Update 1.7 )/png/Empty1024x1024.png using Guid(54b664ca75dbece4ea3a07f76313b928) Importer(2089858483,0ecaa5967403d082aa24f35e1b516d23) Generated GUIDs only implemented for interfaces!
 -> (artifact id: 'c3e169ca36ef066ae330e4e6c1d47737') in 0.045301 seconds
Number of updated asset objects reloaded before import = 0
Number of asset objects unloaded after import = 3
========================================================================
Received Import Request.
  Time since last request: 0.000018 seconds.
  path: Assets/Enemies/Enemies/png/256x256/Eyelid 256.png
  artifactKey: Guid(83b690a3a84ed4a409fc005170af0c97) Importer(2089858483,0ecaa5967403d082aa24f35e1b516d23)
Start importing Assets/Enemies/Enemies/png/256x256/Eyelid 256.png using Guid(83b690a3a84ed4a409fc005170af0c97) Importer(2089858483,0ecaa5967403d082aa24f35e1b516d23) Generated GUIDs only implemented for interfaces!
 -> (artifact id: 'd9c231cdbde3ada3fa6ab1b96392f375') in 0.042544 seconds
Number of updated asset objects reloaded before import = 0
Number of asset objects unloaded after import = 3
========================================================================
Received Import Request.
  Time since last request: 0.000019 seconds.
  path: Assets/Enemies/New Enemy ( Update 1.9 )/4x/Circle.png
  artifactKey: Guid(fee750d985061a749ac85f5e5bcd989e) Importer(2089858483,0ecaa5967403d082aa24f35e1b516d23)
Start importing Assets/Enemies/New Enemy ( Update 1.9 )/4x/Circle.png using Guid(fee750d985061a749ac85f5e5bcd989e) Importer(2089858483,0ecaa5967403d082aa24f35e1b516d23) Generated GUIDs only implemented for interfaces!
 -> (artifact id: '300feb4a183901c48cce057a9d68b218') in 0.045481 seconds
Number of updated asset objects reloaded before import = 0
Number of asset objects unloaded after import = 3
========================================================================
Received Import Request.
  Time since last request: 0.000032 seconds.
  path: Assets/Enemies/Enemies/png/512x512/eye 512.png
  artifactKey: Guid(0427901dc915f874ebdc1a20db9fcd2a) Importer(2089858483,0ecaa5967403d082aa24f35e1b516d23)
Start importing Assets/Enemies/Enemies/png/512x512/eye 512.png using Guid(0427901dc915f874ebdc1a20db9fcd2a) Importer(2089858483,0ecaa5967403d082aa24f35e1b516d23) Generated GUIDs only implemented for interfaces!
 -> (artifact id: '1433fdac761eccd0719cca5b55d058f9') in 0.049167 seconds
Number of updated asset objects reloaded before import = 0
Number of asset objects unloaded after import = 3
========================================================================
Received Import Request.
  Time since last request: 0.000021 seconds.
  path: Assets/Enemies/New Enemy ( Update 1.9 )/2x/2D Mac View/eye-4.png
  artifactKey: Guid(ea1208ff98e8e6340b8d2fdfbdb6a0c9) Importer(2089858483,0ecaa5967403d082aa24f35e1b516d23)
Start importing Assets/Enemies/New Enemy ( Update 1.9 )/2x/2D Mac View/eye-4.png using Guid(ea1208ff98e8e6340b8d2fdfbdb6a0c9) Importer(2089858483,0ecaa5967403d082aa24f35e1b516d23) Generated GUIDs only implemented for interfaces!
 -> (artifact id: 'dbe930d91260efa30abdb1d5b73d1700') in 0.042676 seconds
Number of updated asset objects reloaded before import = 0
Number of asset objects unloaded after import = 3
========================================================================
Received Import Request.
  Time since last request: 0.000021 seconds.
  path: Assets/BayatGames/Free Platform Game Assets/Character/Character Source/eps/Character.eps
  artifactKey: Guid(2470a02fdfb11d04e9bca27634e43084) Importer(2089858483,0ecaa5967403d082aa24f35e1b516d23)
Start importing Assets/BayatGames/Free Platform Game Assets/Character/Character Source/eps/Character.eps using Guid(2470a02fdfb11d04e9bca27634e43084) Importer(2089858483,0ecaa5967403d082aa24f35e1b516d23) Generated GUIDs only implemented for interfaces!
 -> (artifact id: '5902e78e5109e28a5561c363479f1810') in 0.010805 seconds
Number of updated asset objects reloaded before import = 0
Number of asset objects unloaded after import = 1
========================================================================
Received Import Request.
  Time since last request: 0.000022 seconds.
  path: Assets/BayatGames/Free Platform Game Assets/Coin Animation/png/2x/image 10.png
  artifactKey: Guid(bfdb508608e20c14a84a06ee5d00795b) Importer(2089858483,0ecaa5967403d082aa24f35e1b516d23)
Start importing Assets/BayatGames/Free Platform Game Assets/Coin Animation/png/2x/image 10.png using Guid(bfdb508608e20c14a84a06ee5d00795b) Importer(2089858483,0ecaa5967403d082aa24f35e1b516d23) Generated GUIDs only implemented for interfaces!
 -> (artifact id: '73f802fa2e21e33559bbdf79125d2675') in 0.038372 seconds
Number of updated asset objects reloaded before import = 0
Number of asset objects unloaded after import = 3
========================================================================
Received Import Request.
  Time since last request: 0.000018 seconds.
  path: Assets/Enemies/New Enemy ( Update 1.9 )/8x/2D Mace View/2D Mace View.png
  artifactKey: Guid(8901a79ef817b2649b877d6b3bb5370f) Importer(2089858483,0ecaa5967403d082aa24f35e1b516d23)
Start importing Assets/Enemies/New Enemy ( Update 1.9 )/8x/2D Mace View/2D Mace View.png using Guid(8901a79ef817b2649b877d6b3bb5370f) Importer(2089858483,0ecaa5967403d082aa24f35e1b516d23) Generated GUIDs only implemented for interfaces!
 -> (artifact id: '021c61db746769463714b57c3456aa6f') in 0.094923 seconds
Number of updated asset objects reloaded before import = 0
Number of asset objects unloaded after import = 3
========================================================================
Received Import Request.
  Time since last request: 0.000025 seconds.
  path: Assets/BayatGames/Free Platform Game Assets/Chests/New Chests ( Update 1.8.5 )/eps/New Chest.eps
  artifactKey: Guid(51a7b831b16e17043a55f8b3f51e7707) Importer(2089858483,0ecaa5967403d082aa24f35e1b516d23)
Start importing Assets/BayatGames/Free Platform Game Assets/Chests/New Chests ( Update 1.8.5 )/eps/New Chest.eps using Guid(51a7b831b16e17043a55f8b3f51e7707) Importer(2089858483,0ecaa5967403d082aa24f35e1b516d23) Generated GUIDs only implemented for interfaces!
 -> (artifact id: 'da922651a3f8c5eefa41a7c92ce17734') in 0.011542 seconds
Number of updated asset objects reloaded before import = 0
Number of asset objects unloaded after import = 1
========================================================================
Received Import Request.
  Time since last request: 0.000036 seconds.
  path: Assets/BayatGames/Free Platform Game Assets/Coin Animation/png/2x/image 5.png
  artifactKey: Guid(93932efaf072000449ce4c111911cfe3) Importer(2089858483,0ecaa5967403d082aa24f35e1b516d23)
Start importing Assets/BayatGames/Free Platform Game Assets/Coin Animation/png/2x/image 5.png using Guid(93932efaf072000449ce4c111911cfe3) Importer(2089858483,0ecaa5967403d082aa24f35e1b516d23) Generated GUIDs only implemented for interfaces!
 -> (artifact id: 'd4152023b2a92b08408100d1c0d141f7') in 0.033848 seconds
Number of updated asset objects reloaded before import = 0
Number of asset objects unloaded after import = 3
========================================================================
Received Import Request.
  Time since last request: 0.000017 seconds.
  path: Assets/BayatGames/Free Platform Game Assets/Chests/Chest/eps/Chest.eps
  artifactKey: Guid(b949ce31701d4ca4390e03cdc15e1dcc) Importer(2089858483,0ecaa5967403d082aa24f35e1b516d23)
Start importing Assets/BayatGames/Free Platform Game Assets/Chests/Chest/eps/Chest.eps using Guid(b949ce31701d4ca4390e03cdc15e1dcc) Importer(2089858483,0ecaa5967403d082aa24f35e1b516d23) Generated GUIDs only implemented for interfaces!
 -> (artifact id: 'a3c4946675871aa0addc3b4ad75b1ced') in 0.010828 seconds
Number of updated asset objects reloaded before import = 0
Number of asset objects unloaded after import = 1
========================================================================
Received Import Request.
  Time since last request: 0.000403 seconds.
  path: Assets/Enemies/New Enemy ( Update 1.9 )/4x/2D Mac View/eye-2.png
  artifactKey: Guid(85c6153580da537429fdc0e78b6c4556) Importer(2089858483,0ecaa5967403d082aa24f35e1b516d23)
Start importing Assets/Enemies/New Enemy ( Update 1.9 )/4x/2D Mac View/eye-2.png using Guid(85c6153580da537429fdc0e78b6c4556) Importer(2089858483,0ecaa5967403d082aa24f35e1b516d23) Generated GUIDs only implemented for interfaces!
 -> (artifact id: 'c32282075706ad4739b1aa8bae851102') in 0.045719 seconds
Number of updated asset objects reloaded before import = 0
Number of asset objects unloaded after import = 3
========================================================================
Received Import Request.
  Time since last request: 0.000019 seconds.
  path: Assets/BayatGames/Free Platform Game Assets/Coin Animation/png/2x/image 16.png
  artifactKey: Guid(570f426f740c2c5499e2f9670c12598a) Importer(2089858483,0ecaa5967403d082aa24f35e1b516d23)
Start importing Assets/BayatGames/Free Platform Game Assets/Coin Animation/png/2x/image 16.png using Guid(570f426f740c2c5499e2f9670c12598a) Importer(2089858483,0ecaa5967403d082aa24f35e1b516d23) Generated GUIDs only implemented for interfaces!
 -> (artifact id: '09a5d33f57074137142ba39df1d499e9') in 0.041265 seconds
Number of updated asset objects reloaded before import = 0
Number of asset objects unloaded after import = 3
========================================================================
Received Import Request.
  Time since last request: 0.000021 seconds.
  path: Assets/BayatGames/Free Platform Game Assets/Coin Animation/png/2x/image 6.png
  artifactKey: Guid(c925826c0552cf549a3f1123cae8db5b) Importer(2089858483,0ecaa5967403d082aa24f35e1b516d23)
Start importing Assets/BayatGames/Free Platform Game Assets/Coin Animation/png/2x/image 6.png using Guid(c925826c0552cf549a3f1123cae8db5b) Importer(2089858483,0ecaa5967403d082aa24f35e1b516d23) Generated GUIDs only implemented for interfaces!
 -> (artifact id: '19ebd011e326c92b277c7887954d0227') in 0.038557 seconds
Number of updated asset objects reloaded before import = 0
Number of asset objects unloaded after import = 3
========================================================================
Received Import Request.
  Time since last request: 0.000023 seconds.
  path: Assets/BayatGames/Free Platform Game Assets/Coin Animation/png/2x/Coin.png
  artifactKey: Guid(5ed5157cf45e6ee409511594fb89377b) Importer(2089858483,0ecaa5967403d082aa24f35e1b516d23)
Start importing Assets/BayatGames/Free Platform Game Assets/Coin Animation/png/2x/Coin.png using Guid(5ed5157cf45e6ee409511594fb89377b) Importer(2089858483,0ecaa5967403d082aa24f35e1b516d23) Generated GUIDs only implemented for interfaces!
 -> (artifact id: '4987900d213f2e5cd77a584436c63e78') in 0.040935 seconds
Number of updated asset objects reloaded before import = 0
Number of asset objects unloaded after import = 3
========================================================================
Received Import Request.
  Time since last request: 0.000019 seconds.
  path: Assets/BayatGames/Free Platform Game Assets/Coin Animation/png/2x/image 13.png
  artifactKey: Guid(4188406557eaca0488459eba94278250) Importer(2089858483,0ecaa5967403d082aa24f35e1b516d23)
Start importing Assets/BayatGames/Free Platform Game Assets/Coin Animation/png/2x/image 13.png using Guid(4188406557eaca0488459eba94278250) Importer(2089858483,0ecaa5967403d082aa24f35e1b516d23) Generated GUIDs only implemented for interfaces!
 -> (artifact id: '3b884077442b81f3645a4a221025ded7') in 0.044839 seconds
Number of updated asset objects reloaded before import = 0
Number of asset objects unloaded after import = 3
========================================================================
Received Import Request.
  Time since last request: 0.000025 seconds.
  path: Assets/BayatGames/Free Platform Game Assets/Character/Character Animation ( Update 1.8 )/Run/1x.png
  artifactKey: Guid(a407a3b3fefdc4b4595de46072f1ba58) Importer(2089858483,0ecaa5967403d082aa24f35e1b516d23)
Start importing Assets/BayatGames/Free Platform Game Assets/Character/Character Animation ( Update 1.8 )/Run/1x.png using Guid(a407a3b3fefdc4b4595de46072f1ba58) Importer(2089858483,0ecaa5967403d082aa24f35e1b516d23) Generated GUIDs only implemented for interfaces!
 -> (artifact id: '5c352afca96f12508b0acac02ed7f237') in 0.040291 seconds
Number of updated asset objects reloaded before import = 0
Number of asset objects unloaded after import = 3
========================================================================
Received Import Request.
  Time since last request: 0.000017 seconds.
  path: Assets/BayatGames/Free Platform Game Assets/Backgrounds/Background/eps/Clouds.eps
  artifactKey: Guid(9e269eac19d3a1f408bed25a0d6620c7) Importer(2089858483,0ecaa5967403d082aa24f35e1b516d23)
Start importing Assets/BayatGames/Free Platform Game Assets/Backgrounds/Background/eps/Clouds.eps using Guid(9e269eac19d3a1f408bed25a0d6620c7) Importer(2089858483,0ecaa5967403d082aa24f35e1b516d23) Generated GUIDs only implemented for interfaces!
 -> (artifact id: '30a551777a9b01285734d5feb1e8af83') in 0.012142 seconds
Number of updated asset objects reloaded before import = 0
Number of asset objects unloaded after import = 1
========================================================================
Received Import Request.
  Time since last request: 0.000020 seconds.
  path: Assets/BayatGames/Free Platform Game Assets/Backgrounds/New Background ( Update 1.7 )/ai/NewBackground1920x1080.ai
  artifactKey: Guid(121e12df55a087f47b44a095f2df0a46) Importer(2089858483,0ecaa5967403d082aa24f35e1b516d23)
Start importing Assets/BayatGames/Free Platform Game Assets/Backgrounds/New Background ( Update 1.7 )/ai/NewBackground1920x1080.ai using Guid(121e12df55a087f47b44a095f2df0a46) Importer(2089858483,0ecaa5967403d082aa24f35e1b516d23) Generated GUIDs only implemented for interfaces!
 -> (artifact id: '0cd0452cb6099b20da227d3a27dd82ab') in 0.011720 seconds
Number of updated asset objects reloaded before import = 0
Number of asset objects unloaded after import = 1
========================================================================
Received Import Request.
  Time since last request: 0.000018 seconds.
  path: Assets/BayatGames/Free Platform Game Assets/Character/Character Animation ( Update 1.8 )/Run/2x.png
  artifactKey: Guid(2b22e58cf7fbd7946b874f61d6cbbebc) Importer(2089858483,0ecaa5967403d082aa24f35e1b516d23)
Start importing Assets/BayatGames/Free Platform Game Assets/Character/Character Animation ( Update 1.8 )/Run/2x.png using Guid(2b22e58cf7fbd7946b874f61d6cbbebc) Importer(2089858483,0ecaa5967403d082aa24f35e1b516d23) Generated GUIDs only implemented for interfaces!
 -> (artifact id: '5e47f65079181c8d1edde9cbd7edcd25') in 0.039841 seconds
Number of updated asset objects reloaded before import = 0
Number of asset objects unloaded after import = 3
========================================================================
Received Import Request.
  Time since last request: 0.000022 seconds.
  path: Assets/BayatGames/Free Platform Game Assets/Coin Animation/png/2x/image 3.png
  artifactKey: Guid(01f2715068a32f44a99ba474fbf74cdf) Importer(2089858483,0ecaa5967403d082aa24f35e1b516d23)
Start importing Assets/BayatGames/Free Platform Game Assets/Coin Animation/png/2x/image 3.png using Guid(01f2715068a32f44a99ba474fbf74cdf) Importer(2089858483,0ecaa5967403d082aa24f35e1b516d23) Generated GUIDs only implemented for interfaces!
 -> (artifact id: '7531ad0ab8e82f92b86186bfe50e884e') in 0.037472 seconds
Number of updated asset objects reloaded before import = 0
Number of asset objects unloaded after import = 3
========================================================================
Received Import Request.
  Time since last request: 0.000018 seconds.
  path: Assets/Enemies/Enemies/png/256x256/Mace.png
  artifactKey: Guid(a38f2f3a00fc7e94f910aacead30a1f0) Importer(2089858483,0ecaa5967403d082aa24f35e1b516d23)
Start importing Assets/Enemies/Enemies/png/256x256/Mace.png using Guid(a38f2f3a00fc7e94f910aacead30a1f0) Importer(2089858483,0ecaa5967403d082aa24f35e1b516d23) Generated GUIDs only implemented for interfaces!
 -> (artifact id: 'b0edaefebf2f8d6edcc0e837b1a275d4') in 0.032694 seconds
Number of updated asset objects reloaded before import = 0
Number of asset objects unloaded after import = 3
========================================================================
Received Import Request.
  Time since last request: 0.000018 seconds.
  path: Assets/Enemies/Enemies/png/256x256/Mac 256.png
  artifactKey: Guid(c7879d290f7325a418ae4d1f02aa1311) Importer(2089858483,0ecaa5967403d082aa24f35e1b516d23)
Start importing Assets/Enemies/Enemies/png/256x256/Mac 256.png using Guid(c7879d290f7325a418ae4d1f02aa1311) Importer(2089858483,0ecaa5967403d082aa24f35e1b516d23) Generated GUIDs only implemented for interfaces!
 -> (artifact id: 'b3328f56f3a7a4110a62ad2cc201406b') in 0.046210 seconds
Number of updated asset objects reloaded before import = 0
Number of asset objects unloaded after import = 3
========================================================================
Received Import Request.
  Time since last request: 0.000018 seconds.
  path: Assets/Enemies/Enemies/png/128x128/Saw.png
  artifactKey: Guid(613b14988f467df4dbaefa49d7784a6c) Importer(2089858483,0ecaa5967403d082aa24f35e1b516d23)
Start importing Assets/Enemies/Enemies/png/128x128/Saw.png using Guid(613b14988f467df4dbaefa49d7784a6c) Importer(2089858483,0ecaa5967403d082aa24f35e1b516d23) Generated GUIDs only implemented for interfaces!
 -> (artifact id: 'e0a27be1e5483acc5e494122a3e92e1a') in 0.042131 seconds
Number of updated asset objects reloaded before import = 0
Number of asset objects unloaded after import = 3
========================================================================
Received Import Request.
  Time since last request: 0.000024 seconds.
  path: Assets/Free 2D Cartoon Parallax Background/2_Desert/Layer_3.png
  artifactKey: Guid(b5b8e73cc720ab446a25f00fc5ae7dc6) Importer(2089858483,0ecaa5967403d082aa24f35e1b516d23)
Start importing Assets/Free 2D Cartoon Parallax Background/2_Desert/Layer_3.png using Guid(b5b8e73cc720ab446a25f00fc5ae7dc6) Importer(2089858483,0ecaa5967403d082aa24f35e1b516d23) Generated GUIDs only implemented for interfaces!
 -> (artifact id: '18587d22d629a3d2c3f384827deb35d2') in 0.042937 seconds
Number of updated asset objects reloaded before import = 0
Number of asset objects unloaded after import = 3
========================================================================
Received Import Request.
  Time since last request: 0.000023 seconds.
  path: Assets/Dragon Warrior Files/Dragon Warrior PNG/crouch_02.png
  artifactKey: Guid(4712c1ad024e03b4c97cf0683831cff8) Importer(2089858483,0ecaa5967403d082aa24f35e1b516d23)
Start importing Assets/Dragon Warrior Files/Dragon Warrior PNG/crouch_02.png using Guid(4712c1ad024e03b4c97cf0683831cff8) Importer(2089858483,0ecaa5967403d082aa24f35e1b516d23) Generated GUIDs only implemented for interfaces!
 -> (artifact id: 'ea44c108a3ce4aedee654a112dbdbb42') in 0.045048 seconds
Number of updated asset objects reloaded before import = 0
Number of asset objects unloaded after import = 3
========================================================================
Received Import Request.
  Time since last request: 0.000017 seconds.
  path: Assets/BayatGames/Free Platform Game Assets/Coin Animation/png/4x/Coin.png
  artifactKey: Guid(c1ce1be65fa901744898a224b57aa5aa) Importer(2089858483,0ecaa5967403d082aa24f35e1b516d23)
Start importing Assets/BayatGames/Free Platform Game Assets/Coin Animation/png/4x/Coin.png using Guid(c1ce1be65fa901744898a224b57aa5aa) Importer(2089858483,0ecaa5967403d082aa24f35e1b516d23) Generated GUIDs only implemented for interfaces!
 -> (artifact id: '9750c877ac79e076f01314c0f31c80d5') in 0.042941 seconds
Number of updated asset objects reloaded before import = 0
Number of asset objects unloaded after import = 3
========================================================================
Received Import Request.
  Time since last request: 0.000017 seconds.
  path: Assets/BayatGames/Free Platform Game Assets/Chests/New Chests ( Update 1.8.5 )/ai/New Chest.ai
  artifactKey: Guid(c600cf1e8dc006a48a6bd7b5d31b6c68) Importer(2089858483,0ecaa5967403d082aa24f35e1b516d23)
Start importing Assets/BayatGames/Free Platform Game Assets/Chests/New Chests ( Update 1.8.5 )/ai/New Chest.ai using Guid(c600cf1e8dc006a48a6bd7b5d31b6c68) Importer(2089858483,0ecaa5967403d082aa24f35e1b516d23) Generated GUIDs only implemented for interfaces!
 -> (artifact id: 'c4dc51baf71498b04ed0bd88b79effc9') in 0.011635 seconds
Number of updated asset objects reloaded before import = 0
Number of asset objects unloaded after import = 1
========================================================================
Received Import Request.
  Time since last request: 0.000143 seconds.
  path: Assets/BayatGames/Free Platform Game Assets/Coin Animation/png/2x/image 7.png
  artifactKey: Guid(01139edbf108bde4aa26ebc3d05c3025) Importer(2089858483,0ecaa5967403d082aa24f35e1b516d23)
Start importing Assets/BayatGames/Free Platform Game Assets/Coin Animation/png/2x/image 7.png using Guid(01139edbf108bde4aa26ebc3d05c3025) Importer(2089858483,0ecaa5967403d082aa24f35e1b516d23) Generated GUIDs only implemented for interfaces!
 -> (artifact id: '40a2cba787e09f54e529c759524b6938') in 0.040374 seconds
Number of updated asset objects reloaded before import = 0
Number of asset objects unloaded after import = 3
========================================================================
Received Import Request.
  Time since last request: 0.000019 seconds.
  path: Assets/BayatGames/Free Platform Game Assets/Coin Animation/png/4x/image 2.png
  artifactKey: Guid(ac79edb4a68fd7a4da7bc63aa65ceda3) Importer(2089858483,0ecaa5967403d082aa24f35e1b516d23)
Start importing Assets/BayatGames/Free Platform Game Assets/Coin Animation/png/4x/image 2.png using Guid(ac79edb4a68fd7a4da7bc63aa65ceda3) Importer(2089858483,0ecaa5967403d082aa24f35e1b516d23) Generated GUIDs only implemented for interfaces!
 -> (artifact id: '6d37881f478c235d639d985d65014dd0') in 0.048615 seconds
Number of updated asset objects reloaded before import = 0
Number of asset objects unloaded after import = 3
========================================================================
Received Import Request.
  Time since last request: 0.000028 seconds.
  path: Assets/BayatGames/Free Platform Game Assets/Coin Animation/png/4x/image 12.png
  artifactKey: Guid(798cfdc6e87910449ae9c27bfd993a1d) Importer(2089858483,0ecaa5967403d082aa24f35e1b516d23)
Start importing Assets/BayatGames/Free Platform Game Assets/Coin Animation/png/4x/image 12.png using Guid(798cfdc6e87910449ae9c27bfd993a1d) Importer(2089858483,0ecaa5967403d082aa24f35e1b516d23) Generated GUIDs only implemented for interfaces!
 -> (artifact id: '869dbf4ddb777b77abb67225dde04dd5') in 0.046714 seconds
Number of updated asset objects reloaded before import = 0
Number of asset objects unloaded after import = 3
========================================================================
Received Import Request.
  Time since last request: 0.000026 seconds.
  path: Assets/BayatGames/Free Platform Game Assets/Environments/New Details ( Update 1.9 )/2x/Autumn Bush.png
  artifactKey: Guid(a295202cb7658cf4b858a3bfe8e5e0c5) Importer(2089858483,0ecaa5967403d082aa24f35e1b516d23)
Start importing Assets/BayatGames/Free Platform Game Assets/Environments/New Details ( Update 1.9 )/2x/Autumn Bush.png using Guid(a295202cb7658cf4b858a3bfe8e5e0c5) Importer(2089858483,0ecaa5967403d082aa24f35e1b516d23) Generated GUIDs only implemented for interfaces!
 -> (artifact id: '85188180e23798429d7a92928855b39d') in 0.050329 seconds
Number of updated asset objects reloaded before import = 0
Number of asset objects unloaded after import = 3
========================================================================
Received Import Request.
  Time since last request: 0.000017 seconds.
  path: Assets/BayatGames/Free Platform Game Assets/Environments/New Details ( Update 1.9 )/8x/Flower-3.png
  artifactKey: Guid(b356bb7778e1fa248a61d541e70edad9) Importer(2089858483,0ecaa5967403d082aa24f35e1b516d23)
Start importing Assets/BayatGames/Free Platform Game Assets/Environments/New Details ( Update 1.9 )/8x/Flower-3.png using Guid(b356bb7778e1fa248a61d541e70edad9) Importer(2089858483,0ecaa5967403d082aa24f35e1b516d23) Generated GUIDs only implemented for interfaces!
 -> (artifact id: '2f124e1e956b5424c940ba6e6bcb9407') in 0.047825 seconds
Number of updated asset objects reloaded before import = 0
Number of asset objects unloaded after import = 3
========================================================================
Received Import Request.
  Time since last request: 0.000018 seconds.
  path: Assets/BayatGames/Free Platform Game Assets/Coin Animation/png/4x/image 7.png
  artifactKey: Guid(0c5c22c50752aee428a39dd980122f38) Importer(2089858483,0ecaa5967403d082aa24f35e1b516d23)
Start importing Assets/BayatGames/Free Platform Game Assets/Coin Animation/png/4x/image 7.png using Guid(0c5c22c50752aee428a39dd980122f38) Importer(2089858483,0ecaa5967403d082aa24f35e1b516d23) Generated GUIDs only implemented for interfaces!
 -> (artifact id: 'cf6b2cc0dafa9e5ccce7dbffb738f287') in 0.041884 seconds
Number of updated asset objects reloaded before import = 0
Number of asset objects unloaded after import = 3
========================================================================
Received Import Request.
  Time since last request: 0.000021 seconds.
  path: Assets/BayatGames/Free Platform Game Assets/Water Animation/2D view ( Update 1.9 )/128x128/12-1x.png
  artifactKey: Guid(680ee6c7813178c4ab779c801a23c814) Importer(2089858483,0ecaa5967403d082aa24f35e1b516d23)
Start importing Assets/BayatGames/Free Platform Game Assets/Water Animation/2D view ( Update 1.9 )/128x128/12-1x.png using Guid(680ee6c7813178c4ab779c801a23c814) Importer(2089858483,0ecaa5967403d082aa24f35e1b516d23) Generated GUIDs only implemented for interfaces!
 -> (artifact id: '6cab36f8ebff12d40cdf36d719799ca8') in 0.041933 seconds
Number of updated asset objects reloaded before import = 0
Number of asset objects unloaded after import = 3
========================================================================
Received Import Request.
  Time since last request: 0.000017 seconds.
  path: Assets/BayatGames/Free Platform Game Assets/Environments/New Details ( Update 1.9 )/2x/Tree.png
  artifactKey: Guid(ccf2af7e5774cf84592daa40d84c1b60) Importer(2089858483,0ecaa5967403d082aa24f35e1b516d23)
Start importing Assets/BayatGames/Free Platform Game Assets/Environments/New Details ( Update 1.9 )/2x/Tree.png using Guid(ccf2af7e5774cf84592daa40d84c1b60) Importer(2089858483,0ecaa5967403d082aa24f35e1b516d23) Generated GUIDs only implemented for interfaces!
 -> (artifact id: 'aeaab17237e2a4e88fe4186c254b6040') in 0.046617 seconds
Number of updated asset objects reloaded before import = 0
Number of asset objects unloaded after import = 3
========================================================================
Received Import Request.
  Time since last request: 0.000026 seconds.
  path: Assets/BayatGames/Free Platform Game Assets/Coin Animation/png/4x/image 13.png
  artifactKey: Guid(91340853b350e9146973723344eb39fb) Importer(2089858483,0ecaa5967403d082aa24f35e1b516d23)
Start importing Assets/BayatGames/Free Platform Game Assets/Coin Animation/png/4x/image 13.png using Guid(91340853b350e9146973723344eb39fb) Importer(2089858483,0ecaa5967403d082aa24f35e1b516d23) Generated GUIDs only implemented for interfaces!
 -> (artifact id: '9978e1087263688a50b6b317d8ce52fb') in 0.043052 seconds
Number of updated asset objects reloaded before import = 0
Number of asset objects unloaded after import = 3
========================================================================
Received Import Request.
  Time since last request: 0.000036 seconds.
  path: Assets/BayatGames/Free Platform Game Assets/Coin Animation/png/4x/image 9.png
  artifactKey: Guid(71362eeb02d1e8c4192243e61f5a8f30) Importer(2089858483,0ecaa5967403d082aa24f35e1b516d23)
Start importing Assets/BayatGames/Free Platform Game Assets/Coin Animation/png/4x/image 9.png using Guid(71362eeb02d1e8c4192243e61f5a8f30) Importer(2089858483,0ecaa5967403d082aa24f35e1b516d23) Generated GUIDs only implemented for interfaces!
 -> (artifact id: '60d68d642ac2199a884a1bc84c18184d') in 0.045298 seconds
Number of updated asset objects reloaded before import = 0
Number of asset objects unloaded after import = 3
========================================================================
Received Import Request.
  Time since last request: 0.000026 seconds.
  path: Assets/BayatGames/Free Platform Game Assets/Water Animation/2D view ( Update 1.9 )/128x128/11-1x.png
  artifactKey: Guid(d13bb2383d774344f8586871dde5811f) Importer(2089858483,0ecaa5967403d082aa24f35e1b516d23)
Start importing Assets/BayatGames/Free Platform Game Assets/Water Animation/2D view ( Update 1.9 )/128x128/11-1x.png using Guid(d13bb2383d774344f8586871dde5811f) Importer(2089858483,0ecaa5967403d082aa24f35e1b516d23) Generated GUIDs only implemented for interfaces!
 -> (artifact id: '4dc00882711681e578e9a78c6d532914') in 0.042570 seconds
Number of updated asset objects reloaded before import = 0
Number of asset objects unloaded after import = 3
========================================================================
Received Import Request.
  Time since last request: 0.000022 seconds.
  path: Assets/BayatGames/Free Platform Game Assets/Environments/New Details ( Update 1.9 )/8x/Flower-1.png
  artifactKey: Guid(75bbd849a8be84a4dbc03e1a589904bf) Importer(2089858483,0ecaa5967403d082aa24f35e1b516d23)
Start importing Assets/BayatGames/Free Platform Game Assets/Environments/New Details ( Update 1.9 )/8x/Flower-1.png using Guid(75bbd849a8be84a4dbc03e1a589904bf) Importer(2089858483,0ecaa5967403d082aa24f35e1b516d23) Generated GUIDs only implemented for interfaces!
 -> (artifact id: '33a5a16f5f32aadac53ab18630ae42bd') in 0.040979 seconds
Number of updated asset objects reloaded before import = 0
Number of asset objects unloaded after import = 3
========================================================================
Received Import Request.
  Time since last request: 0.000021 seconds.
  path: Assets/BayatGames/Free Platform Game Assets/Water Animation/2.5D View/eps/Water Animation.eps
  artifactKey: Guid(acee07f31669cde4597fcac991d930f5) Importer(2089858483,0ecaa5967403d082aa24f35e1b516d23)
Start importing Assets/BayatGames/Free Platform Game Assets/Water Animation/2.5D View/eps/Water Animation.eps using Guid(acee07f31669cde4597fcac991d930f5) Importer(2089858483,0ecaa5967403d082aa24f35e1b516d23) Generated GUIDs only implemented for interfaces!
 -> (artifact id: '3e356266930ff9759928d4a140dc9987') in 0.011641 seconds
Number of updated asset objects reloaded before import = 0
Number of asset objects unloaded after import = 1
========================================================================
Received Import Request.
  Time since last request: 0.000020 seconds.
  path: Assets/BayatGames/Free Platform Game Assets/Environments/New Details ( Update 1.9 )/8x/Tree.png
  artifactKey: Guid(0e141e3371de4a745962f5fa234ae937) Importer(2089858483,0ecaa5967403d082aa24f35e1b516d23)
Start importing Assets/BayatGames/Free Platform Game Assets/Environments/New Details ( Update 1.9 )/8x/Tree.png using Guid(0e141e3371de4a745962f5fa234ae937) Importer(2089858483,0ecaa5967403d082aa24f35e1b516d23) Generated GUIDs only implemented for interfaces!
 -> (artifact id: '15b0e350f91f1e331b1cfa9efa01c860') in 0.071265 seconds
Number of updated asset objects reloaded before import = 0
Number of asset objects unloaded after import = 3
========================================================================
Received Import Request.
  Time since last request: 0.000033 seconds.
  path: Assets/BayatGames/Free Platform Game Assets/Environments/New Details ( Update 1.9 )/8x/Bush.png
  artifactKey: Guid(f390f0effc03cd64c8e09fd4faa570cd) Importer(2089858483,0ecaa5967403d082aa24f35e1b516d23)
Start importing Assets/BayatGames/Free Platform Game Assets/Environments/New Details ( Update 1.9 )/8x/Bush.png using Guid(f390f0effc03cd64c8e09fd4faa570cd) Importer(2089858483,0ecaa5967403d082aa24f35e1b516d23) Generated GUIDs only implemented for interfaces!
 -> (artifact id: '59baea67cc2305fc4a72b64acf52b3fd') in 0.048886 seconds
Number of updated asset objects reloaded before import = 0
Number of asset objects unloaded after import = 3
========================================================================
Received Import Request.
  Time since last request: 0.000030 seconds.
  path: Assets/BayatGames/Free Platform Game Assets/Environments/New Details ( Update 1.9 )/4x/Flower-3.png
  artifactKey: Guid(a04161638cce6434388ac5a45598fe1e) Importer(2089858483,0ecaa5967403d082aa24f35e1b516d23)
Start importing Assets/BayatGames/Free Platform Game Assets/Environments/New Details ( Update 1.9 )/4x/Flower-3.png using Guid(a04161638cce6434388ac5a45598fe1e) Importer(2089858483,0ecaa5967403d082aa24f35e1b516d23) Generated GUIDs only implemented for interfaces!
 -> (artifact id: 'cd0e404168f67034a2e56fa1c78117e8') in 0.040530 seconds
Number of updated asset objects reloaded before import = 0
Number of asset objects unloaded after import = 3
========================================================================
Received Import Request.
  Time since last request: 0.000019 seconds.
  path: Assets/BayatGames/Free Platform Game Assets/Water Animation/2D view ( Update 1.9 )/128x128/1-1x.png
  artifactKey: Guid(f79882f6d0651fe4ea92b2a889f628bb) Importer(2089858483,0ecaa5967403d082aa24f35e1b516d23)
Start importing Assets/BayatGames/Free Platform Game Assets/Water Animation/2D view ( Update 1.9 )/128x128/1-1x.png using Guid(f79882f6d0651fe4ea92b2a889f628bb) Importer(2089858483,0ecaa5967403d082aa24f35e1b516d23) Generated GUIDs only implemented for interfaces!
 -> (artifact id: '107c00a9dccc5675a1d7dc9c1be02e81') in 0.060002 seconds
Number of updated asset objects reloaded before import = 0
Number of asset objects unloaded after import = 3
========================================================================
Received Import Request.
  Time since last request: 0.000021 seconds.
  path: Assets/BayatGames/Free Platform Game Assets/Environments/New Details ( Update 1.9 )/8x/Autumn Bush.png
  artifactKey: Guid(b94b23723dfa2e84e9de0fdeb406695d) Importer(2089858483,0ecaa5967403d082aa24f35e1b516d23)
Start importing Assets/BayatGames/Free Platform Game Assets/Environments/New Details ( Update 1.9 )/8x/Autumn Bush.png using Guid(b94b23723dfa2e84e9de0fdeb406695d) Importer(2089858483,0ecaa5967403d082aa24f35e1b516d23) Generated GUIDs only implemented for interfaces!
 -> (artifact id: 'dfe220766af27e0833a1a7c2ea611543') in 0.050194 seconds
Number of updated asset objects reloaded before import = 0
Number of asset objects unloaded after import = 3
========================================================================
Received Import Request.
  Time since last request: 0.000019 seconds.
  path: Assets/BayatGames/Free Platform Game Assets/Environments/Environments/eps/Environment.eps
  artifactKey: Guid(783ede3be267bda4b825e1c2ff30343a) Importer(2089858483,0ecaa5967403d082aa24f35e1b516d23)
Start importing Assets/BayatGames/Free Platform Game Assets/Environments/Environments/eps/Environment.eps using Guid(783ede3be267bda4b825e1c2ff30343a) Importer(2089858483,0ecaa5967403d082aa24f35e1b516d23) Generated GUIDs only implemented for interfaces!
 -> (artifact id: '844357a2ae594a5407c90054398199d0') in 0.010167 seconds
Number of updated asset objects reloaded before import = 0
Number of asset objects unloaded after import = 1
========================================================================
Received Import Request.
  Time since last request: 0.000028 seconds.
  path: Assets/BayatGames/Free Platform Game Assets/Coin Animation/png/4x/image 6.png
  artifactKey: Guid(65268f959ff4e6147bd5e0d3616168de) Importer(2089858483,0ecaa5967403d082aa24f35e1b516d23)
Start importing Assets/BayatGames/Free Platform Game Assets/Coin Animation/png/4x/image 6.png using Guid(65268f959ff4e6147bd5e0d3616168de) Importer(2089858483,0ecaa5967403d082aa24f35e1b516d23) Generated GUIDs only implemented for interfaces!
 -> (artifact id: '56a394cb2d448e580e86f4eeaf7a1c23') in 0.044367 seconds
Number of updated asset objects reloaded before import = 0
Number of asset objects unloaded after import = 3
========================================================================
Received Import Request.
  Time since last request: 0.000017 seconds.
  path: Assets/BayatGames/Free Platform Game Assets/Water Animation/2D view ( Update 1.9 )/512x512/14-4x.png
  artifactKey: Guid(44ed1dc8265394043a7a0dc801c6d884) Importer(2089858483,0ecaa5967403d082aa24f35e1b516d23)
Start importing Assets/BayatGames/Free Platform Game Assets/Water Animation/2D view ( Update 1.9 )/512x512/14-4x.png using Guid(44ed1dc8265394043a7a0dc801c6d884) Importer(2089858483,0ecaa5967403d082aa24f35e1b516d23) Generated GUIDs only implemented for interfaces!
 -> (artifact id: 'd1e4e4e647f372379b11aa2f8695cd3a') in 0.050184 seconds
Number of updated asset objects reloaded before import = 0
Number of asset objects unloaded after import = 3
========================================================================
Received Import Request.
  Time since last request: 0.000026 seconds.
  path: Assets/BayatGames/Free Platform Game Assets/Water Animation/2D view ( Update 1.9 )/512x512/3-4x.png
  artifactKey: Guid(b7dd84765456bbe42a33826c20076b5b) Importer(2089858483,0ecaa5967403d082aa24f35e1b516d23)
Start importing Assets/BayatGames/Free Platform Game Assets/Water Animation/2D view ( Update 1.9 )/512x512/3-4x.png using Guid(b7dd84765456bbe42a33826c20076b5b) Importer(2089858483,0ecaa5967403d082aa24f35e1b516d23) Generated GUIDs only implemented for interfaces!
 -> (artifact id: '394ead0c51d9998dfb908e99309ace5b') in 0.049282 seconds
Number of updated asset objects reloaded before import = 0
Number of asset objects unloaded after import = 3
========================================================================
Received Import Request.
  Time since last request: 0.000026 seconds.
  path: Assets/BayatGames/Free Platform Game Assets/Water Animation/2D view ( Update 1.9 )/128x128/3-1x.png
  artifactKey: Guid(a260582f938233d49a933e9a0a9b84bc) Importer(2089858483,0ecaa5967403d082aa24f35e1b516d23)
Start importing Assets/BayatGames/Free Platform Game Assets/Water Animation/2D view ( Update 1.9 )/128x128/3-1x.png using Guid(a260582f938233d49a933e9a0a9b84bc) Importer(2089858483,0ecaa5967403d082aa24f35e1b516d23) Generated GUIDs only implemented for interfaces!
 -> (artifact id: 'a3572a9d07030113016077de5da7e567') in 0.045606 seconds
Number of updated asset objects reloaded before import = 0
Number of asset objects unloaded after import = 3
========================================================================
Received Import Request.
  Time since last request: 0.000031 seconds.
  path: Assets/BayatGames/Free Platform Game Assets/Water Animation/2D view ( Update 1.9 )/256x256/1-2x.png
  artifactKey: Guid(cb1e2fe69911bb14995196d879e91b46) Importer(2089858483,0ecaa5967403d082aa24f35e1b516d23)
Start importing Assets/BayatGames/Free Platform Game Assets/Water Animation/2D view ( Update 1.9 )/256x256/1-2x.png using Guid(cb1e2fe69911bb14995196d879e91b46) Importer(2089858483,0ecaa5967403d082aa24f35e1b516d23) Generated GUIDs only implemented for interfaces!
 -> (artifact id: 'bfa373bf8aad773c83a657b5f7647757') in 0.043315 seconds
Number of updated asset objects reloaded before import = 0
Number of asset objects unloaded after import = 3
========================================================================
Received Import Request.
  Time since last request: 0.000021 seconds.
  path: Assets/BayatGames/Free Platform Game Assets/Water Animation/2D view ( Update 1.9 )/128x128/4-1x.png
  artifactKey: Guid(3bcc6fb68bf9d0949bea65a2e5663f96) Importer(2089858483,0ecaa5967403d082aa24f35e1b516d23)
Start importing Assets/BayatGames/Free Platform Game Assets/Water Animation/2D view ( Update 1.9 )/128x128/4-1x.png using Guid(3bcc6fb68bf9d0949bea65a2e5663f96) Importer(2089858483,0ecaa5967403d082aa24f35e1b516d23) Generated GUIDs only implemented for interfaces!
 -> (artifact id: '99f30f6450758790a49ed7d77382f947') in 0.041441 seconds
Number of updated asset objects reloaded before import = 0
Number of asset objects unloaded after import = 3
========================================================================
Received Import Request.
  Time since last request: 0.000016 seconds.
  path: Assets/BayatGames/Free Platform Game Assets/Water Animation/2D view ( Update 1.9 )/128x128/8-1x.png
  artifactKey: Guid(e97fac510976a104ca32fd2bd632ff91) Importer(2089858483,0ecaa5967403d082aa24f35e1b516d23)
Start importing Assets/BayatGames/Free Platform Game Assets/Water Animation/2D view ( Update 1.9 )/128x128/8-1x.png using Guid(e97fac510976a104ca32fd2bd632ff91) Importer(2089858483,0ecaa5967403d082aa24f35e1b516d23) Generated GUIDs only implemented for interfaces!
 -> (artifact id: '627dbdc6dd1866e6d1ed8a9efc064656') in 0.042425 seconds
Number of updated asset objects reloaded before import = 0
Number of asset objects unloaded after import = 3
========================================================================
Received Import Request.
  Time since last request: 0.000018 seconds.
  path: Assets/BayatGames/Free Platform Game Assets/Water Animation/2D view ( Update 1.9 )/512x512/16-4x.png
  artifactKey: Guid(64c6441f8cfcc4c47864393173646f3e) Importer(2089858483,0ecaa5967403d082aa24f35e1b516d23)
Start importing Assets/BayatGames/Free Platform Game Assets/Water Animation/2D view ( Update 1.9 )/512x512/16-4x.png using Guid(64c6441f8cfcc4c47864393173646f3e) Importer(2089858483,0ecaa5967403d082aa24f35e1b516d23) Generated GUIDs only implemented for interfaces!
 -> (artifact id: '962e416ffb9fb2a98f5a853f279d5662') in 0.042230 seconds
Number of updated asset objects reloaded before import = 0
Number of asset objects unloaded after import = 3
========================================================================
Received Import Request.
  Time since last request: 0.000026 seconds.
  path: Assets/BayatGames/Free Platform Game Assets/Water Animation/2D view ( Update 1.9 )/128x128/6-1x.png
  artifactKey: Guid(1e802b47bfea50a47acf5f3b7ba3b16f) Importer(2089858483,0ecaa5967403d082aa24f35e1b516d23)
Start importing Assets/BayatGames/Free Platform Game Assets/Water Animation/2D view ( Update 1.9 )/128x128/6-1x.png using Guid(1e802b47bfea50a47acf5f3b7ba3b16f) Importer(2089858483,0ecaa5967403d082aa24f35e1b516d23) Generated GUIDs only implemented for interfaces!
 -> (artifact id: 'af404f223723a3270c748ef6473946bd') in 0.041681 seconds
Number of updated asset objects reloaded before import = 0
Number of asset objects unloaded after import = 3
========================================================================
Received Import Request.
  Time since last request: 0.000028 seconds.
  path: Assets/BayatGames/Free Platform Game Assets/Water Animation/2D view ( Update 1.9 )/256x256/8-2x.png
  artifactKey: Guid(e03419312962e514b8a9e2725433e93c) Importer(2089858483,0ecaa5967403d082aa24f35e1b516d23)
Start importing Assets/BayatGames/Free Platform Game Assets/Water Animation/2D view ( Update 1.9 )/256x256/8-2x.png using Guid(e03419312962e514b8a9e2725433e93c) Importer(2089858483,0ecaa5967403d082aa24f35e1b516d23) Generated GUIDs only implemented for interfaces!
 -> (artifact id: 'a121b87f642aa4109f87d5eed0e4edbe') in 0.040710 seconds
Number of updated asset objects reloaded before import = 0
Number of asset objects unloaded after import = 3
========================================================================
Received Import Request.
  Time since last request: 0.000016 seconds.
  path: Assets/BayatGames/Free Platform Game Assets/Water Animation/2D view ( Update 1.9 )/512x512/2-4x.png
  artifactKey: Guid(1fd3da4549cce5a4bac9d2820d0c4ab0) Importer(2089858483,0ecaa5967403d082aa24f35e1b516d23)
Start importing Assets/BayatGames/Free Platform Game Assets/Water Animation/2D view ( Update 1.9 )/512x512/2-4x.png using Guid(1fd3da4549cce5a4bac9d2820d0c4ab0) Importer(2089858483,0ecaa5967403d082aa24f35e1b516d23) Generated GUIDs only implemented for interfaces!
 -> (artifact id: 'e0a6358401a13c55b681c5150c548419') in 0.043948 seconds
Number of updated asset objects reloaded before import = 0
Number of asset objects unloaded after import = 3
========================================================================
Received Import Request.
  Time since last request: 0.000018 seconds.
  path: Assets/BayatGames/Free Platform Game Assets/Water Animation/2D view ( Update 1.9 )/512x512/1-4x.png
  artifactKey: Guid(91860808ac3774d4f8da7b5a81a3769a) Importer(2089858483,0ecaa5967403d082aa24f35e1b516d23)
Start importing Assets/BayatGames/Free Platform Game Assets/Water Animation/2D view ( Update 1.9 )/512x512/1-4x.png using Guid(91860808ac3774d4f8da7b5a81a3769a) Importer(2089858483,0ecaa5967403d082aa24f35e1b516d23) Generated GUIDs only implemented for interfaces!
 -> (artifact id: '9745bbc72062b55662d8f634e5a8fdbc') in 0.040092 seconds
Number of updated asset objects reloaded before import = 0
Number of asset objects unloaded after import = 3
========================================================================
Received Import Request.
  Time since last request: 0.000017 seconds.
  path: Assets/BayatGames/Free Platform Game Assets/Water Animation/2D view ( Update 1.9 )/256x256/11-2x.png
  artifactKey: Guid(5c39f3a4f383a24428b9f0a8234d603d) Importer(2089858483,0ecaa5967403d082aa24f35e1b516d23)
Start importing Assets/BayatGames/Free Platform Game Assets/Water Animation/2D view ( Update 1.9 )/256x256/11-2x.png using Guid(5c39f3a4f383a24428b9f0a8234d603d) Importer(2089858483,0ecaa5967403d082aa24f35e1b516d23) Generated GUIDs only implemented for interfaces!
 -> (artifact id: 'e3dc874f931414e9c4d50f86e48207a8') in 0.038937 seconds
Number of updated asset objects reloaded before import = 0
Number of asset objects unloaded after import = 3
========================================================================
Received Import Request.
  Time since last request: 0.000025 seconds.
  path: Assets/BayatGames/Free Platform Game Assets/Water Animation/2D view ( Update 1.9 )/256x256/5-2x.png
  artifactKey: Guid(10201e518beefa8449bfd75c72ab7302) Importer(2089858483,0ecaa5967403d082aa24f35e1b516d23)
Start importing Assets/BayatGames/Free Platform Game Assets/Water Animation/2D view ( Update 1.9 )/256x256/5-2x.png using Guid(10201e518beefa8449bfd75c72ab7302) Importer(2089858483,0ecaa5967403d082aa24f35e1b516d23) Generated GUIDs only implemented for interfaces!
 -> (artifact id: 'e2a684ab51cb53d1e2d437e536125b95') in 0.041656 seconds
Number of updated asset objects reloaded before import = 0
Number of asset objects unloaded after import = 3
========================================================================
Received Import Request.
  Time since last request: 0.000017 seconds.
  path: Assets/BayatGames/Free Platform Game Assets/Water Animation/2D view ( Update 1.9 )/256x256/2-2x.png
  artifactKey: Guid(536d1e9f5323b3246b398889d72f3113) Importer(2089858483,0ecaa5967403d082aa24f35e1b516d23)
Start importing Assets/BayatGames/Free Platform Game Assets/Water Animation/2D view ( Update 1.9 )/256x256/2-2x.png using Guid(536d1e9f5323b3246b398889d72f3113) Importer(2089858483,0ecaa5967403d082aa24f35e1b516d23) Generated GUIDs only implemented for interfaces!
 -> (artifact id: '21d28190dbecadee74a580a94d91ee28') in 0.046407 seconds
Number of updated asset objects reloaded before import = 0
Number of asset objects unloaded after import = 3
========================================================================
Received Import Request.
  Time since last request: 0.000024 seconds.
  path: Assets/BayatGames/Free Platform Game Assets/Coin Animation/png/4x/image 5.png
  artifactKey: Guid(a9a0070104aa9b0438d7e73d4117f210) Importer(2089858483,0ecaa5967403d082aa24f35e1b516d23)
Start importing Assets/BayatGames/Free Platform Game Assets/Coin Animation/png/4x/image 5.png using Guid(a9a0070104aa9b0438d7e73d4117f210) Importer(2089858483,0ecaa5967403d082aa24f35e1b516d23) Generated GUIDs only implemented for interfaces!
 -> (artifact id: '2cc58ddeec65b16456905d5472d37d68') in 0.046204 seconds
Number of updated asset objects reloaded before import = 0
Number of asset objects unloaded after import = 3
========================================================================
Received Import Request.
  Time since last request: 0.000029 seconds.
  path: Assets/Dragon Warrior Files/Effects/fireball_03.png
  artifactKey: Guid(77f084663dedae54bbc26660c4568bd7) Importer(2089858483,0ecaa5967403d082aa24f35e1b516d23)
Start importing Assets/Dragon Warrior Files/Effects/fireball_03.png using Guid(77f084663dedae54bbc26660c4568bd7) Importer(2089858483,0ecaa5967403d082aa24f35e1b516d23) Generated GUIDs only implemented for interfaces!
 -> (artifact id: 'e3e6b27da087ff931b245ae7a9437b0e') in 0.044434 seconds
Number of updated asset objects reloaded before import = 0
Number of asset objects unloaded after import = 3
========================================================================
Received Import Request.
  Time since last request: 0.000027 seconds.
  path: Assets/BayatGames/Free Platform Game Assets/Coin Animation/png/4x/image 16.png
  artifactKey: Guid(f63c5baf04d0c3442b43bf7e708a8647) Importer(2089858483,0ecaa5967403d082aa24f35e1b516d23)
Start importing Assets/BayatGames/Free Platform Game Assets/Coin Animation/png/4x/image 16.png using Guid(f63c5baf04d0c3442b43bf7e708a8647) Importer(2089858483,0ecaa5967403d082aa24f35e1b516d23) Generated GUIDs only implemented for interfaces!
 -> (artifact id: 'f682b46f0ac8cf76b5bfe45cc96c767a') in 0.039643 seconds
Number of updated asset objects reloaded before import = 0
Number of asset objects unloaded after import = 3
========================================================================
Received Import Request.
  Time since last request: 0.000026 seconds.
  path: Assets/BayatGames/Free Platform Game Assets/Backgrounds/Background/ai/Clouds.ai
  artifactKey: Guid(f6e76b7baaf19274a84da1de89982757) Importer(2089858483,0ecaa5967403d082aa24f35e1b516d23)
Start importing Assets/BayatGames/Free Platform Game Assets/Backgrounds/Background/ai/Clouds.ai using Guid(f6e76b7baaf19274a84da1de89982757) Importer(2089858483,0ecaa5967403d082aa24f35e1b516d23) Generated GUIDs only implemented for interfaces!
 -> (artifact id: '594158c9730989aa34e97e64ed6434bb') in 0.010233 seconds
Number of updated asset objects reloaded before import = 0
Number of asset objects unloaded after import = 1
========================================================================
Received Import Request.
  Time since last request: 0.000186 seconds.
  path: Assets/Enemies/Enemies/ai/Spike.ai
  artifactKey: Guid(12fb42902df13ae4f8fddbf94dad1e25) Importer(2089858483,0ecaa5967403d082aa24f35e1b516d23)
Start importing Assets/Enemies/Enemies/ai/Spike.ai using Guid(12fb42902df13ae4f8fddbf94dad1e25) Importer(2089858483,0ecaa5967403d082aa24f35e1b516d23) Generated GUIDs only implemented for interfaces!
 -> (artifact id: '5834350b4038ab0ae2ad00de8c1dc6d3') in 0.010886 seconds
Number of updated asset objects reloaded before import = 0
Number of asset objects unloaded after import = 1
========================================================================
Received Import Request.
  Time since last request: 0.000032 seconds.
  path: Assets/BayatGames/Free Platform Game Assets/Character/Character Source/png/4x/RightEye.png
  artifactKey: Guid(febf6b47123a14f4180985e86a8681be) Importer(2089858483,0ecaa5967403d082aa24f35e1b516d23)
Start importing Assets/BayatGames/Free Platform Game Assets/Character/Character Source/png/4x/RightEye.png using Guid(febf6b47123a14f4180985e86a8681be) Importer(2089858483,0ecaa5967403d082aa24f35e1b516d23) Generated GUIDs only implemented for interfaces!
 -> (artifact id: '36ea1655f63af96c63e42e7189ed5026') in 0.043788 seconds
Number of updated asset objects reloaded before import = 0
Number of asset objects unloaded after import = 3
========================================================================
Received Import Request.
  Time since last request: 0.000017 seconds.
  path: Assets/BayatGames/Free Platform Game Assets/Character/Character Source/png/2x/Body.png
  artifactKey: Guid(0a6fbfb8eda4e574d9f147b94d2acc68) Importer(2089858483,0ecaa5967403d082aa24f35e1b516d23)
Start importing Assets/BayatGames/Free Platform Game Assets/Character/Character Source/png/2x/Body.png using Guid(0a6fbfb8eda4e574d9f147b94d2acc68) Importer(2089858483,0ecaa5967403d082aa24f35e1b516d23) Generated GUIDs only implemented for interfaces!
 -> (artifact id: '0145dbc407f44e1880c8d87a42de4329') in 0.043125 seconds
Number of updated asset objects reloaded before import = 0
Number of asset objects unloaded after import = 3
========================================================================
Received Import Request.
  Time since last request: 0.000017 seconds.
  path: Assets/BayatGames/Free Platform Game Assets/Character/Character Source/png/4x/LeftEye.png
  artifactKey: Guid(b7d48df2dd5700641a5a1ada209269c3) Importer(2089858483,0ecaa5967403d082aa24f35e1b516d23)
Start importing Assets/BayatGames/Free Platform Game Assets/Character/Character Source/png/4x/LeftEye.png using Guid(b7d48df2dd5700641a5a1ada209269c3) Importer(2089858483,0ecaa5967403d082aa24f35e1b516d23) Generated GUIDs only implemented for interfaces!
 -> (artifact id: '4bceff2b1daa4db960951363fd1bb7a5') in 0.037863 seconds
Number of updated asset objects reloaded before import = 0
Number of asset objects unloaded after import = 3
========================================================================
Received Import Request.
  Time since last request: 0.000024 seconds.
  path: Assets/BayatGames/Free Platform Game Assets/Character/Character Source/png/4x/Body.png
  artifactKey: Guid(ea3ababbf963ba74d857824be9c13cde) Importer(2089858483,0ecaa5967403d082aa24f35e1b516d23)
Start importing Assets/BayatGames/Free Platform Game Assets/Character/Character Source/png/4x/Body.png using Guid(ea3ababbf963ba74d857824be9c13cde) Importer(2089858483,0ecaa5967403d082aa24f35e1b516d23) Generated GUIDs only implemented for interfaces!
 -> (artifact id: '28c77f00628b0d61b3279ecf85978f86') in 0.040970 seconds
Number of updated asset objects reloaded before import = 0
Number of asset objects unloaded after import = 3
========================================================================
Received Import Request.
  Time since last request: 0.000039 seconds.
  path: Assets/BayatGames/Free Platform Game Assets/Character/Character Source/png/4x/RightHand.png
  artifactKey: Guid(55d05a90cbf90294d8bdc9298bbc97b9) Importer(2089858483,0ecaa5967403d082aa24f35e1b516d23)
Start importing Assets/BayatGames/Free Platform Game Assets/Character/Character Source/png/4x/RightHand.png using Guid(55d05a90cbf90294d8bdc9298bbc97b9) Importer(2089858483,0ecaa5967403d082aa24f35e1b516d23) Generated GUIDs only implemented for interfaces!
 -> (artifact id: 'ed59ba13b1c78bad28c0e77b4a9bbaca') in 0.042748 seconds
Number of updated asset objects reloaded before import = 0
Number of asset objects unloaded after import = 3
========================================================================
Received Import Request.
  Time since last request: 0.000016 seconds.
  path: Assets/BayatGames/Free Platform Game Assets/Water Animation/2D view ( Update 1.9 )/512x512/5-4x.png
  artifactKey: Guid(3c4676c7ec40a1640a27d388e170741b) Importer(2089858483,0ecaa5967403d082aa24f35e1b516d23)
Start importing Assets/BayatGames/Free Platform Game Assets/Water Animation/2D view ( Update 1.9 )/512x512/5-4x.png using Guid(3c4676c7ec40a1640a27d388e170741b) Importer(2089858483,0ecaa5967403d082aa24f35e1b516d23) Generated GUIDs only implemented for interfaces!
 -> (artifact id: 'eeb008873223ebd46681865ed81c90f3') in 0.040843 seconds
Number of updated asset objects reloaded before import = 0
Number of asset objects unloaded after import = 3
========================================================================
Received Import Request.
  Time since last request: 0.000082 seconds.
  path: Assets/BayatGames/Free Platform Game Assets/Tiles/2D Tiles ( Update 1.9 )/Autumn/128x128/Grass.png
  artifactKey: Guid(ee5ab12db0b73344f9a1c89177d56025) Importer(2089858483,0ecaa5967403d082aa24f35e1b516d23)
Start importing Assets/BayatGames/Free Platform Game Assets/Tiles/2D Tiles ( Update 1.9 )/Autumn/128x128/Grass.png using Guid(ee5ab12db0b73344f9a1c89177d56025) Importer(2089858483,0ecaa5967403d082aa24f35e1b516d23) Generated GUIDs only implemented for interfaces!
 -> (artifact id: 'd2dafbb59834a2f4302ad2617f41c546') in 0.048072 seconds
Number of updated asset objects reloaded before import = 0
Number of asset objects unloaded after import = 3
========================================================================
Received Import Request.
  Time since last request: 0.000017 seconds.
  path: Assets/BayatGames/Free Platform Game Assets/Chests/New Chests ( Update 1.8.5 )/png/Sheets/Chest Sheet-2048x512(1x).png
  artifactKey: Guid(7cb899fc6a4c5854bab6cbec149316b4) Importer(2089858483,0ecaa5967403d082aa24f35e1b516d23)
Start importing Assets/BayatGames/Free Platform Game Assets/Chests/New Chests ( Update 1.8.5 )/png/Sheets/Chest Sheet-2048x512(1x).png using Guid(7cb899fc6a4c5854bab6cbec149316b4) Importer(2089858483,0ecaa5967403d082aa24f35e1b516d23) Generated GUIDs only implemented for interfaces!
 -> (artifact id: '1b92ff344b0d35ab14405d07187291a1') in 0.043784 seconds
Number of updated asset objects reloaded before import = 0
Number of asset objects unloaded after import = 3
========================================================================
Received Import Request.
  Time since last request: 0.000016 seconds.
  path: Assets/BayatGames/Free Platform Game Assets/Environments/Environments/png/2048x2048/Environment.png
  artifactKey: Guid(cc009caf6646ca843afc761c4afd76f1) Importer(2089858483,0ecaa5967403d082aa24f35e1b516d23)
Start importing Assets/BayatGames/Free Platform Game Assets/Environments/Environments/png/2048x2048/Environment.png using Guid(cc009caf6646ca843afc761c4afd76f1) Importer(2089858483,0ecaa5967403d082aa24f35e1b516d23) Generated GUIDs only implemented for interfaces!
 -> (artifact id: 'ddd70e31310fcdb1b5e87e8f54d7b020') in 0.055378 seconds
Number of updated asset objects reloaded before import = 0
Number of asset objects unloaded after import = 3
========================================================================
Received Import Request.
  Time since last request: 0.000020 seconds.
  path: Assets/BayatGames/Free Platform Game Assets/Tiles/2D Tiles ( Update 1.9 )/Autumn/128x128/GrassCliffLeft.png
  artifactKey: Guid(1ad757c5da8692b4da9682f9ad8dfca6) Importer(2089858483,0ecaa5967403d082aa24f35e1b516d23)
Start importing Assets/BayatGames/Free Platform Game Assets/Tiles/2D Tiles ( Update 1.9 )/Autumn/128x128/GrassCliffLeft.png using Guid(1ad757c5da8692b4da9682f9ad8dfca6) Importer(2089858483,0ecaa5967403d082aa24f35e1b516d23) Generated GUIDs only implemented for interfaces!
 -> (artifact id: 'dc0fcf30a30a3c9aec6f91ee6d381df5') in 0.047326 seconds
Number of updated asset objects reloaded before import = 0
Number of asset objects unloaded after import = 3
========================================================================
Received Import Request.
  Time since last request: 0.000036 seconds.
  path: Assets/BayatGames/Free Platform Game Assets/Water Animation/2D view ( Update 1.9 )/512x512/8-4x.png
  artifactKey: Guid(f6d6dc4b79c327749a2d98b6fd8567d1) Importer(2089858483,0ecaa5967403d082aa24f35e1b516d23)
Start importing Assets/BayatGames/Free Platform Game Assets/Water Animation/2D view ( Update 1.9 )/512x512/8-4x.png using Guid(f6d6dc4b79c327749a2d98b6fd8567d1) Importer(2089858483,0ecaa5967403d082aa24f35e1b516d23) Generated GUIDs only implemented for interfaces!
 -> (artifact id: '2f6f848f16a304431383e1361d7d384f') in 0.047177 seconds
Number of updated asset objects reloaded before import = 0
Number of asset objects unloaded after import = 3
========================================================================
Received Import Request.
  Time since last request: 0.000018 seconds.
  path: Assets/BayatGames/Free Platform Game Assets/Environments/Environments/png/1024x1024/Environment.png
  artifactKey: Guid(42fe589243a963347b493c5acde02c3f) Importer(2089858483,0ecaa5967403d082aa24f35e1b516d23)
Start importing Assets/BayatGames/Free Platform Game Assets/Environments/Environments/png/1024x1024/Environment.png using Guid(42fe589243a963347b493c5acde02c3f) Importer(2089858483,0ecaa5967403d082aa24f35e1b516d23) Generated GUIDs only implemented for interfaces!
 -> (artifact id: 'd90bda4842de1535844e0fd4a1c51b04') in 0.049064 seconds
Number of updated asset objects reloaded before import = 0
Number of asset objects unloaded after import = 3
========================================================================
Received Import Request.
  Time since last request: 0.000029 seconds.
  path: Assets/BayatGames/Free Platform Game Assets/Water Animation/2D view ( Update 1.9 )/512x512/7-4x.png
  artifactKey: Guid(1bbd017b3dbbb4f47916467acaf329bd) Importer(2089858483,0ecaa5967403d082aa24f35e1b516d23)
Start importing Assets/BayatGames/Free Platform Game Assets/Water Animation/2D view ( Update 1.9 )/512x512/7-4x.png using Guid(1bbd017b3dbbb4f47916467acaf329bd) Importer(2089858483,0ecaa5967403d082aa24f35e1b516d23) Generated GUIDs only implemented for interfaces!
 -> (artifact id: 'ea721b41aa24565be5625589008ae19f') in 0.050194 seconds
Number of updated asset objects reloaded before import = 0
Number of asset objects unloaded after import = 3
========================================================================
Received Import Request.
  Time since last request: 0.000022 seconds.
  path: Assets/BayatGames/Free Platform Game Assets/Character/Character Source/png/1x/Eye.png
  artifactKey: Guid(fb025f51ade62854baa195bbdd5631c7) Importer(2089858483,0ecaa5967403d082aa24f35e1b516d23)
Start importing Assets/BayatGames/Free Platform Game Assets/Character/Character Source/png/1x/Eye.png using Guid(fb025f51ade62854baa195bbdd5631c7) Importer(2089858483,0ecaa5967403d082aa24f35e1b516d23) Generated GUIDs only implemented for interfaces!
 -> (artifact id: 'bca341e2c04f0ae59a82ce4eea51fc0f') in 0.040862 seconds
Number of updated asset objects reloaded before import = 0
Number of asset objects unloaded after import = 3
========================================================================
Received Import Request.
  Time since last request: 0.000017 seconds.
  path: Assets/BayatGames/Free Platform Game Assets/Character/Character Source/png/4x/LeftFoot.png
  artifactKey: Guid(21f1e42e8ee4400409a53c55671bd27f) Importer(2089858483,0ecaa5967403d082aa24f35e1b516d23)
Start importing Assets/BayatGames/Free Platform Game Assets/Character/Character Source/png/4x/LeftFoot.png using Guid(21f1e42e8ee4400409a53c55671bd27f) Importer(2089858483,0ecaa5967403d082aa24f35e1b516d23) Generated GUIDs only implemented for interfaces!
 -> (artifact id: 'c561ea37fa3dc3520b55447c300bcd1c') in 0.041488 seconds
Number of updated asset objects reloaded before import = 0
Number of asset objects unloaded after import = 3
========================================================================
Received Import Request.
  Time since last request: 0.000017 seconds.
  path: Assets/BayatGames/Free Platform Game Assets/Character/Character Animation ( Update 1.8 )/Idle/1x.png
  artifactKey: Guid(c483493eb3ec0f143b5d78ad823ac661) Importer(2089858483,0ecaa5967403d082aa24f35e1b516d23)
Start importing Assets/BayatGames/Free Platform Game Assets/Character/Character Animation ( Update 1.8 )/Idle/1x.png using Guid(c483493eb3ec0f143b5d78ad823ac661) Importer(2089858483,0ecaa5967403d082aa24f35e1b516d23) Generated GUIDs only implemented for interfaces!
 -> (artifact id: '284001f357c169b256e0a5697925e7fb') in 0.041515 seconds
Number of updated asset objects reloaded before import = 0
Number of asset objects unloaded after import = 3
========================================================================
Received Import Request.
  Time since last request: 0.000032 seconds.
  path: Assets/Free 2D Cartoon Parallax Background/2_Desert/Layer_4.png
  artifactKey: Guid(01c1e211013f19a479f0e2c12fea10a2) Importer(2089858483,0ecaa5967403d082aa24f35e1b516d23)
Start importing Assets/Free 2D Cartoon Parallax Background/2_Desert/Layer_4.png using Guid(01c1e211013f19a479f0e2c12fea10a2) Importer(2089858483,0ecaa5967403d082aa24f35e1b516d23) Generated GUIDs only implemented for interfaces!
 -> (artifact id: 'e2dfe78b54e04187898e8235f850512e') in 0.056114 seconds
Number of updated asset objects reloaded before import = 0
Number of asset objects unloaded after import = 3
========================================================================
Received Import Request.
  Time since last request: 0.000021 seconds.
  path: Assets/BayatGames/Free Platform Game Assets/Tiles/2D Tiles ( Update 1.9 )/Autumn/256x256/GrassColumn.png
  artifactKey: Guid(4c563e929510fb542b59840d133aa24d) Importer(2089858483,0ecaa5967403d082aa24f35e1b516d23)
Start importing Assets/BayatGames/Free Platform Game Assets/Tiles/2D Tiles ( Update 1.9 )/Autumn/256x256/GrassColumn.png using Guid(4c563e929510fb542b59840d133aa24d) Importer(2089858483,0ecaa5967403d082aa24f35e1b516d23) Generated GUIDs only implemented for interfaces!
 -> (artifact id: 'b9b663cd03757c5f741f174d20c60e9d') in 0.047487 seconds
Number of updated asset objects reloaded before import = 0
Number of asset objects unloaded after import = 3
========================================================================
Received Import Request.
  Time since last request: 0.000019 seconds.
  path: Assets/BayatGames/Free Platform Game Assets/Tiles/2D Tiles ( Update 1.9 )/Autumn/128x128/GrassJoinHillLeft&Right.png
  artifactKey: Guid(8bfd4e380c6dbb541908d5d052c8295f) Importer(2089858483,0ecaa5967403d082aa24f35e1b516d23)
Start importing Assets/BayatGames/Free Platform Game Assets/Tiles/2D Tiles ( Update 1.9 )/Autumn/128x128/GrassJoinHillLeft&Right.png using Guid(8bfd4e380c6dbb541908d5d052c8295f) Importer(2089858483,0ecaa5967403d082aa24f35e1b516d23) Generated GUIDs only implemented for interfaces!
 -> (artifact id: '7d996343d49c6d39404f735473af13fd') in 0.051885 seconds
Number of updated asset objects reloaded before import = 0
Number of asset objects unloaded after import = 3
========================================================================
Received Import Request.
  Time since last request: 0.000018 seconds.
  path: Assets/BayatGames/Free Platform Game Assets/Tiles/2D Tiles ( Update 1.9 )/Autumn/256x256/GrassHillLeft2.png
  artifactKey: Guid(e5977bf53b642514b9e120b34ce13480) Importer(2089858483,0ecaa5967403d082aa24f35e1b516d23)
Start importing Assets/BayatGames/Free Platform Game Assets/Tiles/2D Tiles ( Update 1.9 )/Autumn/256x256/GrassHillLeft2.png using Guid(e5977bf53b642514b9e120b34ce13480) Importer(2089858483,0ecaa5967403d082aa24f35e1b516d23) Generated GUIDs only implemented for interfaces!
 -> (artifact id: 'd19df453d6ef6b05cd03242a7f94c364') in 0.043442 seconds
Number of updated asset objects reloaded before import = 0
Number of asset objects unloaded after import = 3
========================================================================
Received Import Request.
  Time since last request: 0.000026 seconds.
  path: Assets/BayatGames/Free Platform Game Assets/Tiles/2D Tiles ( Update 1.9 )/Autumn/128x128/GrassHillLeft2 DownShadow.png
  artifactKey: Guid(6bc26ef4f80039146b0387478da839b1) Importer(2089858483,0ecaa5967403d082aa24f35e1b516d23)
Start importing Assets/BayatGames/Free Platform Game Assets/Tiles/2D Tiles ( Update 1.9 )/Autumn/128x128/GrassHillLeft2 DownShadow.png using Guid(6bc26ef4f80039146b0387478da839b1) Importer(2089858483,0ecaa5967403d082aa24f35e1b516d23) Generated GUIDs only implemented for interfaces!
 -> (artifact id: 'a89ab1c1a8409c29b516a1db2b354704') in 0.045075 seconds
Number of updated asset objects reloaded before import = 0
Number of asset objects unloaded after import = 3
========================================================================
Received Import Request.
  Time since last request: 0.000031 seconds.
  path: Assets/BayatGames/Free Platform Game Assets/Tiles/2D Tiles ( Update 1.9 )/Autumn/128x128/GrassRight.png
  artifactKey: Guid(d97a6e0d370b9934daa6588cf7c54c30) Importer(2089858483,0ecaa5967403d082aa24f35e1b516d23)
Start importing Assets/BayatGames/Free Platform Game Assets/Tiles/2D Tiles ( Update 1.9 )/Autumn/128x128/GrassRight.png using Guid(d97a6e0d370b9934daa6588cf7c54c30) Importer(2089858483,0ecaa5967403d082aa24f35e1b516d23) Generated GUIDs only implemented for interfaces!
 -> (artifact id: '74dbeb875d59b37aa956ae1c290b6375') in 0.049048 seconds
Number of updated asset objects reloaded before import = 0
Number of asset objects unloaded after import = 3
========================================================================
Received Import Request.
  Time since last request: 0.000017 seconds.
  path: Assets/BayatGames/Free Platform Game Assets/Tiles/2D Tiles ( Update 1.9 )/Autumn/128x128/GrassJoinHillRight.png
  artifactKey: Guid(ef6deb59c78310043951c1da01813add) Importer(2089858483,0ecaa5967403d082aa24f35e1b516d23)
Start importing Assets/BayatGames/Free Platform Game Assets/Tiles/2D Tiles ( Update 1.9 )/Autumn/128x128/GrassJoinHillRight.png using Guid(ef6deb59c78310043951c1da01813add) Importer(2089858483,0ecaa5967403d082aa24f35e1b516d23) Generated GUIDs only implemented for interfaces!
 -> (artifact id: '46ca26a1f402ea20c6b217ecf0272e5c') in 0.044559 seconds
Number of updated asset objects reloaded before import = 0
Number of asset objects unloaded after import = 3
========================================================================
Received Import Request.
  Time since last request: 0.000018 seconds.
  path: Assets/BayatGames/Free Platform Game Assets/Tiles/2D Tiles ( Update 1.9 )/Autumn/256x256/GrassCliffLeft.png
  artifactKey: Guid(b0fabf9bb2d1c5c4ab33252072ce8919) Importer(2089858483,0ecaa5967403d082aa24f35e1b516d23)
Start importing Assets/BayatGames/Free Platform Game Assets/Tiles/2D Tiles ( Update 1.9 )/Autumn/256x256/GrassCliffLeft.png using Guid(b0fabf9bb2d1c5c4ab33252072ce8919) Importer(2089858483,0ecaa5967403d082aa24f35e1b516d23) Generated GUIDs only implemented for interfaces!
 -> (artifact id: 'fe4360b4141c72eb97bd07e00aac5a00') in 0.045199 seconds
Number of updated asset objects reloaded before import = 0
Number of asset objects unloaded after import = 3
========================================================================
Received Import Request.
  Time since last request: 0.000023 seconds.
  path: Assets/BayatGames/Free Platform Game Assets/Tiles/2D Tiles ( Update 1.9 )/Autumn/256x256/GrassHillLeft2 DownShadow.png
  artifactKey: Guid(b18cc5ea85fc62740aea736cbf271b00) Importer(2089858483,0ecaa5967403d082aa24f35e1b516d23)
Start importing Assets/BayatGames/Free Platform Game Assets/Tiles/2D Tiles ( Update 1.9 )/Autumn/256x256/GrassHillLeft2 DownShadow.png using Guid(b18cc5ea85fc62740aea736cbf271b00) Importer(2089858483,0ecaa5967403d082aa24f35e1b516d23) Generated GUIDs only implemented for interfaces!
 -> (artifact id: '11e6702837eee3313e564dbd2240d69a') in 0.045235 seconds
Number of updated asset objects reloaded before import = 0
Number of asset objects unloaded after import = 3
========================================================================
Received Import Request.
  Time since last request: 0.000018 seconds.
  path: Assets/BayatGames/Free Platform Game Assets/Tiles/2D Tiles ( Update 1.9 )/Autumn/256x256/GrassJoinHillLeft&Right.png
  artifactKey: Guid(4116ffbebb8ddd644aba5912193e0239) Importer(2089858483,0ecaa5967403d082aa24f35e1b516d23)
Start importing Assets/BayatGames/Free Platform Game Assets/Tiles/2D Tiles ( Update 1.9 )/Autumn/256x256/GrassJoinHillLeft&Right.png using Guid(4116ffbebb8ddd644aba5912193e0239) Importer(2089858483,0ecaa5967403d082aa24f35e1b516d23) Generated GUIDs only implemented for interfaces!
 -> (artifact id: 'c5425463a149500b1a8471a835aa48ea') in 0.043165 seconds
Number of updated asset objects reloaded before import = 0
Number of asset objects unloaded after import = 3
========================================================================
Received Import Request.
  Time since last request: 0.000018 seconds.
  path: Assets/BayatGames/Free Platform Game Assets/Tiles/2D Tiles ( Update 1.9 )/Autumn/256x256/GrassHillRight2.png
  artifactKey: Guid(244d59731ee2a984ebb854f847d30cab) Importer(2089858483,0ecaa5967403d082aa24f35e1b516d23)
Start importing Assets/BayatGames/Free Platform Game Assets/Tiles/2D Tiles ( Update 1.9 )/Autumn/256x256/GrassHillRight2.png using Guid(244d59731ee2a984ebb854f847d30cab) Importer(2089858483,0ecaa5967403d082aa24f35e1b516d23) Generated GUIDs only implemented for interfaces!
 -> (artifact id: '2064559aae3f12f070bec3531b0af167') in 0.043134 seconds
Number of updated asset objects reloaded before import = 0
Number of asset objects unloaded after import = 3
========================================================================
Received Import Request.
  Time since last request: 0.000086 seconds.
  path: Assets/BayatGames/Free Platform Game Assets/Tiles/2D Tiles ( Update 1.9 )/Autumn/256x256/GrassHillLeft.png
  artifactKey: Guid(13a295e9d3e7cee4dbc0d43988478b6d) Importer(2089858483,0ecaa5967403d082aa24f35e1b516d23)
Start importing Assets/BayatGames/Free Platform Game Assets/Tiles/2D Tiles ( Update 1.9 )/Autumn/256x256/GrassHillLeft.png using Guid(13a295e9d3e7cee4dbc0d43988478b6d) Importer(2089858483,0ecaa5967403d082aa24f35e1b516d23) Generated GUIDs only implemented for interfaces!
 -> (artifact id: '32fed8353d0125da0ff7879c9d7bb4ba') in 0.044475 seconds
Number of updated asset objects reloaded before import = 0
Number of asset objects unloaded after import = 3
========================================================================
Received Import Request.
  Time since last request: 0.000022 seconds.
  path: Assets/BayatGames/Free Platform Game Assets/Tiles/2D Tiles ( Update 1.9 )/Autumn/128x128/GrassHillLeft2.png
  artifactKey: Guid(c4f1b75a04811774f88928aa05503459) Importer(2089858483,0ecaa5967403d082aa24f35e1b516d23)
Start importing Assets/BayatGames/Free Platform Game Assets/Tiles/2D Tiles ( Update 1.9 )/Autumn/128x128/GrassHillLeft2.png using Guid(c4f1b75a04811774f88928aa05503459) Importer(2089858483,0ecaa5967403d082aa24f35e1b516d23) Generated GUIDs only implemented for interfaces!
 -> (artifact id: '597943aa91b7e77a6fc1d59019e3c0e6') in 0.047324 seconds
Number of updated asset objects reloaded before import = 0
Number of asset objects unloaded after import = 3
========================================================================
Received Import Request.
  Time since last request: 0.000022 seconds.
  path: Assets/BayatGames/Free Platform Game Assets/Tiles/2D Tiles ( Update 1.9 )/Autumn/128x128/GrassCliffRight.png
  artifactKey: Guid(bfdb5b705f03df54da987501a4b8fce0) Importer(2089858483,0ecaa5967403d082aa24f35e1b516d23)
Start importing Assets/BayatGames/Free Platform Game Assets/Tiles/2D Tiles ( Update 1.9 )/Autumn/128x128/GrassCliffRight.png using Guid(bfdb5b705f03df54da987501a4b8fce0) Importer(2089858483,0ecaa5967403d082aa24f35e1b516d23) Generated GUIDs only implemented for interfaces!
 -> (artifact id: '8da7187a5254271e2ac409c3713375cd') in 0.044135 seconds
Number of updated asset objects reloaded before import = 0
Number of asset objects unloaded after import = 3
========================================================================
Received Import Request.
  Time since last request: 0.000022 seconds.
  path: Assets/BayatGames/Free Platform Game Assets/Water Animation/2D view ( Update 1.9 )/512x512/9-4x.png
  artifactKey: Guid(f8b0b99c1edb1934f91ae691d1483098) Importer(2089858483,0ecaa5967403d082aa24f35e1b516d23)
Start importing Assets/BayatGames/Free Platform Game Assets/Water Animation/2D view ( Update 1.9 )/512x512/9-4x.png using Guid(f8b0b99c1edb1934f91ae691d1483098) Importer(2089858483,0ecaa5967403d082aa24f35e1b516d23) Generated GUIDs only implemented for interfaces!
 -> (artifact id: '51af1922f256fea567d8bdef1600f073') in 0.043273 seconds
Number of updated asset objects reloaded before import = 0
Number of asset objects unloaded after import = 3
========================================================================
Received Import Request.
  Time since last request: 0.000020 seconds.
  path: Assets/BayatGames/Free Platform Game Assets/Tiles/2D Tiles ( Update 1.9 )/Autumn/256x256/GrassHillRight.png
  artifactKey: Guid(152b2b65b59347340bb65094f8e846a6) Importer(2089858483,0ecaa5967403d082aa24f35e1b516d23)
Start importing Assets/BayatGames/Free Platform Game Assets/Tiles/2D Tiles ( Update 1.9 )/Autumn/256x256/GrassHillRight.png using Guid(152b2b65b59347340bb65094f8e846a6) Importer(2089858483,0ecaa5967403d082aa24f35e1b516d23) Generated GUIDs only implemented for interfaces!
 -> (artifact id: '212ded00f7cb7f9b29f9b2b0e336171e') in 0.043432 seconds
Number of updated asset objects reloaded before import = 0
Number of asset objects unloaded after import = 3
========================================================================
Received Import Request.
  Time since last request: 0.000018 seconds.
  path: Assets/BayatGames/Free Platform Game Assets/Tiles/2D Tiles ( Update 1.9 )/Autumn/256x256/GrassJoinHillRight2.png
  artifactKey: Guid(4a9cb17f4295c514592d7996bca929dc) Importer(2089858483,0ecaa5967403d082aa24f35e1b516d23)
Start importing Assets/BayatGames/Free Platform Game Assets/Tiles/2D Tiles ( Update 1.9 )/Autumn/256x256/GrassJoinHillRight2.png using Guid(4a9cb17f4295c514592d7996bca929dc) Importer(2089858483,0ecaa5967403d082aa24f35e1b516d23) Generated GUIDs only implemented for interfaces!
 -> (artifact id: 'a260c90ec36ab45c79830f19ab01320e') in 0.045694 seconds
Number of updated asset objects reloaded before import = 0
Number of asset objects unloaded after import = 3
========================================================================
Received Import Request.
  Time since last request: 0.000031 seconds.
  path: Assets/BayatGames/Free Platform Game Assets/Tiles/2D Tiles ( Update 1.9 )/Autumn/512x512/GrassJoinHillLeft.png
  artifactKey: Guid(29853250a79ce524ca05974cbe27b15c) Importer(2089858483,0ecaa5967403d082aa24f35e1b516d23)
Start importing Assets/BayatGames/Free Platform Game Assets/Tiles/2D Tiles ( Update 1.9 )/Autumn/512x512/GrassJoinHillLeft.png using Guid(29853250a79ce524ca05974cbe27b15c) Importer(2089858483,0ecaa5967403d082aa24f35e1b516d23) Generated GUIDs only implemented for interfaces!
 -> (artifact id: '06f475167215e4c197ef552ee7c8b900') in 0.041168 seconds
Number of updated asset objects reloaded before import = 0
Number of asset objects unloaded after import = 3
========================================================================
Received Import Request.
  Time since last request: 0.000018 seconds.
  path: Assets/BayatGames/Free Platform Game Assets/Tiles/2D Tiles ( Update 1.9 )/Autumn/512x512/GrassJoinHillLeft&Right.png
  artifactKey: Guid(2d4942dcddcf47b4bb00b7c9433c4a0c) Importer(2089858483,0ecaa5967403d082aa24f35e1b516d23)
Start importing Assets/BayatGames/Free Platform Game Assets/Tiles/2D Tiles ( Update 1.9 )/Autumn/512x512/GrassJoinHillLeft&Right.png using Guid(2d4942dcddcf47b4bb00b7c9433c4a0c) Importer(2089858483,0ecaa5967403d082aa24f35e1b516d23) Generated GUIDs only implemented for interfaces!
 -> (artifact id: '8d65bd238d3f4fad43430c9643d27a20') in 0.041834 seconds
Number of updated asset objects reloaded before import = 0
Number of asset objects unloaded after import = 3
========================================================================
Received Import Request.
  Time since last request: 0.000020 seconds.
  path: Assets/BayatGames/Free Platform Game Assets/Tiles/2D Tiles ( Update 1.9 )/Autumn/256x256/GrassLeft.png
  artifactKey: Guid(17e12354edd794c4c999ea492cb577c4) Importer(2089858483,0ecaa5967403d082aa24f35e1b516d23)
Start importing Assets/BayatGames/Free Platform Game Assets/Tiles/2D Tiles ( Update 1.9 )/Autumn/256x256/GrassLeft.png using Guid(17e12354edd794c4c999ea492cb577c4) Importer(2089858483,0ecaa5967403d082aa24f35e1b516d23) Generated GUIDs only implemented for interfaces!
 -> (artifact id: 'a827ff359e11ef086c77f7dd6f36f15e') in 0.041529 seconds
Number of updated asset objects reloaded before import = 0
Number of asset objects unloaded after import = 3
========================================================================
Received Import Request.
  Time since last request: 0.000016 seconds.
  path: Assets/BayatGames/Free Platform Game Assets/Tiles/2D Tiles ( Update 1.9 )/Autumn/512x512/GrassLeft.png
  artifactKey: Guid(348d272722cb2d14db61ac6af4af22e6) Importer(2089858483,0ecaa5967403d082aa24f35e1b516d23)
Start importing Assets/BayatGames/Free Platform Game Assets/Tiles/2D Tiles ( Update 1.9 )/Autumn/512x512/GrassLeft.png using Guid(348d272722cb2d14db61ac6af4af22e6) Importer(2089858483,0ecaa5967403d082aa24f35e1b516d23) Generated GUIDs only implemented for interfaces!
 -> (artifact id: '6391f385c91c0d70bb74dcd35fc9cc15') in 0.041740 seconds
Number of updated asset objects reloaded before import = 0
Number of asset objects unloaded after import = 3
========================================================================
Received Import Request.
  Time since last request: 0.000017 seconds.
  path: Assets/BayatGames/Free Platform Game Assets/Tiles/2D Tiles ( Update 1.9 )/Autumn/512x512/GrassJoinHillRight2 DownShadow.png
  artifactKey: Guid(fe1a7db9cb5745742835e96a2cdded33) Importer(2089858483,0ecaa5967403d082aa24f35e1b516d23)
Start importing Assets/BayatGames/Free Platform Game Assets/Tiles/2D Tiles ( Update 1.9 )/Autumn/512x512/GrassJoinHillRight2 DownShadow.png using Guid(fe1a7db9cb5745742835e96a2cdded33) Importer(2089858483,0ecaa5967403d082aa24f35e1b516d23) Generated GUIDs only implemented for interfaces!
 -> (artifact id: '8d18606c9c3f0ef1d39d751616bd4a0d') in 0.040515 seconds
Number of updated asset objects reloaded before import = 0
Number of asset objects unloaded after import = 3
========================================================================
Received Import Request.
  Time since last request: 0.000027 seconds.
  path: Assets/BayatGames/Free Platform Game Assets/Tiles/2D Tiles ( Update 1.9 )/Autumn/256x256/GrassJoinHillLeft2.png
  artifactKey: Guid(a38077da8ace4b8448295159bdbfa350) Importer(2089858483,0ecaa5967403d082aa24f35e1b516d23)
Start importing Assets/BayatGames/Free Platform Game Assets/Tiles/2D Tiles ( Update 1.9 )/Autumn/256x256/GrassJoinHillLeft2.png using Guid(a38077da8ace4b8448295159bdbfa350) Importer(2089858483,0ecaa5967403d082aa24f35e1b516d23) Generated GUIDs only implemented for interfaces!
 -> (artifact id: '1a2de88ef85b44e42011586778ef75ed') in 0.045243 seconds
Number of updated asset objects reloaded before import = 0
Number of asset objects unloaded after import = 3
========================================================================
Received Import Request.
  Time since last request: 0.000033 seconds.
  path: Assets/BayatGames/Free Platform Game Assets/Tiles/2D Tiles ( Update 1.9 )/Autumn/512x512/GrassJoinHillRight2&Left2.png
  artifactKey: Guid(888faf73775c696409291a1627604737) Importer(2089858483,0ecaa5967403d082aa24f35e1b516d23)
Start importing Assets/BayatGames/Free Platform Game Assets/Tiles/2D Tiles ( Update 1.9 )/Autumn/512x512/GrassJoinHillRight2&Left2.png using Guid(888faf73775c696409291a1627604737) Importer(2089858483,0ecaa5967403d082aa24f35e1b516d23) Generated GUIDs only implemented for interfaces!
 -> (artifact id: '4104b0c1e0ee820f4a15087283340686') in 0.046097 seconds
Number of updated asset objects reloaded before import = 0
Number of asset objects unloaded after import = 3
========================================================================
Received Import Request.
  Time since last request: 0.000021 seconds.
  path: Assets/BayatGames/Free Platform Game Assets/Tiles/2D Tiles ( Update 1.9 )/Autumn/512x512/GrassJoinHillLeft2.png
  artifactKey: Guid(d847bb9fed47ad64da5f917316f826ad) Importer(2089858483,0ecaa5967403d082aa24f35e1b516d23)
Start importing Assets/BayatGames/Free Platform Game Assets/Tiles/2D Tiles ( Update 1.9 )/Autumn/512x512/GrassJoinHillLeft2.png using Guid(d847bb9fed47ad64da5f917316f826ad) Importer(2089858483,0ecaa5967403d082aa24f35e1b516d23) Generated GUIDs only implemented for interfaces!
 -> (artifact id: '6c29a987fd2589f09f82e442d376d5b4') in 0.046048 seconds
Number of updated asset objects reloaded before import = 0
Number of asset objects unloaded after import = 3
========================================================================
Received Import Request.
  Time since last request: 0.000024 seconds.
  path: Assets/BayatGames/Free Platform Game Assets/Tiles/2D Tiles ( Update 1.9 )/Autumn/256x256/GrassRight.png
  artifactKey: Guid(1051a7b99ed61a449a2c4701a522121d) Importer(2089858483,0ecaa5967403d082aa24f35e1b516d23)
Start importing Assets/BayatGames/Free Platform Game Assets/Tiles/2D Tiles ( Update 1.9 )/Autumn/256x256/GrassRight.png using Guid(1051a7b99ed61a449a2c4701a522121d) Importer(2089858483,0ecaa5967403d082aa24f35e1b516d23) Generated GUIDs only implemented for interfaces!
 -> (artifact id: 'ed9f493527c40b63f47e730331d8f41d') in 0.045863 seconds
Number of updated asset objects reloaded before import = 0
Number of asset objects unloaded after import = 3
========================================================================
Received Import Request.
  Time since last request: 0.000022 seconds.
  path: Assets/BayatGames/Free Platform Game Assets/Tiles/2D Tiles ( Update 1.9 )/Autumn/512x512/GrassJoinHillRight2&Left2 DownShadow.png
  artifactKey: Guid(e56bdcd94393908488c4da82640b3329) Importer(2089858483,0ecaa5967403d082aa24f35e1b516d23)
Start importing Assets/BayatGames/Free Platform Game Assets/Tiles/2D Tiles ( Update 1.9 )/Autumn/512x512/GrassJoinHillRight2&Left2 DownShadow.png using Guid(e56bdcd94393908488c4da82640b3329) Importer(2089858483,0ecaa5967403d082aa24f35e1b516d23) Generated GUIDs only implemented for interfaces!
 -> (artifact id: '7a173274cc0ebd297ecea8a6f1e5dc3f') in 0.046515 seconds
Number of updated asset objects reloaded before import = 0
Number of asset objects unloaded after import = 3
========================================================================
Received Import Request.
  Time since last request: 0.000028 seconds.
  path: Assets/BayatGames/Free Platform Game Assets/Tiles/2D Tiles ( Update 1.9 )/Autumn/512x512/GrassCliffLeft.png
  artifactKey: Guid(e720ab5f72d09f248ac485c124471c83) Importer(2089858483,0ecaa5967403d082aa24f35e1b516d23)
Start importing Assets/BayatGames/Free Platform Game Assets/Tiles/2D Tiles ( Update 1.9 )/Autumn/512x512/GrassCliffLeft.png using Guid(e720ab5f72d09f248ac485c124471c83) Importer(2089858483,0ecaa5967403d082aa24f35e1b516d23) Generated GUIDs only implemented for interfaces!
 -> (artifact id: 'e4c3344cfa9c5b0277e6ad2dd461a6f3') in 0.038751 seconds
Number of updated asset objects reloaded before import = 0
Number of asset objects unloaded after import = 3
========================================================================
Received Import Request.
  Time since last request: 0.000024 seconds.
  path: Assets/2D Pixel Item Pack/No Outline/S_ItemNoOutline_PotionRed_01.png
  artifactKey: Guid(384681ec1344ebe478ee0adbf07f605a) Importer(2089858483,0ecaa5967403d082aa24f35e1b516d23)
Start importing Assets/2D Pixel Item Pack/No Outline/S_ItemNoOutline_PotionRed_01.png using Guid(384681ec1344ebe478ee0adbf07f605a) Importer(2089858483,0ecaa5967403d082aa24f35e1b516d23) Generated GUIDs only implemented for interfaces!
 -> (artifact id: 'd7c1239399f41db7033e4e2656d19881') in 0.040136 seconds
Number of updated asset objects reloaded before import = 0
Number of asset objects unloaded after import = 3
========================================================================
Received Import Request.
  Time since last request: 0.000022 seconds.
  path: Assets/2D Pixel Item Pack/No Outline/S_ItemNoOutline_ChestGold_00.png
  artifactKey: Guid(011013d686918364db8dd879442f57b7) Importer(2089858483,0ecaa5967403d082aa24f35e1b516d23)
Start importing Assets/2D Pixel Item Pack/No Outline/S_ItemNoOutline_ChestGold_00.png using Guid(011013d686918364db8dd879442f57b7) Importer(2089858483,0ecaa5967403d082aa24f35e1b516d23) Generated GUIDs only implemented for interfaces!
 -> (artifact id: '43f463538c81fbae8f1a1825226221bc') in 0.036840 seconds
Number of updated asset objects reloaded before import = 0
Number of asset objects unloaded after import = 3
========================================================================
Received Import Request.
  Time since last request: 0.000017 seconds.
  path: Assets/BayatGames/Free Platform Game Assets/Tiles/2D Tiles ( Update 1.9 )/Autumn/128x128/GrassHillRight2 DownShadow.png
  artifactKey: Guid(7a066788bddaf4443ac747cea9ab415c) Importer(2089858483,0ecaa5967403d082aa24f35e1b516d23)
Start importing Assets/BayatGames/Free Platform Game Assets/Tiles/2D Tiles ( Update 1.9 )/Autumn/128x128/GrassHillRight2 DownShadow.png using Guid(7a066788bddaf4443ac747cea9ab415c) Importer(2089858483,0ecaa5967403d082aa24f35e1b516d23) Generated GUIDs only implemented for interfaces!
 -> (artifact id: 'bc29b4a0f27a58262a657fb59b6ffabd') in 0.042455 seconds
Number of updated asset objects reloaded before import = 0
Number of asset objects unloaded after import = 3
========================================================================
Received Import Request.
  Time since last request: 0.000017 seconds.
  path: Assets/BayatGames/Free Platform Game Assets/Backgrounds/Background/ai/Background1920x1080.ai
  artifactKey: Guid(7cd3b215038f90247ba8289dcb963fc9) Importer(2089858483,0ecaa5967403d082aa24f35e1b516d23)
Start importing Assets/BayatGames/Free Platform Game Assets/Backgrounds/Background/ai/Background1920x1080.ai using Guid(7cd3b215038f90247ba8289dcb963fc9) Importer(2089858483,0ecaa5967403d082aa24f35e1b516d23) Generated GUIDs only implemented for interfaces!
 -> (artifact id: '5ee35557b32837a4d7b3d10eaf5e5d1a') in 0.012323 seconds
Number of updated asset objects reloaded before import = 0
Number of asset objects unloaded after import = 1
========================================================================
Received Import Request.
  Time since last request: 0.000023 seconds.
  path: Assets/BayatGames/Free Platform Game Assets/Chests/Chest/ai/Chest.ai
  artifactKey: Guid(7b0b82e5728defb47974a7c8fb1b58e0) Importer(2089858483,0ecaa5967403d082aa24f35e1b516d23)
Start importing Assets/BayatGames/Free Platform Game Assets/Chests/Chest/ai/Chest.ai using Guid(7b0b82e5728defb47974a7c8fb1b58e0) Importer(2089858483,0ecaa5967403d082aa24f35e1b516d23) Generated GUIDs only implemented for interfaces!
 -> (artifact id: '6db0a9ab319b258dfac8843690e4cffa') in 0.011451 seconds
Number of updated asset objects reloaded before import = 0
Number of asset objects unloaded after import = 1
========================================================================
Received Import Request.
  Time since last request: 0.000092 seconds.
  path: Assets/Enemies/New Enemy ( Update 1.9 )/8x/Square.png
  artifactKey: Guid(a0325b0374e9ebc458051a5756fdef31) Importer(2089858483,0ecaa5967403d082aa24f35e1b516d23)
Start importing Assets/Enemies/New Enemy ( Update 1.9 )/8x/Square.png using Guid(a0325b0374e9ebc458051a5756fdef31) Importer(2089858483,0ecaa5967403d082aa24f35e1b516d23) Generated GUIDs only implemented for interfaces!
 -> (artifact id: 'a0c01845f5eda4fc2ba3153deb262171') in 0.042589 seconds
Number of updated asset objects reloaded before import = 0
Number of asset objects unloaded after import = 3
========================================================================
Received Import Request.
  Time since last request: 0.000019 seconds.
  path: Assets/BayatGames/Free Platform Game Assets/Tiles/2D Tiles ( Update 1.9 )/Spring/128x128/GrassHillLeft2.png
  artifactKey: Guid(a15de4807924b4d428287d0a2b3dc832) Importer(2089858483,0ecaa5967403d082aa24f35e1b516d23)
Start importing Assets/BayatGames/Free Platform Game Assets/Tiles/2D Tiles ( Update 1.9 )/Spring/128x128/GrassHillLeft2.png using Guid(a15de4807924b4d428287d0a2b3dc832) Importer(2089858483,0ecaa5967403d082aa24f35e1b516d23) Generated GUIDs only implemented for interfaces!
 -> (artifact id: '150ee70dfc59c6897b9a7f1b3f2023c6') in 0.042994 seconds
Number of updated asset objects reloaded before import = 0
Number of asset objects unloaded after import = 3
========================================================================
Received Import Request.
  Time since last request: 0.000020 seconds.
  path: Assets/BayatGames/Free Platform Game Assets/Tiles/2D Tiles ( Update 1.9 )/Spring/128x128/GrassHillLeft2 DownShadow.png
  artifactKey: Guid(843abc5aa8fafa2459cb325515dd951b) Importer(2089858483,0ecaa5967403d082aa24f35e1b516d23)
Start importing Assets/BayatGames/Free Platform Game Assets/Tiles/2D Tiles ( Update 1.9 )/Spring/128x128/GrassHillLeft2 DownShadow.png using Guid(843abc5aa8fafa2459cb325515dd951b) Importer(2089858483,0ecaa5967403d082aa24f35e1b516d23) Generated GUIDs only implemented for interfaces!
 -> (artifact id: '26bd34c5f743b0b385182bd6717571e1') in 0.042432 seconds
Number of updated asset objects reloaded before import = 0
Number of asset objects unloaded after import = 3
========================================================================
Received Import Request.
  Time since last request: 0.000024 seconds.
  path: Assets/BayatGames/Free Platform Game Assets/Tiles/2D Tiles ( Update 1.9 )/Autumn/512x512/GrassRight.png
  artifactKey: Guid(5f84cb4bd9487ed4e838c3eefbee4923) Importer(2089858483,0ecaa5967403d082aa24f35e1b516d23)
Start importing Assets/BayatGames/Free Platform Game Assets/Tiles/2D Tiles ( Update 1.9 )/Autumn/512x512/GrassRight.png using Guid(5f84cb4bd9487ed4e838c3eefbee4923) Importer(2089858483,0ecaa5967403d082aa24f35e1b516d23) Generated GUIDs only implemented for interfaces!
 -> (artifact id: '00cfdd1825b518c37c882ff912458886') in 0.045065 seconds
Number of updated asset objects reloaded before import = 0
Number of asset objects unloaded after import = 3
========================================================================
Received Import Request.
  Time since last request: 0.000025 seconds.
  path: Assets/BayatGames/Free Platform Game Assets/Tiles/2D Tiles ( Update 1.9 )/Spring/128x128/GrassHillLeft.png
  artifactKey: Guid(39b8307f6747c084ea6ad643d5f1432f) Importer(2089858483,0ecaa5967403d082aa24f35e1b516d23)
Start importing Assets/BayatGames/Free Platform Game Assets/Tiles/2D Tiles ( Update 1.9 )/Spring/128x128/GrassHillLeft.png using Guid(39b8307f6747c084ea6ad643d5f1432f) Importer(2089858483,0ecaa5967403d082aa24f35e1b516d23) Generated GUIDs only implemented for interfaces!
 -> (artifact id: '469d18491487ff4acbcefa886e9a7caa') in 0.038747 seconds
Number of updated asset objects reloaded before import = 0
Number of asset objects unloaded after import = 3
========================================================================
Received Import Request.
  Time since last request: 0.000015 seconds.
  path: Assets/BayatGames/Free Platform Game Assets/Tiles/2D Tiles ( Update 1.9 )/Spring/256x256/GrassColumn.png
  artifactKey: Guid(744be3976944b754bbe6492c94dc45e4) Importer(2089858483,0ecaa5967403d082aa24f35e1b516d23)
Start importing Assets/BayatGames/Free Platform Game Assets/Tiles/2D Tiles ( Update 1.9 )/Spring/256x256/GrassColumn.png using Guid(744be3976944b754bbe6492c94dc45e4) Importer(2089858483,0ecaa5967403d082aa24f35e1b516d23) Generated GUIDs only implemented for interfaces!
 -> (artifact id: '9ae27c0e30348d39f4dd57c91ba0763d') in 0.044738 seconds
Number of updated asset objects reloaded before import = 0
Number of asset objects unloaded after import = 3
========================================================================
Received Import Request.
  Time since last request: 0.000021 seconds.
  path: Assets/BayatGames/Free Platform Game Assets/Tiles/2D Tiles ( Update 1.9 )/Spring/256x256/GrassCliffLeft.png
  artifactKey: Guid(10f272208848a494e8ca07ca6444b9b6) Importer(2089858483,0ecaa5967403d082aa24f35e1b516d23)
Start importing Assets/BayatGames/Free Platform Game Assets/Tiles/2D Tiles ( Update 1.9 )/Spring/256x256/GrassCliffLeft.png using Guid(10f272208848a494e8ca07ca6444b9b6) Importer(2089858483,0ecaa5967403d082aa24f35e1b516d23) Generated GUIDs only implemented for interfaces!
 -> (artifact id: 'bbcd07dbb37fda6de7f3742d6d7e3d5f') in 0.042927 seconds
Number of updated asset objects reloaded before import = 0
Number of asset objects unloaded after import = 3
========================================================================
Received Import Request.
  Time since last request: 0.000018 seconds.
  path: Assets/BayatGames/Free Platform Game Assets/Tiles/2D Tiles ( Update 1.9 )/Spring/128x128/Grass.png
  artifactKey: Guid(d9b0a0dc2578b3e44b1dd00a404b2c93) Importer(2089858483,0ecaa5967403d082aa24f35e1b516d23)
Start importing Assets/BayatGames/Free Platform Game Assets/Tiles/2D Tiles ( Update 1.9 )/Spring/128x128/Grass.png using Guid(d9b0a0dc2578b3e44b1dd00a404b2c93) Importer(2089858483,0ecaa5967403d082aa24f35e1b516d23) Generated GUIDs only implemented for interfaces!
 -> (artifact id: '5a6e9f483dbe913baa7465e539690f07') in 0.038084 seconds
Number of updated asset objects reloaded before import = 0
Number of asset objects unloaded after import = 3
========================================================================
Received Import Request.
  Time since last request: 0.000017 seconds.
  path: Assets/BayatGames/Free Platform Game Assets/Tiles/2D Tiles ( Update 1.9 )/Spring/128x128/GrassJoinHillLeft2 DownShadow.png
  artifactKey: Guid(793f003b3cdfcc54f9bf7010f8c14a14) Importer(2089858483,0ecaa5967403d082aa24f35e1b516d23)
Start importing Assets/BayatGames/Free Platform Game Assets/Tiles/2D Tiles ( Update 1.9 )/Spring/128x128/GrassJoinHillLeft2 DownShadow.png using Guid(793f003b3cdfcc54f9bf7010f8c14a14) Importer(2089858483,0ecaa5967403d082aa24f35e1b516d23) Generated GUIDs only implemented for interfaces!
 -> (artifact id: '3a29633b76df24ea76e5efe257e9dba4') in 0.040915 seconds
Number of updated asset objects reloaded before import = 0
Number of asset objects unloaded after import = 3
========================================================================
Received Import Request.
  Time since last request: 0.000026 seconds.
  path: Assets/BayatGames/Free Platform Game Assets/Tiles/2D Tiles ( Update 1.9 )/Spring/128x128/GrassColumn.png
  artifactKey: Guid(21a46f549323fb349b9c1a4972f9a1e0) Importer(2089858483,0ecaa5967403d082aa24f35e1b516d23)
Start importing Assets/BayatGames/Free Platform Game Assets/Tiles/2D Tiles ( Update 1.9 )/Spring/128x128/GrassColumn.png using Guid(21a46f549323fb349b9c1a4972f9a1e0) Importer(2089858483,0ecaa5967403d082aa24f35e1b516d23) Generated GUIDs only implemented for interfaces!
 -> (artifact id: '9f7da45dc562c7c6da7967249957c817') in 0.041996 seconds
Number of updated asset objects reloaded before import = 0
Number of asset objects unloaded after import = 3
========================================================================
Received Import Request.
  Time since last request: 0.000023 seconds.
  path: Assets/BayatGames/Free Platform Game Assets/Tiles/2D Tiles ( Update 1.9 )/Spring/128x128/GrassCliffLeft.png
  artifactKey: Guid(a15e8cd8ea491c74fa2f14712fe0849b) Importer(2089858483,0ecaa5967403d082aa24f35e1b516d23)
Start importing Assets/BayatGames/Free Platform Game Assets/Tiles/2D Tiles ( Update 1.9 )/Spring/128x128/GrassCliffLeft.png using Guid(a15e8cd8ea491c74fa2f14712fe0849b) Importer(2089858483,0ecaa5967403d082aa24f35e1b516d23) Generated GUIDs only implemented for interfaces!
 -> (artifact id: '258b53d01c9eb2b783dcaba7744ad61b') in 0.041855 seconds
Number of updated asset objects reloaded before import = 0
Number of asset objects unloaded after import = 3
========================================================================
Received Import Request.
  Time since last request: 0.000021 seconds.
  path: Assets/BayatGames/Free Platform Game Assets/Tiles/2D Tiles ( Update 1.9 )/Spring/128x128/GrassLeft.png
  artifactKey: Guid(1c633c7894e36a34fbbb8ff9fbc63da9) Importer(2089858483,0ecaa5967403d082aa24f35e1b516d23)
Start importing Assets/BayatGames/Free Platform Game Assets/Tiles/2D Tiles ( Update 1.9 )/Spring/128x128/GrassLeft.png using Guid(1c633c7894e36a34fbbb8ff9fbc63da9) Importer(2089858483,0ecaa5967403d082aa24f35e1b516d23) Generated GUIDs only implemented for interfaces!
 -> (artifact id: '0ca4672f86715f4b440ae73a2ee6a1ec') in 0.045041 seconds
Number of updated asset objects reloaded before import = 0
Number of asset objects unloaded after import = 3
========================================================================
Received Import Request.
  Time since last request: 0.000015 seconds.
  path: Assets/BayatGames/Free Platform Game Assets/Tiles/2D Tiles ( Update 1.9 )/Spring/256x256/GrassHillRight.png
  artifactKey: Guid(19dd3fac0d0a33f4f8b571941054e3f7) Importer(2089858483,0ecaa5967403d082aa24f35e1b516d23)
Start importing Assets/BayatGames/Free Platform Game Assets/Tiles/2D Tiles ( Update 1.9 )/Spring/256x256/GrassHillRight.png using Guid(19dd3fac0d0a33f4f8b571941054e3f7) Importer(2089858483,0ecaa5967403d082aa24f35e1b516d23) Generated GUIDs only implemented for interfaces!
 -> (artifact id: '07e69d345fb60cb7ed958f06c1d948fd') in 0.044082 seconds
Number of updated asset objects reloaded before import = 0
Number of asset objects unloaded after import = 3
========================================================================
Received Import Request.
  Time since last request: 0.000020 seconds.
  path: Assets/BayatGames/Free Platform Game Assets/Tiles/2D Tiles ( Update 1.9 )/Spring/256x256/GrassHillRight2.png
  artifactKey: Guid(9142a53b01f878444ae52a936564cbaa) Importer(2089858483,0ecaa5967403d082aa24f35e1b516d23)
Start importing Assets/BayatGames/Free Platform Game Assets/Tiles/2D Tiles ( Update 1.9 )/Spring/256x256/GrassHillRight2.png using Guid(9142a53b01f878444ae52a936564cbaa) Importer(2089858483,0ecaa5967403d082aa24f35e1b516d23) Generated GUIDs only implemented for interfaces!
 -> (artifact id: '297dc96a420357c2dafa110d6b010ed0') in 0.042059 seconds
Number of updated asset objects reloaded before import = 0
Number of asset objects unloaded after import = 3
========================================================================
Received Import Request.
  Time since last request: 0.000019 seconds.
  path: Assets/BayatGames/Free Platform Game Assets/Tiles/2D Tiles ( Update 1.9 )/Spring/256x256/GrassHillRight2 DownShadow.png
  artifactKey: Guid(dabe91581cff3fc4d8b2185a6476ef4f) Importer(2089858483,0ecaa5967403d082aa24f35e1b516d23)
Start importing Assets/BayatGames/Free Platform Game Assets/Tiles/2D Tiles ( Update 1.9 )/Spring/256x256/GrassHillRight2 DownShadow.png using Guid(dabe91581cff3fc4d8b2185a6476ef4f) Importer(2089858483,0ecaa5967403d082aa24f35e1b516d23) Generated GUIDs only implemented for interfaces!
 -> (artifact id: '5256544746ead71dfae7d61f42f1826c') in 0.040185 seconds
Number of updated asset objects reloaded before import = 0
Number of asset objects unloaded after import = 3
========================================================================
Received Import Request.
  Time since last request: 0.000019 seconds.
  path: Assets/BayatGames/Free Platform Game Assets/Tiles/2D Tiles ( Update 1.9 )/Spring/128x128/GrassRight.png
  artifactKey: Guid(6647a81827a514d4bb1e39c9bb566d9f) Importer(2089858483,0ecaa5967403d082aa24f35e1b516d23)
Start importing Assets/BayatGames/Free Platform Game Assets/Tiles/2D Tiles ( Update 1.9 )/Spring/128x128/GrassRight.png using Guid(6647a81827a514d4bb1e39c9bb566d9f) Importer(2089858483,0ecaa5967403d082aa24f35e1b516d23) Generated GUIDs only implemented for interfaces!
 -> (artifact id: '203b9b20fe8c94eacc81a1b30ae5d00c') in 0.038440 seconds
Number of updated asset objects reloaded before import = 0
Number of asset objects unloaded after import = 3
========================================================================
Received Import Request.
  Time since last request: 0.000030 seconds.
  path: Assets/BayatGames/Free Platform Game Assets/Tiles/2D Tiles ( Update 1.9 )/Spring/512x512/Grass.png
  artifactKey: Guid(6c3fb653efa2ebd429742dc664f8b159) Importer(2089858483,0ecaa5967403d082aa24f35e1b516d23)
Start importing Assets/BayatGames/Free Platform Game Assets/Tiles/2D Tiles ( Update 1.9 )/Spring/512x512/Grass.png using Guid(6c3fb653efa2ebd429742dc664f8b159) Importer(2089858483,0ecaa5967403d082aa24f35e1b516d23) Generated GUIDs only implemented for interfaces!
 -> (artifact id: '2ef5ef61b6fe06ddc82bd0184a130d09') in 0.034950 seconds
Number of updated asset objects reloaded before import = 0
Number of asset objects unloaded after import = 3
========================================================================
Received Import Request.
  Time since last request: 0.000016 seconds.
  path: Assets/BayatGames/Free Platform Game Assets/Tiles/2D Tiles ( Update 1.9 )/Spring/512x512/GrassJoinHillRight2 DownShadow.png
  artifactKey: Guid(52a1814036464834f8724428abb9ce53) Importer(2089858483,0ecaa5967403d082aa24f35e1b516d23)
Start importing Assets/BayatGames/Free Platform Game Assets/Tiles/2D Tiles ( Update 1.9 )/Spring/512x512/GrassJoinHillRight2 DownShadow.png using Guid(52a1814036464834f8724428abb9ce53) Importer(2089858483,0ecaa5967403d082aa24f35e1b516d23) Generated GUIDs only implemented for interfaces!
 -> (artifact id: '1dd9a3099fd1550a0e48b9d7ccc65799') in 0.045641 seconds
Number of updated asset objects reloaded before import = 0
Number of asset objects unloaded after import = 3
========================================================================
Received Import Request.
  Time since last request: 0.000017 seconds.
  path: Assets/BayatGames/Free Platform Game Assets/Tiles/2D Tiles ( Update 1.9 )/Spring/512x512/GrassCliffLeft.png
  artifactKey: Guid(b76c72f7cbd8c1e42a03ffb36f953d2a) Importer(2089858483,0ecaa5967403d082aa24f35e1b516d23)
Start importing Assets/BayatGames/Free Platform Game Assets/Tiles/2D Tiles ( Update 1.9 )/Spring/512x512/GrassCliffLeft.png using Guid(b76c72f7cbd8c1e42a03ffb36f953d2a) Importer(2089858483,0ecaa5967403d082aa24f35e1b516d23) Generated GUIDs only implemented for interfaces!
 -> (artifact id: 'dcee66300235558d1bbcd01a7d5ff886') in 0.039298 seconds
Number of updated asset objects reloaded before import = 0
Number of asset objects unloaded after import = 3
========================================================================
Received Import Request.
  Time since last request: 0.000017 seconds.
  path: Assets/BayatGames/Free Platform Game Assets/Tiles/2D Tiles ( Update 1.9 )/Spring/512x512/GrassHillLeft2.png
  artifactKey: Guid(090374c41fd51184e99c95d0acd9fcf9) Importer(2089858483,0ecaa5967403d082aa24f35e1b516d23)
Start importing Assets/BayatGames/Free Platform Game Assets/Tiles/2D Tiles ( Update 1.9 )/Spring/512x512/GrassHillLeft2.png using Guid(090374c41fd51184e99c95d0acd9fcf9) Importer(2089858483,0ecaa5967403d082aa24f35e1b516d23) Generated GUIDs only implemented for interfaces!
 -> (artifact id: '3eff63ba49bfe93ffe082c60fd36aed5') in 0.045777 seconds
Number of updated asset objects reloaded before import = 0
Number of asset objects unloaded after import = 3
========================================================================
Received Import Request.
  Time since last request: 0.000030 seconds.
  path: Assets/BayatGames/Free Platform Game Assets/Tiles/2D Tiles ( Update 1.9 )/Spring/512x512/GrassCliffRight.png
  artifactKey: Guid(08595250fd6a565488e11bd469f79951) Importer(2089858483,0ecaa5967403d082aa24f35e1b516d23)
Start importing Assets/BayatGames/Free Platform Game Assets/Tiles/2D Tiles ( Update 1.9 )/Spring/512x512/GrassCliffRight.png using Guid(08595250fd6a565488e11bd469f79951) Importer(2089858483,0ecaa5967403d082aa24f35e1b516d23) Generated GUIDs only implemented for interfaces!
 -> (artifact id: '0494b3996f01424d78fc434c1ab0c770') in 0.037446 seconds
Number of updated asset objects reloaded before import = 0
Number of asset objects unloaded after import = 3
========================================================================
Received Import Request.
  Time since last request: 0.000017 seconds.
  path: Assets/BayatGames/Free Platform Game Assets/Tiles/2D Tiles ( Update 1.9 )/Spring/512x512/GrassHillLeft2 DownShadow.png
  artifactKey: Guid(b33019b6cf651cf4abfaec45ffe44de5) Importer(2089858483,0ecaa5967403d082aa24f35e1b516d23)
Start importing Assets/BayatGames/Free Platform Game Assets/Tiles/2D Tiles ( Update 1.9 )/Spring/512x512/GrassHillLeft2 DownShadow.png using Guid(b33019b6cf651cf4abfaec45ffe44de5) Importer(2089858483,0ecaa5967403d082aa24f35e1b516d23) Generated GUIDs only implemented for interfaces!
 -> (artifact id: '03db808b78bc99cffe37c0f2049ae49b') in 0.050874 seconds
Number of updated asset objects reloaded before import = 0
Number of asset objects unloaded after import = 3
========================================================================
Received Import Request.
  Time since last request: 0.000020 seconds.
  path: Assets/BayatGames/Free Platform Game Assets/Tiles/2D Tiles ( Update 1.9 )/Spring/256x256/GrassJoinHillRight.png
  artifactKey: Guid(aef3744cdda296b4d98da1864f895442) Importer(2089858483,0ecaa5967403d082aa24f35e1b516d23)
Start importing Assets/BayatGames/Free Platform Game Assets/Tiles/2D Tiles ( Update 1.9 )/Spring/256x256/GrassJoinHillRight.png using Guid(aef3744cdda296b4d98da1864f895442) Importer(2089858483,0ecaa5967403d082aa24f35e1b516d23) Generated GUIDs only implemented for interfaces!
 -> (artifact id: 'caf158ee51bd97e64dab352b5e8eff3e') in 0.042328 seconds
Number of updated asset objects reloaded before import = 0
Number of asset objects unloaded after import = 3
========================================================================
Received Import Request.
  Time since last request: 0.000026 seconds.
  path: Assets/BayatGames/Free Platform Game Assets/Tiles/2D Tiles ( Update 1.9 )/Spring/512x512/GrassJoinHillLeft.png
  artifactKey: Guid(e6eae7e18ef03794086cc5e9b57d27de) Importer(2089858483,0ecaa5967403d082aa24f35e1b516d23)
Start importing Assets/BayatGames/Free Platform Game Assets/Tiles/2D Tiles ( Update 1.9 )/Spring/512x512/GrassJoinHillLeft.png using Guid(e6eae7e18ef03794086cc5e9b57d27de) Importer(2089858483,0ecaa5967403d082aa24f35e1b516d23) Generated GUIDs only implemented for interfaces!
 -> (artifact id: '20ae586d412870859a16cf1402685c2d') in 0.041780 seconds
Number of updated asset objects reloaded before import = 0
Number of asset objects unloaded after import = 3
========================================================================
Received Import Request.
  Time since last request: 0.000043 seconds.
  path: Assets/BayatGames/Free Platform Game Assets/Tiles/2D Tiles ( Update 1.9 )/Spring/256x256/GrassLeft.png
  artifactKey: Guid(5406f9bf740fe624fa198230efceebc4) Importer(2089858483,0ecaa5967403d082aa24f35e1b516d23)
Start importing Assets/BayatGames/Free Platform Game Assets/Tiles/2D Tiles ( Update 1.9 )/Spring/256x256/GrassLeft.png using Guid(5406f9bf740fe624fa198230efceebc4) Importer(2089858483,0ecaa5967403d082aa24f35e1b516d23) Generated GUIDs only implemented for interfaces!
 -> (artifact id: '46a522bc605f7644d8a2e44eeac011d4') in 0.046962 seconds
Number of updated asset objects reloaded before import = 0
Number of asset objects unloaded after import = 3
========================================================================
Received Import Request.
  Time since last request: 0.000022 seconds.
  path: Assets/BayatGames/Free Platform Game Assets/Tiles/2D Tiles ( Update 1.9 )/Spring/512x512/GrassColumn.png
  artifactKey: Guid(902865741f3950e40b38146c23352bca) Importer(2089858483,0ecaa5967403d082aa24f35e1b516d23)
Start importing Assets/BayatGames/Free Platform Game Assets/Tiles/2D Tiles ( Update 1.9 )/Spring/512x512/GrassColumn.png using Guid(902865741f3950e40b38146c23352bca) Importer(2089858483,0ecaa5967403d082aa24f35e1b516d23) Generated GUIDs only implemented for interfaces!
 -> (artifact id: 'f5580ca7882785feb30f2f2ba3208a0f') in 0.048031 seconds
Number of updated asset objects reloaded before import = 0
Number of asset objects unloaded after import = 3
========================================================================
Received Import Request.
  Time since last request: 0.000019 seconds.
  path: Assets/BayatGames/Free Platform Game Assets/Tiles/2D Tiles ( Update 1.9 )/Spring/256x256/GrassMid.png
  artifactKey: Guid(7d6be741cc5c597469a6e466e5a62462) Importer(2089858483,0ecaa5967403d082aa24f35e1b516d23)
Start importing Assets/BayatGames/Free Platform Game Assets/Tiles/2D Tiles ( Update 1.9 )/Spring/256x256/GrassMid.png using Guid(7d6be741cc5c597469a6e466e5a62462) Importer(2089858483,0ecaa5967403d082aa24f35e1b516d23) Generated GUIDs only implemented for interfaces!
 -> (artifact id: 'e88383b08370fa2417173ed1c3779438') in 0.049669 seconds
Number of updated asset objects reloaded before import = 0
Number of asset objects unloaded after import = 3
========================================================================
Received Import Request.
  Time since last request: 0.000023 seconds.
  path: Assets/BayatGames/Free Platform Game Assets/Tiles/2D Tiles ( Update 1.9 )/Spring/512x512/GrassJoinHillLeft2 DownShadow.png
  artifactKey: Guid(41a0ef04fba499e40833b1a7f8cceff5) Importer(2089858483,0ecaa5967403d082aa24f35e1b516d23)
Start importing Assets/BayatGames/Free Platform Game Assets/Tiles/2D Tiles ( Update 1.9 )/Spring/512x512/GrassJoinHillLeft2 DownShadow.png using Guid(41a0ef04fba499e40833b1a7f8cceff5) Importer(2089858483,0ecaa5967403d082aa24f35e1b516d23) Generated GUIDs only implemented for interfaces!
 -> (artifact id: '9b60a08c4b8a2ab3af68eeaad10c29c9') in 0.044282 seconds
Number of updated asset objects reloaded before import = 0
Number of asset objects unloaded after import = 3
========================================================================
Received Import Request.
  Time since last request: 0.000019 seconds.
  path: Assets/BayatGames/Free Platform Game Assets/Tiles/2D Tiles ( Update 1.9 )/Spring/128x128/GrassCliffRight.png
  artifactKey: Guid(b661778ca4115214bbcd8d593f31fa1d) Importer(2089858483,0ecaa5967403d082aa24f35e1b516d23)
Start importing Assets/BayatGames/Free Platform Game Assets/Tiles/2D Tiles ( Update 1.9 )/Spring/128x128/GrassCliffRight.png using Guid(b661778ca4115214bbcd8d593f31fa1d) Importer(2089858483,0ecaa5967403d082aa24f35e1b516d23) Generated GUIDs only implemented for interfaces!
 -> (artifact id: '28cc85daa8e43691a7fb6f2896799d08') in 0.039453 seconds
Number of updated asset objects reloaded before import = 0
Number of asset objects unloaded after import = 3
========================================================================
Received Import Request.
  Time since last request: 0.000026 seconds.
  path: Assets/BayatGames/Free Platform Game Assets/Tiles/2D Tiles ( Update 1.9 )/Spring/128x128/GrassJoinHillRight.png
  artifactKey: Guid(a13cc953b849f3c4eb9bb5331ddb02af) Importer(2089858483,0ecaa5967403d082aa24f35e1b516d23)
Start importing Assets/BayatGames/Free Platform Game Assets/Tiles/2D Tiles ( Update 1.9 )/Spring/128x128/GrassJoinHillRight.png using Guid(a13cc953b849f3c4eb9bb5331ddb02af) Importer(2089858483,0ecaa5967403d082aa24f35e1b516d23) Generated GUIDs only implemented for interfaces!
 -> (artifact id: '92fb86e34c4c111a90784ef8bd9c7b81') in 0.040715 seconds
Number of updated asset objects reloaded before import = 0
Number of asset objects unloaded after import = 3
========================================================================
Received Import Request.
  Time since last request: 0.000018 seconds.
  path: Assets/BayatGames/Free Platform Game Assets/Tiles/2D Tiles ( Update 1.9 )/Spring/128x128/GrassMid.png
  artifactKey: Guid(2f266993a232e3943831958fadb7093c) Importer(2089858483,0ecaa5967403d082aa24f35e1b516d23)
Start importing Assets/BayatGames/Free Platform Game Assets/Tiles/2D Tiles ( Update 1.9 )/Spring/128x128/GrassMid.png using Guid(2f266993a232e3943831958fadb7093c) Importer(2089858483,0ecaa5967403d082aa24f35e1b516d23) Generated GUIDs only implemented for interfaces!
 -> (artifact id: 'd2ce5f002c5ac8cb991acf1deb210578') in 0.045775 seconds
Number of updated asset objects reloaded before import = 0
Number of asset objects unloaded after import = 3
========================================================================
Received Import Request.
  Time since last request: 0.000017 seconds.
  path: Assets/BayatGames/Free Platform Game Assets/Tiles/2D Tiles ( Update 1.9 )/Spring/512x512/GrassJoinHillRight2&Left2.png
  artifactKey: Guid(25aef3dec09b9b441a6d96d3b26f00b6) Importer(2089858483,0ecaa5967403d082aa24f35e1b516d23)
Start importing Assets/BayatGames/Free Platform Game Assets/Tiles/2D Tiles ( Update 1.9 )/Spring/512x512/GrassJoinHillRight2&Left2.png using Guid(25aef3dec09b9b441a6d96d3b26f00b6) Importer(2089858483,0ecaa5967403d082aa24f35e1b516d23) Generated GUIDs only implemented for interfaces!
 -> (artifact id: '16e6a3647f39079ade71c9c47aa554c7') in 0.046437 seconds
Number of updated asset objects reloaded before import = 0
Number of asset objects unloaded after import = 3
========================================================================
Received Import Request.
  Time since last request: 0.000022 seconds.
  path: Assets/BayatGames/Free Platform Game Assets/Tiles/2D Tiles ( Update 1.9 )/Winter/128x128/GrassHillLeft.png
  artifactKey: Guid(075cd760ed38a224da01c0c5f350a9ba) Importer(2089858483,0ecaa5967403d082aa24f35e1b516d23)
Start importing Assets/BayatGames/Free Platform Game Assets/Tiles/2D Tiles ( Update 1.9 )/Winter/128x128/GrassHillLeft.png using Guid(075cd760ed38a224da01c0c5f350a9ba) Importer(2089858483,0ecaa5967403d082aa24f35e1b516d23) Generated GUIDs only implemented for interfaces!
 -> (artifact id: '129b57660cd2ee3c222f0927a7d41952') in 0.045467 seconds
Number of updated asset objects reloaded before import = 0
Number of asset objects unloaded after import = 3
========================================================================
Received Import Request.
  Time since last request: 0.000021 seconds.
  path: Assets/BayatGames/Free Platform Game Assets/Tiles/2D Tiles ( Update 1.9 )/Winter/128x128/GrassHillLeft2 DownShadow.png
  artifactKey: Guid(db89d8c5f7afe164abb5463f1199f29e) Importer(2089858483,0ecaa5967403d082aa24f35e1b516d23)
Start importing Assets/BayatGames/Free Platform Game Assets/Tiles/2D Tiles ( Update 1.9 )/Winter/128x128/GrassHillLeft2 DownShadow.png using Guid(db89d8c5f7afe164abb5463f1199f29e) Importer(2089858483,0ecaa5967403d082aa24f35e1b516d23) Generated GUIDs only implemented for interfaces!
 -> (artifact id: '8b3d70f9c83741a0d4a808cc7d7123db') in 0.042360 seconds
Number of updated asset objects reloaded before import = 0
Number of asset objects unloaded after import = 3
========================================================================
Received Import Request.
  Time since last request: 0.000025 seconds.
  path: Assets/BayatGames/Free Platform Game Assets/Tiles/2D Tiles ( Update 1.9 )/Winter/128x128/GrassHillRight2.png
  artifactKey: Guid(16903d1469b7d7b4e98d5157f3ae929c) Importer(2089858483,0ecaa5967403d082aa24f35e1b516d23)
Start importing Assets/BayatGames/Free Platform Game Assets/Tiles/2D Tiles ( Update 1.9 )/Winter/128x128/GrassHillRight2.png using Guid(16903d1469b7d7b4e98d5157f3ae929c) Importer(2089858483,0ecaa5967403d082aa24f35e1b516d23) Generated GUIDs only implemented for interfaces!
 -> (artifact id: 'ddf9129f6bba62a70ab74297c17c03ef') in 0.043215 seconds
Number of updated asset objects reloaded before import = 0
Number of asset objects unloaded after import = 3
========================================================================
Received Import Request.
  Time since last request: 0.000034 seconds.
  path: Assets/BayatGames/Free Platform Game Assets/Tiles/2D Tiles ( Update 1.9 )/Winter/128x128/GrassJoinHillLeft2.png
  artifactKey: Guid(4eb7d51c6f0dc8d4f816e8f269f2e227) Importer(2089858483,0ecaa5967403d082aa24f35e1b516d23)
Start importing Assets/BayatGames/Free Platform Game Assets/Tiles/2D Tiles ( Update 1.9 )/Winter/128x128/GrassJoinHillLeft2.png using Guid(4eb7d51c6f0dc8d4f816e8f269f2e227) Importer(2089858483,0ecaa5967403d082aa24f35e1b516d23) Generated GUIDs only implemented for interfaces!
 -> (artifact id: 'eadb2daee6152162753b148471e50ff4') in 0.042557 seconds
Number of updated asset objects reloaded before import = 0
Number of asset objects unloaded after import = 3
========================================================================
Received Import Request.
  Time since last request: 0.000023 seconds.
  path: Assets/BayatGames/Free Platform Game Assets/Tiles/2D Tiles ( Update 1.9 )/Winter/128x128/GrassHillLeft2.png
  artifactKey: Guid(2c75aebd7ee667d4a94fc779321e362c) Importer(2089858483,0ecaa5967403d082aa24f35e1b516d23)
Start importing Assets/BayatGames/Free Platform Game Assets/Tiles/2D Tiles ( Update 1.9 )/Winter/128x128/GrassHillLeft2.png using Guid(2c75aebd7ee667d4a94fc779321e362c) Importer(2089858483,0ecaa5967403d082aa24f35e1b516d23) Generated GUIDs only implemented for interfaces!
 -> (artifact id: '66f3fb9ed16e757541fe1666e85789db') in 0.047506 seconds
Number of updated asset objects reloaded before import = 0
Number of asset objects unloaded after import = 3
========================================================================
Received Import Request.
  Time since last request: 0.000022 seconds.
  path: Assets/BayatGames/Free Platform Game Assets/Tiles/2D Tiles ( Update 1.9 )/Winter/128x128/GrassJoinHillLeft2 DownShadow.png
  artifactKey: Guid(d1bb4b2600d8a05449076b9562788c11) Importer(2089858483,0ecaa5967403d082aa24f35e1b516d23)
Start importing Assets/BayatGames/Free Platform Game Assets/Tiles/2D Tiles ( Update 1.9 )/Winter/128x128/GrassJoinHillLeft2 DownShadow.png using Guid(d1bb4b2600d8a05449076b9562788c11) Importer(2089858483,0ecaa5967403d082aa24f35e1b516d23) Generated GUIDs only implemented for interfaces!
 -> (artifact id: '711f1a7a8c4de61a03f6ab04b6b71c95') in 0.047382 seconds
Number of updated asset objects reloaded before import = 0
Number of asset objects unloaded after import = 3
========================================================================
Received Import Request.
  Time since last request: 0.000019 seconds.
  path: Assets/BayatGames/Free Platform Game Assets/Tiles/2D Tiles ( Update 1.9 )/Winter/128x128/GrassJoinHillLeft.png
  artifactKey: Guid(a2ca6dc7d892600418891a6723041545) Importer(2089858483,0ecaa5967403d082aa24f35e1b516d23)
Start importing Assets/BayatGames/Free Platform Game Assets/Tiles/2D Tiles ( Update 1.9 )/Winter/128x128/GrassJoinHillLeft.png using Guid(a2ca6dc7d892600418891a6723041545) Importer(2089858483,0ecaa5967403d082aa24f35e1b516d23) Generated GUIDs only implemented for interfaces!
 -> (artifact id: '1310bf36fcf12cb7c7000b80494ff520') in 0.051691 seconds
Number of updated asset objects reloaded before import = 0
Number of asset objects unloaded after import = 3
========================================================================
Received Import Request.
  Time since last request: 0.000017 seconds.
  path: Assets/BayatGames/Free Platform Game Assets/Tiles/2D Tiles ( Update 1.9 )/Winter/128x128/GrassHillRight.png
  artifactKey: Guid(4ff6d2a691ef23440917c9d6ad690916) Importer(2089858483,0ecaa5967403d082aa24f35e1b516d23)
Start importing Assets/BayatGames/Free Platform Game Assets/Tiles/2D Tiles ( Update 1.9 )/Winter/128x128/GrassHillRight.png using Guid(4ff6d2a691ef23440917c9d6ad690916) Importer(2089858483,0ecaa5967403d082aa24f35e1b516d23) Generated GUIDs only implemented for interfaces!
 -> (artifact id: '5380193ecfeadbab0eec68ea5fe60ac2') in 0.049831 seconds
Number of updated asset objects reloaded before import = 0
Number of asset objects unloaded after import = 3
========================================================================
Received Import Request.
  Time since last request: 0.000020 seconds.
  path: Assets/BayatGames/Free Platform Game Assets/Tiles/2D Tiles ( Update 1.9 )/Winter/128x128/Grass.png
  artifactKey: Guid(aa82648aa0be37c4b85d937285dfcf56) Importer(2089858483,0ecaa5967403d082aa24f35e1b516d23)
Start importing Assets/BayatGames/Free Platform Game Assets/Tiles/2D Tiles ( Update 1.9 )/Winter/128x128/Grass.png using Guid(aa82648aa0be37c4b85d937285dfcf56) Importer(2089858483,0ecaa5967403d082aa24f35e1b516d23) Generated GUIDs only implemented for interfaces!
 -> (artifact id: '8896e741d64e8837a8d23b440d38f0e2') in 0.042834 seconds
Number of updated asset objects reloaded before import = 0
Number of asset objects unloaded after import = 3
========================================================================
Received Import Request.
  Time since last request: 0.000025 seconds.
  path: Assets/BayatGames/Free Platform Game Assets/Tiles/2D Tiles ( Update 1.9 )/Winter/128x128/GrassCliffRight.png
  artifactKey: Guid(e2a8735a67725e346a9574fc2f8285f8) Importer(2089858483,0ecaa5967403d082aa24f35e1b516d23)
Start importing Assets/BayatGames/Free Platform Game Assets/Tiles/2D Tiles ( Update 1.9 )/Winter/128x128/GrassCliffRight.png using Guid(e2a8735a67725e346a9574fc2f8285f8) Importer(2089858483,0ecaa5967403d082aa24f35e1b516d23) Generated GUIDs only implemented for interfaces!
 -> (artifact id: 'c48170cccdc58633b7664bccd04a434b') in 0.041005 seconds
Number of updated asset objects reloaded before import = 0
Number of asset objects unloaded after import = 3
========================================================================
Received Import Request.
  Time since last request: 0.000017 seconds.
  path: Assets/BayatGames/Free Platform Game Assets/Tiles/2D Tiles ( Update 1.9 )/Winter/128x128/GrassCliffLeft.png
  artifactKey: Guid(595a4379816455e409d18ea6587a205a) Importer(2089858483,0ecaa5967403d082aa24f35e1b516d23)
Start importing Assets/BayatGames/Free Platform Game Assets/Tiles/2D Tiles ( Update 1.9 )/Winter/128x128/GrassCliffLeft.png using Guid(595a4379816455e409d18ea6587a205a) Importer(2089858483,0ecaa5967403d082aa24f35e1b516d23) Generated GUIDs only implemented for interfaces!
 -> (artifact id: '892a10c03d5ca8f92082d53855ae24ce') in 0.042805 seconds
Number of updated asset objects reloaded before import = 0
Number of asset objects unloaded after import = 3
========================================================================
Received Import Request.
  Time since last request: 0.000018 seconds.
  path: Assets/BayatGames/Free Platform Game Assets/Tiles/2D Tiles ( Update 1.9 )/Winter/128x128/GrassColumn.png
  artifactKey: Guid(373e54a92a405164b88b39325f108fc3) Importer(2089858483,0ecaa5967403d082aa24f35e1b516d23)
Start importing Assets/BayatGames/Free Platform Game Assets/Tiles/2D Tiles ( Update 1.9 )/Winter/128x128/GrassColumn.png using Guid(373e54a92a405164b88b39325f108fc3) Importer(2089858483,0ecaa5967403d082aa24f35e1b516d23) Generated GUIDs only implemented for interfaces!
 -> (artifact id: 'e6629c83c69f6f1875b260d83145e46e') in 0.044991 seconds
Number of updated asset objects reloaded before import = 0
Number of asset objects unloaded after import = 3
========================================================================
Received Import Request.
  Time since last request: 0.000016 seconds.
  path: Assets/BayatGames/Free Platform Game Assets/Tiles/2D Tiles ( Update 1.9 )/Winter/256x256/GrassHillRight2.png
  artifactKey: Guid(83f64a43a7c81cf46a280c08fa61ac1c) Importer(2089858483,0ecaa5967403d082aa24f35e1b516d23)
Start importing Assets/BayatGames/Free Platform Game Assets/Tiles/2D Tiles ( Update 1.9 )/Winter/256x256/GrassHillRight2.png using Guid(83f64a43a7c81cf46a280c08fa61ac1c) Importer(2089858483,0ecaa5967403d082aa24f35e1b516d23) Generated GUIDs only implemented for interfaces!
 -> (artifact id: '14c3f192fc274ff23ad11fa83e031662') in 0.045185 seconds
Number of updated asset objects reloaded before import = 0
Number of asset objects unloaded after import = 3
========================================================================
Received Import Request.
  Time since last request: 0.000023 seconds.
  path: Assets/BayatGames/Free Platform Game Assets/Tiles/2D Tiles ( Update 1.9 )/Winter/256x256/GrassJoinHillLeft2.png
  artifactKey: Guid(dbccd08ee2afa9948ad59e021ffc2503) Importer(2089858483,0ecaa5967403d082aa24f35e1b516d23)
Start importing Assets/BayatGames/Free Platform Game Assets/Tiles/2D Tiles ( Update 1.9 )/Winter/256x256/GrassJoinHillLeft2.png using Guid(dbccd08ee2afa9948ad59e021ffc2503) Importer(2089858483,0ecaa5967403d082aa24f35e1b516d23) Generated GUIDs only implemented for interfaces!
 -> (artifact id: '5f14bd1e5713dbfb658dd630f38a8364') in 0.038998 seconds
Number of updated asset objects reloaded before import = 0
Number of asset objects unloaded after import = 3
========================================================================
Received Import Request.
  Time since last request: 0.000022 seconds.
  path: Assets/BayatGames/Free Platform Game Assets/Tiles/2D Tiles ( Update 1.9 )/Winter/512x512/GrassCliffMid.png
  artifactKey: Guid(6ad6326690afff74ebd1442826cd21d9) Importer(2089858483,0ecaa5967403d082aa24f35e1b516d23)
Start importing Assets/BayatGames/Free Platform Game Assets/Tiles/2D Tiles ( Update 1.9 )/Winter/512x512/GrassCliffMid.png using Guid(6ad6326690afff74ebd1442826cd21d9) Importer(2089858483,0ecaa5967403d082aa24f35e1b516d23) Generated GUIDs only implemented for interfaces!
 -> (artifact id: '4f8a03c1a9db4e525602952e18929f86') in 0.032878 seconds
Number of updated asset objects reloaded before import = 0
Number of asset objects unloaded after import = 3
========================================================================
Received Import Request.
  Time since last request: 0.000024 seconds.
  path: Assets/BayatGames/Free Platform Game Assets/Tiles/2D Tiles ( Update 1.9 )/Winter/256x256/GrassRight.png
  artifactKey: Guid(807d944831593ac48ac12bef59130538) Importer(2089858483,0ecaa5967403d082aa24f35e1b516d23)
Start importing Assets/BayatGames/Free Platform Game Assets/Tiles/2D Tiles ( Update 1.9 )/Winter/256x256/GrassRight.png using Guid(807d944831593ac48ac12bef59130538) Importer(2089858483,0ecaa5967403d082aa24f35e1b516d23) Generated GUIDs only implemented for interfaces!
 -> (artifact id: 'be038d9f3fd676d7ba17083a377bb6c2') in 0.041397 seconds
Number of updated asset objects reloaded before import = 0
Number of asset objects unloaded after import = 3
========================================================================
Received Import Request.
  Time since last request: 0.000016 seconds.
  path: Assets/BayatGames/Free Platform Game Assets/Tiles/2D Tiles ( Update 1.9 )/Winter/256x256/GrassJoinHillRight2&Left2.png
  artifactKey: Guid(213f59a264fd8e54594fb658513d8fd7) Importer(2089858483,0ecaa5967403d082aa24f35e1b516d23)
Start importing Assets/BayatGames/Free Platform Game Assets/Tiles/2D Tiles ( Update 1.9 )/Winter/256x256/GrassJoinHillRight2&Left2.png using Guid(213f59a264fd8e54594fb658513d8fd7) Importer(2089858483,0ecaa5967403d082aa24f35e1b516d23) Generated GUIDs only implemented for interfaces!
 -> (artifact id: 'cd70befdddbb410aa5e20ea7dc3a239a') in 0.046219 seconds
Number of updated asset objects reloaded before import = 0
Number of asset objects unloaded after import = 3
========================================================================
Received Import Request.
  Time since last request: 0.000016 seconds.
  path: Assets/BayatGames/Free Platform Game Assets/Tiles/2D Tiles ( Update 1.9 )/Winter/256x256/GrassJoinHillRight&Left.png
  artifactKey: Guid(d16c40392eba5c14195c0e722310d941) Importer(2089858483,0ecaa5967403d082aa24f35e1b516d23)
Start importing Assets/BayatGames/Free Platform Game Assets/Tiles/2D Tiles ( Update 1.9 )/Winter/256x256/GrassJoinHillRight&Left.png using Guid(d16c40392eba5c14195c0e722310d941) Importer(2089858483,0ecaa5967403d082aa24f35e1b516d23) Generated GUIDs only implemented for interfaces!
 -> (artifact id: 'ca8f89797b7edf32c0eceb041f18a53c') in 0.041502 seconds
Number of updated asset objects reloaded before import = 0
Number of asset objects unloaded after import = 3
========================================================================
Received Import Request.
  Time since last request: 0.000017 seconds.
  path: Assets/BayatGames/Free Platform Game Assets/Tiles/2D Tiles ( Update 1.9 )/Winter/512x512/GrassCliffRight.png
  artifactKey: Guid(346433fae2ab3b341be0b9c3770bce50) Importer(2089858483,0ecaa5967403d082aa24f35e1b516d23)
Start importing Assets/BayatGames/Free Platform Game Assets/Tiles/2D Tiles ( Update 1.9 )/Winter/512x512/GrassCliffRight.png using Guid(346433fae2ab3b341be0b9c3770bce50) Importer(2089858483,0ecaa5967403d082aa24f35e1b516d23) Generated GUIDs only implemented for interfaces!
 -> (artifact id: '2e90fa21483f18960cc07f3e1a3dc546') in 0.034626 seconds
Number of updated asset objects reloaded before import = 0
Number of asset objects unloaded after import = 3
========================================================================
Received Import Request.
  Time since last request: 0.000023 seconds.
  path: Assets/BayatGames/Free Platform Game Assets/Tiles/2D Tiles ( Update 1.9 )/Winter/256x256/GrassMid.png
  artifactKey: Guid(337900fe784002749aa2abb319ffae50) Importer(2089858483,0ecaa5967403d082aa24f35e1b516d23)
Start importing Assets/BayatGames/Free Platform Game Assets/Tiles/2D Tiles ( Update 1.9 )/Winter/256x256/GrassMid.png using Guid(337900fe784002749aa2abb319ffae50) Importer(2089858483,0ecaa5967403d082aa24f35e1b516d23) Generated GUIDs only implemented for interfaces!
 -> (artifact id: '9f08f94d8719086822d6176dd94dbd7d') in 0.042528 seconds
Number of updated asset objects reloaded before import = 0
Number of asset objects unloaded after import = 3
========================================================================
Received Import Request.
  Time since last request: 0.000025 seconds.
  path: Assets/BayatGames/Free Platform Game Assets/Tiles/2D Tiles ( Update 1.9 )/Winter/256x256/GrassHillLeft2 DownShadow.png
  artifactKey: Guid(be55f9fe04469774eb53e3d93103a688) Importer(2089858483,0ecaa5967403d082aa24f35e1b516d23)
Start importing Assets/BayatGames/Free Platform Game Assets/Tiles/2D Tiles ( Update 1.9 )/Winter/256x256/GrassHillLeft2 DownShadow.png using Guid(be55f9fe04469774eb53e3d93103a688) Importer(2089858483,0ecaa5967403d082aa24f35e1b516d23) Generated GUIDs only implemented for interfaces!
 -> (artifact id: '5379ff0d7f2b6ac34fd6968c9ef43f75') in 0.043574 seconds
Number of updated asset objects reloaded before import = 0
Number of asset objects unloaded after import = 3
========================================================================
Received Import Request.
  Time since last request: 0.000035 seconds.
  path: Assets/BayatGames/Free Platform Game Assets/Tiles/2D Tiles ( Update 1.9 )/Winter/256x256/GrassJoinHillRight.png
  artifactKey: Guid(009cd542a14af3543abf81508a222215) Importer(2089858483,0ecaa5967403d082aa24f35e1b516d23)
Start importing Assets/BayatGames/Free Platform Game Assets/Tiles/2D Tiles ( Update 1.9 )/Winter/256x256/GrassJoinHillRight.png using Guid(009cd542a14af3543abf81508a222215) Importer(2089858483,0ecaa5967403d082aa24f35e1b516d23) Generated GUIDs only implemented for interfaces!
 -> (artifact id: '58ddbb9cc14d3009b82e1f48f1354311') in 0.044746 seconds
Number of updated asset objects reloaded before import = 0
Number of asset objects unloaded after import = 3
========================================================================
Received Import Request.
  Time since last request: 0.000027 seconds.
  path: Assets/BayatGames/Free Platform Game Assets/Tiles/2D Tiles ( Update 1.9 )/Winter/256x256/GrassHillLeft.png
  artifactKey: Guid(c6ae7dfe17501df478054cb4a8592e10) Importer(2089858483,0ecaa5967403d082aa24f35e1b516d23)
Start importing Assets/BayatGames/Free Platform Game Assets/Tiles/2D Tiles ( Update 1.9 )/Winter/256x256/GrassHillLeft.png using Guid(c6ae7dfe17501df478054cb4a8592e10) Importer(2089858483,0ecaa5967403d082aa24f35e1b516d23) Generated GUIDs only implemented for interfaces!
 -> (artifact id: '89b317ecdcb69482faecbfba68c4da1b') in 0.043314 seconds
Number of updated asset objects reloaded before import = 0
Number of asset objects unloaded after import = 3
========================================================================
Received Import Request.
  Time since last request: 0.000017 seconds.
  path: Assets/BayatGames/Free Platform Game Assets/Tiles/2D Tiles ( Update 1.9 )/Winter/256x256/GrassHillRight.png
  artifactKey: Guid(7abc65b5b14ba284f82c8991ab1a682f) Importer(2089858483,0ecaa5967403d082aa24f35e1b516d23)
Start importing Assets/BayatGames/Free Platform Game Assets/Tiles/2D Tiles ( Update 1.9 )/Winter/256x256/GrassHillRight.png using Guid(7abc65b5b14ba284f82c8991ab1a682f) Importer(2089858483,0ecaa5967403d082aa24f35e1b516d23) Generated GUIDs only implemented for interfaces!
 -> (artifact id: '8084f8ec54c3fc3abfaed98dc86fa464') in 0.047633 seconds
Number of updated asset objects reloaded before import = 0
Number of asset objects unloaded after import = 3
========================================================================
Received Import Request.
  Time since last request: 0.000021 seconds.
  path: Assets/BayatGames/Free Platform Game Assets/Tiles/2D Tiles ( Update 1.9 )/Winter/256x256/GrassCliffMid.png
  artifactKey: Guid(efb913ddabb5991409ac3c8fb61b1e7a) Importer(2089858483,0ecaa5967403d082aa24f35e1b516d23)
Start importing Assets/BayatGames/Free Platform Game Assets/Tiles/2D Tiles ( Update 1.9 )/Winter/256x256/GrassCliffMid.png using Guid(efb913ddabb5991409ac3c8fb61b1e7a) Importer(2089858483,0ecaa5967403d082aa24f35e1b516d23) Generated GUIDs only implemented for interfaces!
 -> (artifact id: '75c9276c35ba4ca8957d5809ee1d9401') in 0.045753 seconds
Number of updated asset objects reloaded before import = 0
Number of asset objects unloaded after import = 3
========================================================================
Received Import Request.
  Time since last request: 0.000027 seconds.
  path: Assets/BayatGames/Free Platform Game Assets/Tiles/2D Tiles ( Update 1.9 )/Winter/128x128/GrassJoinHillRight2 DownShadow.png
  artifactKey: Guid(904669bc7d34c1f4395678e241f8cb2e) Importer(2089858483,0ecaa5967403d082aa24f35e1b516d23)
Start importing Assets/BayatGames/Free Platform Game Assets/Tiles/2D Tiles ( Update 1.9 )/Winter/128x128/GrassJoinHillRight2 DownShadow.png using Guid(904669bc7d34c1f4395678e241f8cb2e) Importer(2089858483,0ecaa5967403d082aa24f35e1b516d23) Generated GUIDs only implemented for interfaces!
 -> (artifact id: '72af1a606e50e40ba2beb9b525297a28') in 0.053669 seconds
Number of updated asset objects reloaded before import = 0
Number of asset objects unloaded after import = 3
========================================================================
Received Import Request.
  Time since last request: 0.000024 seconds.
  path: Assets/BayatGames/Free Platform Game Assets/Tiles/2D Tiles ( Update 1.9 )/Winter/512x512/GrassJoinHillRight.png
  artifactKey: Guid(20e4afa497b9d4c41a08d9e27c379cff) Importer(2089858483,0ecaa5967403d082aa24f35e1b516d23)
Start importing Assets/BayatGames/Free Platform Game Assets/Tiles/2D Tiles ( Update 1.9 )/Winter/512x512/GrassJoinHillRight.png using Guid(20e4afa497b9d4c41a08d9e27c379cff) Importer(2089858483,0ecaa5967403d082aa24f35e1b516d23) Generated GUIDs only implemented for interfaces!
 -> (artifact id: '3424f90117b5bfacfcabbba6bfd5c6c5') in 0.041850 seconds
Number of updated asset objects reloaded before import = 0
Number of asset objects unloaded after import = 3
========================================================================
Received Import Request.
  Time since last request: 0.000026 seconds.
  path: Assets/BayatGames/Free Platform Game Assets/Tiles/2D Tiles ( Update 1.9 )/Winter/512x512/GrassHillLeft.png
  artifactKey: Guid(86b3d009a1616f3498322ddbb2f5a4e8) Importer(2089858483,0ecaa5967403d082aa24f35e1b516d23)
Start importing Assets/BayatGames/Free Platform Game Assets/Tiles/2D Tiles ( Update 1.9 )/Winter/512x512/GrassHillLeft.png using Guid(86b3d009a1616f3498322ddbb2f5a4e8) Importer(2089858483,0ecaa5967403d082aa24f35e1b516d23) Generated GUIDs only implemented for interfaces!
 -> (artifact id: 'a4c8a77ad756d6983208d3b9dde3a77b') in 0.036867 seconds
Number of updated asset objects reloaded before import = 0
Number of asset objects unloaded after import = 3
========================================================================
Received Import Request.
  Time since last request: 0.000018 seconds.
  path: Assets/BayatGames/Free Platform Game Assets/Water Animation/2.5D View/png/1x/image 16.png
  artifactKey: Guid(3329571b1b8c0d34b83f9175eec19727) Importer(2089858483,0ecaa5967403d082aa24f35e1b516d23)
Start importing Assets/BayatGames/Free Platform Game Assets/Water Animation/2.5D View/png/1x/image 16.png using Guid(3329571b1b8c0d34b83f9175eec19727) Importer(2089858483,0ecaa5967403d082aa24f35e1b516d23) Generated GUIDs only implemented for interfaces!
 -> (artifact id: '8866fc3b29a570ba5cdf46c41d8968ca') in 0.057306 seconds
Number of updated asset objects reloaded before import = 0
Number of asset objects unloaded after import = 3
========================================================================
Received Import Request.
  Time since last request: 0.000068 seconds.
  path: Assets/BayatGames/Free Platform Game Assets/Water Animation/2.5D View/png/1x/image 1.png
  artifactKey: Guid(2555f404506660042944801e604ae782) Importer(2089858483,0ecaa5967403d082aa24f35e1b516d23)
Start importing Assets/BayatGames/Free Platform Game Assets/Water Animation/2.5D View/png/1x/image 1.png using Guid(2555f404506660042944801e604ae782) Importer(2089858483,0ecaa5967403d082aa24f35e1b516d23) Generated GUIDs only implemented for interfaces!
 -> (artifact id: '204ef0ca0c42cdeb082272bf30e8a4a7') in 0.043393 seconds
Number of updated asset objects reloaded before import = 0
Number of asset objects unloaded after import = 3
========================================================================
Received Import Request.
  Time since last request: 0.000021 seconds.
  path: Assets/BayatGames/Free Platform Game Assets/Tiles/2D Tiles ( Update 1.9 )/Winter/512x512/GrassLeft.png
  artifactKey: Guid(b7ef88e1e1b4cc44baeffbbff3790d8e) Importer(2089858483,0ecaa5967403d082aa24f35e1b516d23)
Start importing Assets/BayatGames/Free Platform Game Assets/Tiles/2D Tiles ( Update 1.9 )/Winter/512x512/GrassLeft.png using Guid(b7ef88e1e1b4cc44baeffbbff3790d8e) Importer(2089858483,0ecaa5967403d082aa24f35e1b516d23) Generated GUIDs only implemented for interfaces!
 -> (artifact id: '5f04c6d7d867ee0461c3bd7fee670280') in 0.044995 seconds
Number of updated asset objects reloaded before import = 0
Number of asset objects unloaded after import = 3
========================================================================
Received Import Request.
  Time since last request: 0.000024 seconds.
  path: Assets/BayatGames/Free Platform Game Assets/Tiles/2D Tiles ( Update 1.9 )/Winter/512x512/GrassHillLeft2 DownShadow.png
  artifactKey: Guid(c30adfea0cc314340ace0323338056ea) Importer(2089858483,0ecaa5967403d082aa24f35e1b516d23)
Start importing Assets/BayatGames/Free Platform Game Assets/Tiles/2D Tiles ( Update 1.9 )/Winter/512x512/GrassHillLeft2 DownShadow.png using Guid(c30adfea0cc314340ace0323338056ea) Importer(2089858483,0ecaa5967403d082aa24f35e1b516d23) Generated GUIDs only implemented for interfaces!
 -> (artifact id: '83335b68a04905986005087c31ef4b1b') in 0.041888 seconds
Number of updated asset objects reloaded before import = 0
Number of asset objects unloaded after import = 3
========================================================================
Received Import Request.
  Time since last request: 0.000023 seconds.
  path: Assets/BayatGames/Free Platform Game Assets/Tiles/2D Tiles ( Update 1.9 )/Winter/512x512/GrassJoinHillLeft2.png
  artifactKey: Guid(5075760a251def3409dcab8a0793633d) Importer(2089858483,0ecaa5967403d082aa24f35e1b516d23)
Start importing Assets/BayatGames/Free Platform Game Assets/Tiles/2D Tiles ( Update 1.9 )/Winter/512x512/GrassJoinHillLeft2.png using Guid(5075760a251def3409dcab8a0793633d) Importer(2089858483,0ecaa5967403d082aa24f35e1b516d23) Generated GUIDs only implemented for interfaces!
 -> (artifact id: '95e0eeea0fc48e7d7c9044914578fea3') in 0.047504 seconds
Number of updated asset objects reloaded before import = 0
Number of asset objects unloaded after import = 3
========================================================================
Received Import Request.
  Time since last request: 0.000026 seconds.
  path: Assets/BayatGames/Free Platform Game Assets/Tiles/2D Tiles ( Update 1.9 )/Winter/512x512/GrassHillRight.png
  artifactKey: Guid(cdc2a0deb21ef6e45905fa1709300512) Importer(2089858483,0ecaa5967403d082aa24f35e1b516d23)
Start importing Assets/BayatGames/Free Platform Game Assets/Tiles/2D Tiles ( Update 1.9 )/Winter/512x512/GrassHillRight.png using Guid(cdc2a0deb21ef6e45905fa1709300512) Importer(2089858483,0ecaa5967403d082aa24f35e1b516d23) Generated GUIDs only implemented for interfaces!
 -> (artifact id: 'c0ec1287c2557eca91149c8026f201ea') in 0.034889 seconds
Number of updated asset objects reloaded before import = 0
Number of asset objects unloaded after import = 3
========================================================================
Received Import Request.
  Time since last request: 0.000018 seconds.
  path: Assets/BayatGames/Free Platform Game Assets/Water Animation/2.5D View/png/1x/image 12.png
  artifactKey: Guid(ca55c671d6a0dd64eb26e2c503bf74c7) Importer(2089858483,0ecaa5967403d082aa24f35e1b516d23)
Start importing Assets/BayatGames/Free Platform Game Assets/Water Animation/2.5D View/png/1x/image 12.png using Guid(ca55c671d6a0dd64eb26e2c503bf74c7) Importer(2089858483,0ecaa5967403d082aa24f35e1b516d23) Generated GUIDs only implemented for interfaces!
 -> (artifact id: '216cdcec229be2d2af680b24783da972') in 0.042483 seconds
Number of updated asset objects reloaded before import = 0
Number of asset objects unloaded after import = 3
========================================================================
Received Import Request.
  Time since last request: 0.000026 seconds.
  path: Assets/BayatGames/Free Platform Game Assets/Water Animation/2.5D View/png/1x/image 15.png
  artifactKey: Guid(c8db2ccc4e419ea4aac7a6d44fefcf39) Importer(2089858483,0ecaa5967403d082aa24f35e1b516d23)
Start importing Assets/BayatGames/Free Platform Game Assets/Water Animation/2.5D View/png/1x/image 15.png using Guid(c8db2ccc4e419ea4aac7a6d44fefcf39) Importer(2089858483,0ecaa5967403d082aa24f35e1b516d23) Generated GUIDs only implemented for interfaces!
 -> (artifact id: '453c6d6b2fb32beb7e39cdd438533ee0') in 0.040496 seconds
Number of updated asset objects reloaded before import = 0
Number of asset objects unloaded after import = 3
========================================================================
Received Import Request.
  Time since last request: 0.000016 seconds.
  path: Assets/BayatGames/Free Platform Game Assets/Tiles/2D Tiles ( Update 1.9 )/Winter/128x128/GrassJoinHillLeft&Right.png
  artifactKey: Guid(b703ad5fec566d04d9f03a5589c654cf) Importer(2089858483,0ecaa5967403d082aa24f35e1b516d23)
Start importing Assets/BayatGames/Free Platform Game Assets/Tiles/2D Tiles ( Update 1.9 )/Winter/128x128/GrassJoinHillLeft&Right.png using Guid(b703ad5fec566d04d9f03a5589c654cf) Importer(2089858483,0ecaa5967403d082aa24f35e1b516d23) Generated GUIDs only implemented for interfaces!
 -> (artifact id: '0df81b631f4acc41e60c5c1033323d25') in 0.044611 seconds
Number of updated asset objects reloaded before import = 0
Number of asset objects unloaded after import = 3
========================================================================
Received Import Request.
  Time since last request: 0.000020 seconds.
  path: Assets/BayatGames/Free Platform Game Assets/Tiles/2D Tiles ( Update 1.9 )/Spring/128x128/GrassCliffMid.png
  artifactKey: Guid(1af3f64c5b272d64b90095605c6f2eab) Importer(2089858483,0ecaa5967403d082aa24f35e1b516d23)
Start importing Assets/BayatGames/Free Platform Game Assets/Tiles/2D Tiles ( Update 1.9 )/Spring/128x128/GrassCliffMid.png using Guid(1af3f64c5b272d64b90095605c6f2eab) Importer(2089858483,0ecaa5967403d082aa24f35e1b516d23) Generated GUIDs only implemented for interfaces!
 -> (artifact id: 'fa8b8c86f7541f759b5f86d2eb0dee00') in 0.042946 seconds
Number of updated asset objects reloaded before import = 0
Number of asset objects unloaded after import = 3
========================================================================
Received Import Request.
  Time since last request: 0.000018 seconds.
  path: Assets/BayatGames/Free Platform Game Assets/Coin Animation/png/2x/image 4.png
  artifactKey: Guid(829702d123e43a54c80bc02a11288a82) Importer(2089858483,0ecaa5967403d082aa24f35e1b516d23)
Start importing Assets/BayatGames/Free Platform Game Assets/Coin Animation/png/2x/image 4.png using Guid(829702d123e43a54c80bc02a11288a82) Importer(2089858483,0ecaa5967403d082aa24f35e1b516d23) Generated GUIDs only implemented for interfaces!
 -> (artifact id: '3e3f78bfcabf901e8352f6410db199dc') in 0.037217 seconds
Number of updated asset objects reloaded before import = 0
Number of asset objects unloaded after import = 3
========================================================================
Received Import Request.
  Time since last request: 0.000018 seconds.
  path: Assets/BayatGames/Free Platform Game Assets/Water Animation/2.5D View/png/1x/image 6.png
  artifactKey: Guid(8c45f43c172269a43be0f7ae81c09c7b) Importer(2089858483,0ecaa5967403d082aa24f35e1b516d23)
Start importing Assets/BayatGames/Free Platform Game Assets/Water Animation/2.5D View/png/1x/image 6.png using Guid(8c45f43c172269a43be0f7ae81c09c7b) Importer(2089858483,0ecaa5967403d082aa24f35e1b516d23) Generated GUIDs only implemented for interfaces!
 -> (artifact id: '23e92d65ddacfc009458572ff11360ba') in 0.040894 seconds
Number of updated asset objects reloaded before import = 0
Number of asset objects unloaded after import = 3
========================================================================
Received Import Request.
  Time since last request: 0.000029 seconds.
  path: Assets/BayatGames/Free Platform Game Assets/Water Animation/2.5D View/png/2x/image 12.png
  artifactKey: Guid(129c0ff9fb763f142a03b24e0dd05610) Importer(2089858483,0ecaa5967403d082aa24f35e1b516d23)
Start importing Assets/BayatGames/Free Platform Game Assets/Water Animation/2.5D View/png/2x/image 12.png using Guid(129c0ff9fb763f142a03b24e0dd05610) Importer(2089858483,0ecaa5967403d082aa24f35e1b516d23) Generated GUIDs only implemented for interfaces!
 -> (artifact id: '56abecbf6b4020150edd05f04efb8f50') in 0.049652 seconds
Number of updated asset objects reloaded before import = 0
Number of asset objects unloaded after import = 3
========================================================================
Received Import Request.
  Time since last request: 0.000023 seconds.
  path: Assets/BayatGames/Free Platform Game Assets/Backgrounds/Background/png/1920x1080/All/Hills_1.png
  artifactKey: Guid(bc04fcad4faea944a8bfbfe731627020) Importer(2089858483,0ecaa5967403d082aa24f35e1b516d23)
Start importing Assets/BayatGames/Free Platform Game Assets/Backgrounds/Background/png/1920x1080/All/Hills_1.png using Guid(bc04fcad4faea944a8bfbfe731627020) Importer(2089858483,0ecaa5967403d082aa24f35e1b516d23) Generated GUIDs only implemented for interfaces!
 -> (artifact id: '523776d6828343cb93f09f3f23128ee6') in 0.050296 seconds
Number of updated asset objects reloaded before import = 0
Number of asset objects unloaded after import = 3
========================================================================
Received Import Request.
  Time since last request: 0.000023 seconds.
  path: Assets/BayatGames/Free Platform Game Assets/Water Animation/2.5D View/png/2x/image 3.png
  artifactKey: Guid(01ca3fd7c5b2a2b47b1112faaf6f5504) Importer(2089858483,0ecaa5967403d082aa24f35e1b516d23)
Start importing Assets/BayatGames/Free Platform Game Assets/Water Animation/2.5D View/png/2x/image 3.png using Guid(01ca3fd7c5b2a2b47b1112faaf6f5504) Importer(2089858483,0ecaa5967403d082aa24f35e1b516d23) Generated GUIDs only implemented for interfaces!
 -> (artifact id: '81a459249aacefd998bbff864e943c85') in 0.043263 seconds
Number of updated asset objects reloaded before import = 0
Number of asset objects unloaded after import = 3
========================================================================
Received Import Request.
  Time since last request: 0.000017 seconds.
  path: Assets/BayatGames/Free Platform Game Assets/Water Animation/2.5D View/png/2x/image 9.png
  artifactKey: Guid(a407daa6581fb8e46ae93e1471318da7) Importer(2089858483,0ecaa5967403d082aa24f35e1b516d23)
Start importing Assets/BayatGames/Free Platform Game Assets/Water Animation/2.5D View/png/2x/image 9.png using Guid(a407daa6581fb8e46ae93e1471318da7) Importer(2089858483,0ecaa5967403d082aa24f35e1b516d23) Generated GUIDs only implemented for interfaces!
 -> (artifact id: '46a1b7b12ebe39513986f23e6394c24b') in 0.045548 seconds
Number of updated asset objects reloaded before import = 0
Number of asset objects unloaded after import = 3
========================================================================
Received Import Request.
  Time since last request: 0.000017 seconds.
  path: Assets/BayatGames/Free Platform Game Assets/Water Animation/2.5D View/png/2x/image 16.png
  artifactKey: Guid(010f1c78dd9b71443b04f76c77f2691a) Importer(2089858483,0ecaa5967403d082aa24f35e1b516d23)
Start importing Assets/BayatGames/Free Platform Game Assets/Water Animation/2.5D View/png/2x/image 16.png using Guid(010f1c78dd9b71443b04f76c77f2691a) Importer(2089858483,0ecaa5967403d082aa24f35e1b516d23) Generated GUIDs only implemented for interfaces!
 -> (artifact id: 'f060281519e4a8bc69b7fb1d128e92c5') in 0.048573 seconds
Number of updated asset objects reloaded before import = 0
Number of asset objects unloaded after import = 3
========================================================================
Received Import Request.
  Time since last request: 0.000019 seconds.
  path: Assets/BayatGames/Free Platform Game Assets/Water Animation/2.5D View/png/1x/image 8.png
  artifactKey: Guid(30dcef64afd847e49874af90e4260565) Importer(2089858483,0ecaa5967403d082aa24f35e1b516d23)
Start importing Assets/BayatGames/Free Platform Game Assets/Water Animation/2.5D View/png/1x/image 8.png using Guid(30dcef64afd847e49874af90e4260565) Importer(2089858483,0ecaa5967403d082aa24f35e1b516d23) Generated GUIDs only implemented for interfaces!
 -> (artifact id: 'ee490de2b7e6c1df45bfd61592086034') in 0.042026 seconds
Number of updated asset objects reloaded before import = 0
Number of asset objects unloaded after import = 3
========================================================================
Received Import Request.
  Time since last request: 0.000028 seconds.
  path: Assets/BayatGames/Free Platform Game Assets/Backgrounds/Background/png/1920x1080/All/Hills_2.png
  artifactKey: Guid(3cf48c8f262fbe04a9d13d8edaa34fee) Importer(2089858483,0ecaa5967403d082aa24f35e1b516d23)
Start importing Assets/BayatGames/Free Platform Game Assets/Backgrounds/Background/png/1920x1080/All/Hills_2.png using Guid(3cf48c8f262fbe04a9d13d8edaa34fee) Importer(2089858483,0ecaa5967403d082aa24f35e1b516d23) Generated GUIDs only implemented for interfaces!
 -> (artifact id: '06815bbfa7d099a2a2b3d452c631ef1a') in 0.045611 seconds
Number of updated asset objects reloaded before import = 0
Number of asset objects unloaded after import = 3
========================================================================
Received Import Request.
  Time since last request: 0.000018 seconds.
  path: Assets/BayatGames/Free Platform Game Assets/Water Animation/2.5D View/png/2x/image 8.png
  artifactKey: Guid(f820b895727e98744b9f76c339c14e0f) Importer(2089858483,0ecaa5967403d082aa24f35e1b516d23)
Start importing Assets/BayatGames/Free Platform Game Assets/Water Animation/2.5D View/png/2x/image 8.png using Guid(f820b895727e98744b9f76c339c14e0f) Importer(2089858483,0ecaa5967403d082aa24f35e1b516d23) Generated GUIDs only implemented for interfaces!
 -> (artifact id: 'a6491c9ad0df25f16f1f3c04103d97e2') in 0.046157 seconds
Number of updated asset objects reloaded before import = 0
Number of asset objects unloaded after import = 3
========================================================================
Received Import Request.
  Time since last request: 0.000018 seconds.
  path: Assets/BayatGames/Free Platform Game Assets/Water Animation/2.5D View/png/1x/image 9.png
  artifactKey: Guid(b1e90afccf822704da75bdb6b381559a) Importer(2089858483,0ecaa5967403d082aa24f35e1b516d23)
Start importing Assets/BayatGames/Free Platform Game Assets/Water Animation/2.5D View/png/1x/image 9.png using Guid(b1e90afccf822704da75bdb6b381559a) Importer(2089858483,0ecaa5967403d082aa24f35e1b516d23) Generated GUIDs only implemented for interfaces!
 -> (artifact id: 'c8b8c527056c74c75864928c84d933ae') in 0.044695 seconds
Number of updated asset objects reloaded before import = 0
Number of asset objects unloaded after import = 3
========================================================================
Received Import Request.
  Time since last request: 0.000018 seconds.
  path: Assets/BayatGames/Free Platform Game Assets/Water Animation/2.5D View/png/1x/image 3.png
  artifactKey: Guid(65c75183a6c8beb47bb0cc6ff20ee48c) Importer(2089858483,0ecaa5967403d082aa24f35e1b516d23)
Start importing Assets/BayatGames/Free Platform Game Assets/Water Animation/2.5D View/png/1x/image 3.png using Guid(65c75183a6c8beb47bb0cc6ff20ee48c) Importer(2089858483,0ecaa5967403d082aa24f35e1b516d23) Generated GUIDs only implemented for interfaces!
 -> (artifact id: '989bfaff4eed132f6ca37b8e640b09bf') in 0.041399 seconds
Number of updated asset objects reloaded before import = 0
Number of asset objects unloaded after import = 3
========================================================================
Received Import Request.
  Time since last request: 0.000023 seconds.
  path: Assets/BayatGames/Free Platform Game Assets/Backgrounds/New Background ( Update 1.7 )/png/2048x1536/All/Mountain.png
  artifactKey: Guid(d8d8eaa53248ca34bba279b2ebb88d0a) Importer(2089858483,0ecaa5967403d082aa24f35e1b516d23)
Start importing Assets/BayatGames/Free Platform Game Assets/Backgrounds/New Background ( Update 1.7 )/png/2048x1536/All/Mountain.png using Guid(d8d8eaa53248ca34bba279b2ebb88d0a) Importer(2089858483,0ecaa5967403d082aa24f35e1b516d23) Generated GUIDs only implemented for interfaces!
 -> (artifact id: '5f2e1d52c5efb45e82ffa6d6ea6e11d1') in 0.050566 seconds
Number of updated asset objects reloaded before import = 0
Number of asset objects unloaded after import = 3
========================================================================
Received Import Request.
  Time since last request: 0.000019 seconds.
  path: Assets/BayatGames/Free Platform Game Assets/Backgrounds/Background/png/Clouds/256x256/Cloud_1.png
  artifactKey: Guid(5b0dd6e794df0914c8895afc55887d25) Importer(2089858483,0ecaa5967403d082aa24f35e1b516d23)
Start importing Assets/BayatGames/Free Platform Game Assets/Backgrounds/Background/png/Clouds/256x256/Cloud_1.png using Guid(5b0dd6e794df0914c8895afc55887d25) Importer(2089858483,0ecaa5967403d082aa24f35e1b516d23) Generated GUIDs only implemented for interfaces!
 -> (artifact id: 'ff3b7ba6646fc0f36b04e64047072746') in 0.044784 seconds
Number of updated asset objects reloaded before import = 0
Number of asset objects unloaded after import = 3
========================================================================
Received Import Request.
  Time since last request: 0.000025 seconds.
  path: Assets/BayatGames/Free Platform Game Assets/Backgrounds/Background/png/2048x1536/Background/Background.png
  artifactKey: Guid(f222fb00e3182624888826a2fc58db96) Importer(2089858483,0ecaa5967403d082aa24f35e1b516d23)
Start importing Assets/BayatGames/Free Platform Game Assets/Backgrounds/Background/png/2048x1536/Background/Background.png using Guid(f222fb00e3182624888826a2fc58db96) Importer(2089858483,0ecaa5967403d082aa24f35e1b516d23) Generated GUIDs only implemented for interfaces!
 -> (artifact id: 'eeb8f34c9eace111360acf62253fd341') in 0.043319 seconds
Number of updated asset objects reloaded before import = 0
Number of asset objects unloaded after import = 3
========================================================================
Received Import Request.
  Time since last request: 0.000023 seconds.
  path: Assets/BayatGames/Free Platform Game Assets/Backgrounds/New Background ( Update 1.9 )/png/2048x1024/backgraound/NewBackgraound 2048x1024.png
  artifactKey: Guid(05c7388edd668bf4e99a771d2331e75c) Importer(2089858483,0ecaa5967403d082aa24f35e1b516d23)
Start importing Assets/BayatGames/Free Platform Game Assets/Backgrounds/New Background ( Update 1.9 )/png/2048x1024/backgraound/NewBackgraound 2048x1024.png using Guid(05c7388edd668bf4e99a771d2331e75c) Importer(2089858483,0ecaa5967403d082aa24f35e1b516d23) Generated GUIDs only implemented for interfaces!
 -> (artifact id: 'fc90ed73ef18a1cc033e119c2ad2e9d9') in 0.048599 seconds
Number of updated asset objects reloaded before import = 0
Number of asset objects unloaded after import = 3
========================================================================
Received Import Request.
  Time since last request: 0.000023 seconds.
  path: Assets/BayatGames/Free Platform Game Assets/Backgrounds/New Background ( Update 1.9 )/png/2048x1024/backgraound/NewBackgraound 2048x1024 (2).png
  artifactKey: Guid(19d733bea3ea2de40bf6d0cfae1ed07b) Importer(2089858483,0ecaa5967403d082aa24f35e1b516d23)
Start importing Assets/BayatGames/Free Platform Game Assets/Backgrounds/New Background ( Update 1.9 )/png/2048x1024/backgraound/NewBackgraound 2048x1024 (2).png using Guid(19d733bea3ea2de40bf6d0cfae1ed07b) Importer(2089858483,0ecaa5967403d082aa24f35e1b516d23) Generated GUIDs only implemented for interfaces!
 -> (artifact id: '657b6a2838e65e1529ad83ddc66f32d6') in 0.047082 seconds
Number of updated asset objects reloaded before import = 0
Number of asset objects unloaded after import = 3
========================================================================
Received Import Request.
  Time since last request: 0.000024 seconds.
  path: Assets/BayatGames/Free Platform Game Assets/Character/Character Source/png/4x/Sprite Mesh/Body.asset
  artifactKey: Guid(ee067ee8670fa3e47829b0d74eec99c0) Importer(2089858483,0ecaa5967403d082aa24f35e1b516d23)
Start importing Assets/BayatGames/Free Platform Game Assets/Character/Character Source/png/4x/Sprite Mesh/Body.asset using Guid(ee067ee8670fa3e47829b0d74eec99c0) Importer(2089858483,0ecaa5967403d082aa24f35e1b516d23) Generated GUIDs only implemented for interfaces!
 -> (artifact id: '5b28d90932e11b777420c82ebc96f291') in 0.025864 seconds
Number of updated asset objects reloaded before import = 0
Number of asset objects unloaded after import = 1
========================================================================
Received Import Request.
  Time since last request: 0.000023 seconds.
  path: Assets/BayatGames/Free Platform Game Assets/Backgrounds/New Background ( Update 1.9 )/png/1920x1080/all/Front.png
  artifactKey: Guid(b10241ef09ea0ef4eb9f23cfa77d3266) Importer(2089858483,0ecaa5967403d082aa24f35e1b516d23)
Start importing Assets/BayatGames/Free Platform Game Assets/Backgrounds/New Background ( Update 1.9 )/png/1920x1080/all/Front.png using Guid(b10241ef09ea0ef4eb9f23cfa77d3266) Importer(2089858483,0ecaa5967403d082aa24f35e1b516d23) Generated GUIDs only implemented for interfaces!
 -> (artifact id: '801bd9a33e07dca3b12b63f8e6d57043') in 0.051297 seconds
Number of updated asset objects reloaded before import = 0
Number of asset objects unloaded after import = 3
========================================================================
Received Import Request.
  Time since last request: 0.000023 seconds.
  path: Assets/BayatGames/Free Platform Game Assets/Backgrounds/New Background ( Update 1.9 )/png/2048x1024/all/Mid.png
  artifactKey: Guid(ecb9f102759322a4899c647542197151) Importer(2089858483,0ecaa5967403d082aa24f35e1b516d23)
Start importing Assets/BayatGames/Free Platform Game Assets/Backgrounds/New Background ( Update 1.9 )/png/2048x1024/all/Mid.png using Guid(ecb9f102759322a4899c647542197151) Importer(2089858483,0ecaa5967403d082aa24f35e1b516d23) Generated GUIDs only implemented for interfaces!
 -> (artifact id: '22a09e31115140823953ce130e9d98c0') in 0.047572 seconds
Number of updated asset objects reloaded before import = 0
Number of asset objects unloaded after import = 3
========================================================================
Received Import Request.
  Time since last request: 0.000032 seconds.
  path: Assets/BayatGames/Free Platform Game Assets/Backgrounds/New Background ( Update 1.9 )/png/2048x1024/all/Mid (2).png
  artifactKey: Guid(cefcb578291447e4ea3017aa8c45e657) Importer(2089858483,0ecaa5967403d082aa24f35e1b516d23)
Start importing Assets/BayatGames/Free Platform Game Assets/Backgrounds/New Background ( Update 1.9 )/png/2048x1024/all/Mid (2).png using Guid(cefcb578291447e4ea3017aa8c45e657) Importer(2089858483,0ecaa5967403d082aa24f35e1b516d23) Generated GUIDs only implemented for interfaces!
 -> (artifact id: 'f5e5b1a99d65e626ff57e487ce300abb') in 0.047724 seconds
Number of updated asset objects reloaded before import = 0
Number of asset objects unloaded after import = 3
========================================================================
Received Import Request.
  Time since last request: 0.000021 seconds.
  path: Assets/BayatGames/Free Platform Game Assets/Backgrounds/New Background ( Update 1.7 )/png/1920x1080/Background/NewBackground1920x1080.png
  artifactKey: Guid(bdfa926720788184eb23c0a9a71ec9ac) Importer(2089858483,0ecaa5967403d082aa24f35e1b516d23)
Start importing Assets/BayatGames/Free Platform Game Assets/Backgrounds/New Background ( Update 1.7 )/png/1920x1080/Background/NewBackground1920x1080.png using Guid(bdfa926720788184eb23c0a9a71ec9ac) Importer(2089858483,0ecaa5967403d082aa24f35e1b516d23) Generated GUIDs only implemented for interfaces!
 -> (artifact id: '34e642f823e585c95a28b68991facd60') in 0.044970 seconds
Number of updated asset objects reloaded before import = 0
Number of asset objects unloaded after import = 3
========================================================================
Received Import Request.
  Time since last request: 0.000025 seconds.
  path: Assets/BayatGames/Free Platform Game Assets/Backgrounds/New Background ( Update 1.9 )/png/1920x1080/all/Back.png
  artifactKey: Guid(1dc19f755c895704a8d9d5119f1ae43f) Importer(2089858483,0ecaa5967403d082aa24f35e1b516d23)
Start importing Assets/BayatGames/Free Platform Game Assets/Backgrounds/New Background ( Update 1.9 )/png/1920x1080/all/Back.png using Guid(1dc19f755c895704a8d9d5119f1ae43f) Importer(2089858483,0ecaa5967403d082aa24f35e1b516d23) Generated GUIDs only implemented for interfaces!
 -> (artifact id: '9d8345ef241a60ee66e6ca9ae89f49d3') in 0.046471 seconds
Number of updated asset objects reloaded before import = 0
Number of asset objects unloaded after import = 3
========================================================================
Received Import Request.
  Time since last request: 0.000018 seconds.
  path: Assets/BayatGames/Free Platform Game Assets/Chests/Chest/png/Separate/1x/5-1x.png
  artifactKey: Guid(b5fcd50a2eb656b4ca74991878433999) Importer(2089858483,0ecaa5967403d082aa24f35e1b516d23)
Start importing Assets/BayatGames/Free Platform Game Assets/Chests/Chest/png/Separate/1x/5-1x.png using Guid(b5fcd50a2eb656b4ca74991878433999) Importer(2089858483,0ecaa5967403d082aa24f35e1b516d23) Generated GUIDs only implemented for interfaces!
 -> (artifact id: 'f5243b30fe353379773485dbc27bb16b') in 0.043207 seconds
Number of updated asset objects reloaded before import = 0
Number of asset objects unloaded after import = 3
========================================================================
Received Import Request.
  Time since last request: 0.000022 seconds.
  path: Assets/BayatGames/Free Platform Game Assets/Environments/Environments/png/All/1x/Asset 10.png
  artifactKey: Guid(180b37af7b13c0d439f3258d017f7b81) Importer(2089858483,0ecaa5967403d082aa24f35e1b516d23)
Start importing Assets/BayatGames/Free Platform Game Assets/Environments/Environments/png/All/1x/Asset 10.png using Guid(180b37af7b13c0d439f3258d017f7b81) Importer(2089858483,0ecaa5967403d082aa24f35e1b516d23) Generated GUIDs only implemented for interfaces!
 -> (artifact id: '5e0ee505568c39cd3264693581b9b0f5') in 0.044419 seconds
Number of updated asset objects reloaded before import = 0
Number of asset objects unloaded after import = 3
========================================================================
Received Import Request.
  Time since last request: 0.000024 seconds.
  path: Assets/BayatGames/Free Platform Game Assets/Chests/Chest/png/Separate/4x/6-4x.png
  artifactKey: Guid(914ad629b6531ce498accd6bcba30c9e) Importer(2089858483,0ecaa5967403d082aa24f35e1b516d23)
Start importing Assets/BayatGames/Free Platform Game Assets/Chests/Chest/png/Separate/4x/6-4x.png using Guid(914ad629b6531ce498accd6bcba30c9e) Importer(2089858483,0ecaa5967403d082aa24f35e1b516d23) Generated GUIDs only implemented for interfaces!
 -> (artifact id: '3a46f47df83d92c1c45a28e0cd231571') in 0.048012 seconds
Number of updated asset objects reloaded before import = 0
Number of asset objects unloaded after import = 3
========================================================================
Received Import Request.
  Time since last request: 0.000034 seconds.
  path: Assets/BayatGames/Free Platform Game Assets/Character/Character Source/png/4x/Sprite Mesh/LeftHand.asset
  artifactKey: Guid(391b199f67121d54b93c5ffe76d01220) Importer(2089858483,0ecaa5967403d082aa24f35e1b516d23)
Start importing Assets/BayatGames/Free Platform Game Assets/Character/Character Source/png/4x/Sprite Mesh/LeftHand.asset using Guid(391b199f67121d54b93c5ffe76d01220) Importer(2089858483,0ecaa5967403d082aa24f35e1b516d23) Generated GUIDs only implemented for interfaces!
 -> (artifact id: '5c93faa9582fa5e47602fa864409ceaa') in 0.017632 seconds
Number of updated asset objects reloaded before import = 0
Number of asset objects unloaded after import = 1
========================================================================
Received Import Request.
  Time since last request: 0.000084 seconds.
  path: Assets/BayatGames/Free Platform Game Assets/Chests/Chest/png/Separate/4x/2-4x.png
  artifactKey: Guid(31570e0e3725cf545aa6feb4d4b42336) Importer(2089858483,0ecaa5967403d082aa24f35e1b516d23)
Start importing Assets/BayatGames/Free Platform Game Assets/Chests/Chest/png/Separate/4x/2-4x.png using Guid(31570e0e3725cf545aa6feb4d4b42336) Importer(2089858483,0ecaa5967403d082aa24f35e1b516d23) Generated GUIDs only implemented for interfaces!
 -> (artifact id: '0200a20e98317f4caf9dd3f1ebfe6702') in 0.044741 seconds
Number of updated asset objects reloaded before import = 0
Number of asset objects unloaded after import = 3
========================================================================
Received Import Request.
  Time since last request: 0.000023 seconds.
  path: Assets/BayatGames/Free Platform Game Assets/Character/Character Source/png/4x/Sprite Mesh/LeftArm.asset
  artifactKey: Guid(158eb4fe651be6245a10e399346cf547) Importer(2089858483,0ecaa5967403d082aa24f35e1b516d23)
Start importing Assets/BayatGames/Free Platform Game Assets/Character/Character Source/png/4x/Sprite Mesh/LeftArm.asset using Guid(158eb4fe651be6245a10e399346cf547) Importer(2089858483,0ecaa5967403d082aa24f35e1b516d23) Generated GUIDs only implemented for interfaces!
 -> (artifact id: '0a5775d5553469abd2d4c58adbf5fff8') in 0.019964 seconds
Number of updated asset objects reloaded before import = 0
Number of asset objects unloaded after import = 1
========================================================================
Received Import Request.
  Time since last request: 0.000028 seconds.
  path: Assets/BayatGames/Free Platform Game Assets/Chests/Chest/png/Separate/1x/3-1x.png
  artifactKey: Guid(9346397d970baf14da6d41949c0f35da) Importer(2089858483,0ecaa5967403d082aa24f35e1b516d23)
Start importing Assets/BayatGames/Free Platform Game Assets/Chests/Chest/png/Separate/1x/3-1x.png using Guid(9346397d970baf14da6d41949c0f35da) Importer(2089858483,0ecaa5967403d082aa24f35e1b516d23) Generated GUIDs only implemented for interfaces!
 -> (artifact id: 'c6d4f6bd5e91992c0af44c4d83d9b1f9') in 0.049429 seconds
Number of updated asset objects reloaded before import = 0
Number of asset objects unloaded after import = 3
========================================================================
Received Import Request.
  Time since last request: 0.000021 seconds.
  path: Assets/BayatGames/Free Platform Game Assets/Character/Character Source/png/4x/Sprite Mesh/RightArm.asset
  artifactKey: Guid(16a9e1c44e64817489286dc78e4df8c3) Importer(2089858483,0ecaa5967403d082aa24f35e1b516d23)
Start importing Assets/BayatGames/Free Platform Game Assets/Character/Character Source/png/4x/Sprite Mesh/RightArm.asset using Guid(16a9e1c44e64817489286dc78e4df8c3) Importer(2089858483,0ecaa5967403d082aa24f35e1b516d23) Generated GUIDs only implemented for interfaces!
 -> (artifact id: 'e59deca841963cfc3739b867e71a62e7') in 0.018607 seconds
Number of updated asset objects reloaded before import = 0
Number of asset objects unloaded after import = 1
========================================================================
Received Import Request.
  Time since last request: 0.000022 seconds.
  path: Assets/BayatGames/Free Platform Game Assets/Chests/Chest/png/Separate/4x/1-4x.png
  artifactKey: Guid(44268e15db5b69d4eb2cf7293abe5bca) Importer(2089858483,0ecaa5967403d082aa24f35e1b516d23)
Start importing Assets/BayatGames/Free Platform Game Assets/Chests/Chest/png/Separate/4x/1-4x.png using Guid(44268e15db5b69d4eb2cf7293abe5bca) Importer(2089858483,0ecaa5967403d082aa24f35e1b516d23) Generated GUIDs only implemented for interfaces!
 -> (artifact id: '524081cc21127b96d5d9e6548bc77f5a') in 0.050394 seconds
Number of updated asset objects reloaded before import = 0
Number of asset objects unloaded after import = 3
========================================================================
Received Import Request.
  Time since last request: 0.000022 seconds.
  path: Assets/BayatGames/Free Platform Game Assets/Chests/Chest/png/Separate/4x/5-4x.png
  artifactKey: Guid(3b8bc174ac7c4ab428ad53b8808a15aa) Importer(2089858483,0ecaa5967403d082aa24f35e1b516d23)
Start importing Assets/BayatGames/Free Platform Game Assets/Chests/Chest/png/Separate/4x/5-4x.png using Guid(3b8bc174ac7c4ab428ad53b8808a15aa) Importer(2089858483,0ecaa5967403d082aa24f35e1b516d23) Generated GUIDs only implemented for interfaces!
 -> (artifact id: '91ffa6c5dc190aae19f3a3f5205d1ae8') in 0.048700 seconds
Number of updated asset objects reloaded before import = 0
Number of asset objects unloaded after import = 3
========================================================================
Received Import Request.
  Time since last request: 0.000020 seconds.
  path: Assets/BayatGames/Free Platform Game Assets/Character/Character Source/png/4x/Sprite Mesh/LeftEye.asset
  artifactKey: Guid(3a5079f65a64a294bb858ad4f0c42481) Importer(2089858483,0ecaa5967403d082aa24f35e1b516d23)
Start importing Assets/BayatGames/Free Platform Game Assets/Character/Character Source/png/4x/Sprite Mesh/LeftEye.asset using Guid(3a5079f65a64a294bb858ad4f0c42481) Importer(2089858483,0ecaa5967403d082aa24f35e1b516d23) Generated GUIDs only implemented for interfaces!
 -> (artifact id: '2340a6f6ef31483599422a79ff542deb') in 0.018900 seconds
Number of updated asset objects reloaded before import = 0
Number of asset objects unloaded after import = 1
========================================================================
Received Import Request.
  Time since last request: 0.000040 seconds.
  path: Assets/BayatGames/Free Platform Game Assets/Chests/Chest/png/Separate/2x/2-2x.png
  artifactKey: Guid(a2e78c3de203b4f419661ad1b0ee3573) Importer(2089858483,0ecaa5967403d082aa24f35e1b516d23)
Start importing Assets/BayatGames/Free Platform Game Assets/Chests/Chest/png/Separate/2x/2-2x.png using Guid(a2e78c3de203b4f419661ad1b0ee3573) Importer(2089858483,0ecaa5967403d082aa24f35e1b516d23) Generated GUIDs only implemented for interfaces!
 -> (artifact id: 'bc882240f414f5cf34924d4acfaf8623') in 0.040742 seconds
Number of updated asset objects reloaded before import = 0
Number of asset objects unloaded after import = 3
========================================================================
Received Import Request.
  Time since last request: 0.000020 seconds.
  path: Assets/BayatGames/Free Platform Game Assets/Chests/Chest/png/Separate/4x/4-4x.png
  artifactKey: Guid(410b7cda5318374499646855426338c3) Importer(2089858483,0ecaa5967403d082aa24f35e1b516d23)
Start importing Assets/BayatGames/Free Platform Game Assets/Chests/Chest/png/Separate/4x/4-4x.png using Guid(410b7cda5318374499646855426338c3) Importer(2089858483,0ecaa5967403d082aa24f35e1b516d23) Generated GUIDs only implemented for interfaces!
 -> (artifact id: '012eaade9f403d8e27cad9d24fb193d3') in 0.046993 seconds
Number of updated asset objects reloaded before import = 0
Number of asset objects unloaded after import = 3
========================================================================
Received Import Request.
  Time since last request: 0.000024 seconds.
  path: Assets/Enemies/Enemies/png/128x128/Spike_Up.png
  artifactKey: Guid(95b34bf8a34aa3543949566316d48302) Importer(2089858483,0ecaa5967403d082aa24f35e1b516d23)
Start importing Assets/Enemies/Enemies/png/128x128/Spike_Up.png using Guid(95b34bf8a34aa3543949566316d48302) Importer(2089858483,0ecaa5967403d082aa24f35e1b516d23) Generated GUIDs only implemented for interfaces!
 -> (artifact id: 'e8d7ca63714bd9e0f4e7df8a6c4341e1') in 0.045231 seconds
Number of updated asset objects reloaded before import = 0
Number of asset objects unloaded after import = 3
========================================================================
Received Import Request.
  Time since last request: 0.000017 seconds.
  path: Assets/BayatGames/Free Platform Game Assets/Environments/Environments/png/All/2x/Asset 10.png
  artifactKey: Guid(1843a3e9b91c82b42b9ffb55ddedc4bd) Importer(2089858483,0ecaa5967403d082aa24f35e1b516d23)
Start importing Assets/BayatGames/Free Platform Game Assets/Environments/Environments/png/All/2x/Asset 10.png using Guid(1843a3e9b91c82b42b9ffb55ddedc4bd) Importer(2089858483,0ecaa5967403d082aa24f35e1b516d23) Generated GUIDs only implemented for interfaces!
 -> (artifact id: 'a2ff3b86d7cc26f5d1742737970d906c') in 0.042356 seconds
Number of updated asset objects reloaded before import = 0
Number of asset objects unloaded after import = 3
========================================================================
Received Import Request.
  Time since last request: 0.000023 seconds.
  path: Assets/BayatGames/Free Platform Game Assets/Environments/Environments/png/All/2x/Asset 5.png
  artifactKey: Guid(b4bb6b3e8fdd3bd469b2c50c7d8db642) Importer(2089858483,0ecaa5967403d082aa24f35e1b516d23)
Start importing Assets/BayatGames/Free Platform Game Assets/Environments/Environments/png/All/2x/Asset 5.png using Guid(b4bb6b3e8fdd3bd469b2c50c7d8db642) Importer(2089858483,0ecaa5967403d082aa24f35e1b516d23) Generated GUIDs only implemented for interfaces!
 -> (artifact id: '2f4dc47687f201f2cb4688ebc350ad2d') in 0.043210 seconds
Number of updated asset objects reloaded before import = 0
Number of asset objects unloaded after import = 3
========================================================================
Received Import Request.
  Time since last request: 0.000026 seconds.
  path: Assets/BayatGames/Free Platform Game Assets/Environments/Environments/png/All/4x/Asset 8.png
  artifactKey: Guid(354b609137916174b88790df91aabcd4) Importer(2089858483,0ecaa5967403d082aa24f35e1b516d23)
Start importing Assets/BayatGames/Free Platform Game Assets/Environments/Environments/png/All/4x/Asset 8.png using Guid(354b609137916174b88790df91aabcd4) Importer(2089858483,0ecaa5967403d082aa24f35e1b516d23) Generated GUIDs only implemented for interfaces!
 -> (artifact id: 'ecfc4ab90773ab8af41ad52aade5d772') in 0.046338 seconds
Number of updated asset objects reloaded before import = 0
Number of asset objects unloaded after import = 3
========================================================================
Received Import Request.
  Time since last request: 0.000027 seconds.
  path: Assets/BayatGames/Free Platform Game Assets/Environments/Environments/png/All/2x/Asset 15.png
  artifactKey: Guid(3067d59ec56470449adc96cfafdabc04) Importer(2089858483,0ecaa5967403d082aa24f35e1b516d23)
Start importing Assets/BayatGames/Free Platform Game Assets/Environments/Environments/png/All/2x/Asset 15.png using Guid(3067d59ec56470449adc96cfafdabc04) Importer(2089858483,0ecaa5967403d082aa24f35e1b516d23) Generated GUIDs only implemented for interfaces!
 -> (artifact id: '7f7f8dc9463064d8591b2218ff8ad30a') in 0.041884 seconds
Number of updated asset objects reloaded before import = 0
Number of asset objects unloaded after import = 3
========================================================================
Received Import Request.
  Time since last request: 0.000022 seconds.
  path: Assets/BayatGames/Free Platform Game Assets/Environments/Environments/png/All/4x/Asset 11.png
  artifactKey: Guid(b51b0e52d434ca649b8aea2ad9518986) Importer(2089858483,0ecaa5967403d082aa24f35e1b516d23)
Start importing Assets/BayatGames/Free Platform Game Assets/Environments/Environments/png/All/4x/Asset 11.png using Guid(b51b0e52d434ca649b8aea2ad9518986) Importer(2089858483,0ecaa5967403d082aa24f35e1b516d23) Generated GUIDs only implemented for interfaces!
 -> (artifact id: '6565a68a6ba1e1ddbc7f0452cee34a29') in 0.050452 seconds
Number of updated asset objects reloaded before import = 0
Number of asset objects unloaded after import = 3
========================================================================
Received Import Request.
  Time since last request: 0.000024 seconds.
  path: Assets/BayatGames/Free Platform Game Assets/Environments/Environments/png/All/1x/Asset 3.png
  artifactKey: Guid(179847ce42cb60d479d0f6c68f21bad1) Importer(2089858483,0ecaa5967403d082aa24f35e1b516d23)
Start importing Assets/BayatGames/Free Platform Game Assets/Environments/Environments/png/All/1x/Asset 3.png using Guid(179847ce42cb60d479d0f6c68f21bad1) Importer(2089858483,0ecaa5967403d082aa24f35e1b516d23) Generated GUIDs only implemented for interfaces!
 -> (artifact id: '3af179ebea14dbaeaa1a4957645e5a11') in 0.046574 seconds
Number of updated asset objects reloaded before import = 0
Number of asset objects unloaded after import = 3
========================================================================
Received Import Request.
  Time since last request: 0.000017 seconds.
  path: Assets/BayatGames/Free Platform Game Assets/Environments/Environments/png/All/4x/Asset 7.png
  artifactKey: Guid(a1eba9de1c2bf6c4782304ab5dbcec8b) Importer(2089858483,0ecaa5967403d082aa24f35e1b516d23)
Start importing Assets/BayatGames/Free Platform Game Assets/Environments/Environments/png/All/4x/Asset 7.png using Guid(a1eba9de1c2bf6c4782304ab5dbcec8b) Importer(2089858483,0ecaa5967403d082aa24f35e1b516d23) Generated GUIDs only implemented for interfaces!
 -> (artifact id: '3ccf3f27e2bafb38d76b6f894e88620f') in 0.042801 seconds
Number of updated asset objects reloaded before import = 0
Number of asset objects unloaded after import = 3
========================================================================
Received Import Request.
  Time since last request: 0.000025 seconds.
  path: Assets/BayatGames/Free Platform Game Assets/Environments/Environments/png/All/2x/Asset 12.png
  artifactKey: Guid(00ecf519adc921544825f55ab2f28177) Importer(2089858483,0ecaa5967403d082aa24f35e1b516d23)
Start importing Assets/BayatGames/Free Platform Game Assets/Environments/Environments/png/All/2x/Asset 12.png using Guid(00ecf519adc921544825f55ab2f28177) Importer(2089858483,0ecaa5967403d082aa24f35e1b516d23) Generated GUIDs only implemented for interfaces!
 -> (artifact id: 'a4a88adceb4a2048e7824a2149793917') in 0.044527 seconds
Number of updated asset objects reloaded before import = 0
Number of asset objects unloaded after import = 3
========================================================================
Received Import Request.
  Time since last request: 0.000194 seconds.
  path: Assets/BayatGames/Free Platform Game Assets/Environments/Environments/png/All/4x/Asset 2.png
  artifactKey: Guid(013382efc1e90874f846e4e0e6929ea7) Importer(2089858483,0ecaa5967403d082aa24f35e1b516d23)
Start importing Assets/BayatGames/Free Platform Game Assets/Environments/Environments/png/All/4x/Asset 2.png using Guid(013382efc1e90874f846e4e0e6929ea7) Importer(2089858483,0ecaa5967403d082aa24f35e1b516d23) Generated GUIDs only implemented for interfaces!
 -> (artifact id: '35ba98fad3826d5b49182f8af47cdafa') in 0.049455 seconds
Number of updated asset objects reloaded before import = 0
Number of asset objects unloaded after import = 3
========================================================================
Received Import Request.
  Time since last request: 0.000018 seconds.
  path: Assets/BayatGames/Free Platform Game Assets/Environments/Environments/png/All/2x/Asset 13.png
  artifactKey: Guid(a09def66ddbd2154d8527411fec4cf32) Importer(2089858483,0ecaa5967403d082aa24f35e1b516d23)
Start importing Assets/BayatGames/Free Platform Game Assets/Environments/Environments/png/All/2x/Asset 13.png using Guid(a09def66ddbd2154d8527411fec4cf32) Importer(2089858483,0ecaa5967403d082aa24f35e1b516d23) Generated GUIDs only implemented for interfaces!
 -> (artifact id: 'f70c7916df23cf41a60a58441d3a4abe') in 0.043501 seconds
Number of updated asset objects reloaded before import = 0
Number of asset objects unloaded after import = 3
========================================================================
Received Import Request.
  Time since last request: 0.000024 seconds.
  path: Assets/BayatGames/Free Platform Game Assets/Environments/Environments/png/All/4x/Asset 3.png
  artifactKey: Guid(07ff8ccef6e3b484b9f4300dc6413b83) Importer(2089858483,0ecaa5967403d082aa24f35e1b516d23)
Start importing Assets/BayatGames/Free Platform Game Assets/Environments/Environments/png/All/4x/Asset 3.png using Guid(07ff8ccef6e3b484b9f4300dc6413b83) Importer(2089858483,0ecaa5967403d082aa24f35e1b516d23) Generated GUIDs only implemented for interfaces!
 -> (artifact id: 'ed4bc85b9e989fee0e43989bfaa98eda') in 0.044547 seconds
Number of updated asset objects reloaded before import = 0
Number of asset objects unloaded after import = 3
========================================================================
Received Import Request.
  Time since last request: 0.000016 seconds.
  path: Assets/BayatGames/Free Platform Game Assets/Tiles/2D Tiles ( Update 1.9 )/Autumn/512x512/GrassCliffMid.png
  artifactKey: Guid(24060c96663a0ba4b958e9f8293b5905) Importer(2089858483,0ecaa5967403d082aa24f35e1b516d23)
Start importing Assets/BayatGames/Free Platform Game Assets/Tiles/2D Tiles ( Update 1.9 )/Autumn/512x512/GrassCliffMid.png using Guid(24060c96663a0ba4b958e9f8293b5905) Importer(2089858483,0ecaa5967403d082aa24f35e1b516d23) Generated GUIDs only implemented for interfaces!
 -> (artifact id: '00e4635546aa418682c5860dce2c7290') in 0.041773 seconds
Number of updated asset objects reloaded before import = 0
Number of asset objects unloaded after import = 3
========================================================================
Received Import Request.
  Time since last request: 0.000022 seconds.
  path: Assets/BayatGames/Free Platform Game Assets/Chests/Chest/png/Sliced/Sliced 1/2x/body-5-2x.png
  artifactKey: Guid(0658a837950370947863dbdfdd1d65e1) Importer(2089858483,0ecaa5967403d082aa24f35e1b516d23)
Start importing Assets/BayatGames/Free Platform Game Assets/Chests/Chest/png/Sliced/Sliced 1/2x/body-5-2x.png using Guid(0658a837950370947863dbdfdd1d65e1) Importer(2089858483,0ecaa5967403d082aa24f35e1b516d23) Generated GUIDs only implemented for interfaces!
 -> (artifact id: '26f8e0c03d9ae12546a728d2f377c402') in 0.048955 seconds
Number of updated asset objects reloaded before import = 0
Number of asset objects unloaded after import = 3
========================================================================
Received Import Request.
  Time since last request: 0.000020 seconds.
  path: Assets/BayatGames/Free Platform Game Assets/Chests/Chest/png/Sliced/Sliced 1/4x/head-1-4x.png
  artifactKey: Guid(b7db80fd48c021d4fba362ef8855acc7) Importer(2089858483,0ecaa5967403d082aa24f35e1b516d23)
Start importing Assets/BayatGames/Free Platform Game Assets/Chests/Chest/png/Sliced/Sliced 1/4x/head-1-4x.png using Guid(b7db80fd48c021d4fba362ef8855acc7) Importer(2089858483,0ecaa5967403d082aa24f35e1b516d23) Generated GUIDs only implemented for interfaces!
 -> (artifact id: 'ef94390f27fcf98217bd309e51eb11b6') in 0.050519 seconds
Number of updated asset objects reloaded before import = 0
Number of asset objects unloaded after import = 3
========================================================================
Received Import Request.
  Time since last request: 0.000030 seconds.
  path: Assets/BayatGames/Free Platform Game Assets/Chests/Chest/png/Sliced/Sliced 1/2x/body-2-2x.png
  artifactKey: Guid(6e0908da49f6f1948a14e04490bc8fb0) Importer(2089858483,0ecaa5967403d082aa24f35e1b516d23)
Start importing Assets/BayatGames/Free Platform Game Assets/Chests/Chest/png/Sliced/Sliced 1/2x/body-2-2x.png using Guid(6e0908da49f6f1948a14e04490bc8fb0) Importer(2089858483,0ecaa5967403d082aa24f35e1b516d23) Generated GUIDs only implemented for interfaces!
 -> (artifact id: 'fda029db42bc1fada1c3d7d0d2292cf5') in 0.049566 seconds
Number of updated asset objects reloaded before import = 0
Number of asset objects unloaded after import = 3
========================================================================
Received Import Request.
  Time since last request: 0.000017 seconds.
  path: Assets/BayatGames/Free Platform Game Assets/Chests/Chest/png/Sliced/Sliced 1/2x/body-3-2x.png
  artifactKey: Guid(b3999818d64bb7e4a8e630976cf19608) Importer(2089858483,0ecaa5967403d082aa24f35e1b516d23)
Start importing Assets/BayatGames/Free Platform Game Assets/Chests/Chest/png/Sliced/Sliced 1/2x/body-3-2x.png using Guid(b3999818d64bb7e4a8e630976cf19608) Importer(2089858483,0ecaa5967403d082aa24f35e1b516d23) Generated GUIDs only implemented for interfaces!
 -> (artifact id: 'c4ecc7b193948707aa45cdb227d97db2') in 0.049089 seconds
Number of updated asset objects reloaded before import = 0
Number of asset objects unloaded after import = 3
========================================================================
Received Import Request.
  Time since last request: 0.000022 seconds.
  path: Assets/BayatGames/Free Platform Game Assets/Chests/Chest/png/Sliced/Sliced 1/1x/head-1-1x.png
  artifactKey: Guid(b8c1031f0ea7841468cf0d5d17a33bfe) Importer(2089858483,0ecaa5967403d082aa24f35e1b516d23)
Start importing Assets/BayatGames/Free Platform Game Assets/Chests/Chest/png/Sliced/Sliced 1/1x/head-1-1x.png using Guid(b8c1031f0ea7841468cf0d5d17a33bfe) Importer(2089858483,0ecaa5967403d082aa24f35e1b516d23) Generated GUIDs only implemented for interfaces!
 -> (artifact id: '4853c3ffa04661113f469485adbc5323') in 0.043866 seconds
Number of updated asset objects reloaded before import = 0
Number of asset objects unloaded after import = 3
========================================================================
Received Import Request.
  Time since last request: 0.000016 seconds.
  path: Assets/BayatGames/Free Platform Game Assets/Chests/Chest/png/Sliced/Sliced 1/2x/head-6-2x.png
  artifactKey: Guid(9f571eeabb06e0a4099ba27e67ba28e6) Importer(2089858483,0ecaa5967403d082aa24f35e1b516d23)
Start importing Assets/BayatGames/Free Platform Game Assets/Chests/Chest/png/Sliced/Sliced 1/2x/head-6-2x.png using Guid(9f571eeabb06e0a4099ba27e67ba28e6) Importer(2089858483,0ecaa5967403d082aa24f35e1b516d23) Generated GUIDs only implemented for interfaces!
 -> (artifact id: '0c49c64ca06d0d2920aba89c3dc8401c') in 0.043436 seconds
Number of updated asset objects reloaded before import = 0
Number of asset objects unloaded after import = 3
========================================================================
Received Import Request.
  Time since last request: 0.000019 seconds.
  path: Assets/BayatGames/Free Platform Game Assets/Chests/Chest/png/Sliced/Sliced 1/1x/head-5-1x.png
  artifactKey: Guid(55204d9f4996e9349a354381855a6274) Importer(2089858483,0ecaa5967403d082aa24f35e1b516d23)
Start importing Assets/BayatGames/Free Platform Game Assets/Chests/Chest/png/Sliced/Sliced 1/1x/head-5-1x.png using Guid(55204d9f4996e9349a354381855a6274) Importer(2089858483,0ecaa5967403d082aa24f35e1b516d23) Generated GUIDs only implemented for interfaces!
 -> (artifact id: '1542ad61d8806207e25aaae1147c45c6') in 0.039364 seconds
Number of updated asset objects reloaded before import = 0
Number of asset objects unloaded after import = 3
========================================================================
Received Import Request.
  Time since last request: 0.000026 seconds.
  path: Assets/BayatGames/Free Platform Game Assets/Environments/Environments/png/All/2x/Asset 3.png
  artifactKey: Guid(ac1d70707f98a4f41b0ce181c25614ab) Importer(2089858483,0ecaa5967403d082aa24f35e1b516d23)
Start importing Assets/BayatGames/Free Platform Game Assets/Environments/Environments/png/All/2x/Asset 3.png using Guid(ac1d70707f98a4f41b0ce181c25614ab) Importer(2089858483,0ecaa5967403d082aa24f35e1b516d23) Generated GUIDs only implemented for interfaces!
 -> (artifact id: '732e40aff7a68b4aaf36dd59b48d3b3b') in 0.043793 seconds
Number of updated asset objects reloaded before import = 0
Number of asset objects unloaded after import = 3
========================================================================
Received Import Request.
  Time since last request: 0.000027 seconds.
  path: Assets/BayatGames/Free Platform Game Assets/Chests/Chest/png/Sliced/Sliced 1/2x/body-4-2x.png
  artifactKey: Guid(5951d25449c57044a8432525a4856e53) Importer(2089858483,0ecaa5967403d082aa24f35e1b516d23)
Start importing Assets/BayatGames/Free Platform Game Assets/Chests/Chest/png/Sliced/Sliced 1/2x/body-4-2x.png using Guid(5951d25449c57044a8432525a4856e53) Importer(2089858483,0ecaa5967403d082aa24f35e1b516d23) Generated GUIDs only implemented for interfaces!
 -> (artifact id: 'af9af7beb932a59ea27a09e05a611e94') in 0.045907 seconds
Number of updated asset objects reloaded before import = 0
Number of asset objects unloaded after import = 3
========================================================================
Received Import Request.
  Time since last request: 0.000025 seconds.
  path: Assets/BayatGames/Free Platform Game Assets/Chests/Chest/png/Sliced/Sliced 1/4x/body-4-4x.png
  artifactKey: Guid(dc8efce118fc4ae49ae79f970da46e4f) Importer(2089858483,0ecaa5967403d082aa24f35e1b516d23)
Start importing Assets/BayatGames/Free Platform Game Assets/Chests/Chest/png/Sliced/Sliced 1/4x/body-4-4x.png using Guid(dc8efce118fc4ae49ae79f970da46e4f) Importer(2089858483,0ecaa5967403d082aa24f35e1b516d23) Generated GUIDs only implemented for interfaces!
 -> (artifact id: '439baf54955d6a416dd61cbc42616f63') in 0.044638 seconds
Number of updated asset objects reloaded before import = 0
Number of asset objects unloaded after import = 3
========================================================================
Received Import Request.
  Time since last request: 0.000026 seconds.
  path: Assets/BayatGames/Free Platform Game Assets/Chests/Chest/png/Sliced/Sliced 2/1x/bodyWithoutInnerPiece-6-1x.png
  artifactKey: Guid(90c1c0586b750f44f80400956fdaa5ab) Importer(2089858483,0ecaa5967403d082aa24f35e1b516d23)
Start importing Assets/BayatGames/Free Platform Game Assets/Chests/Chest/png/Sliced/Sliced 2/1x/bodyWithoutInnerPiece-6-1x.png using Guid(90c1c0586b750f44f80400956fdaa5ab) Importer(2089858483,0ecaa5967403d082aa24f35e1b516d23) Generated GUIDs only implemented for interfaces!
 -> (artifact id: '1248f89fc024b60f80d3998b35840925') in 0.042682 seconds
Number of updated asset objects reloaded before import = 0
Number of asset objects unloaded after import = 3
========================================================================
Received Import Request.
  Time since last request: 0.000017 seconds.
  path: Assets/BayatGames/Free Platform Game Assets/Chests/Chest/png/Sliced/Sliced 2/1x/bodyInnerPiece-2-ForBody3-1x.png
  artifactKey: Guid(b954562b8db81924f946474af7772771) Importer(2089858483,0ecaa5967403d082aa24f35e1b516d23)
Start importing Assets/BayatGames/Free Platform Game Assets/Chests/Chest/png/Sliced/Sliced 2/1x/bodyInnerPiece-2-ForBody3-1x.png using Guid(b954562b8db81924f946474af7772771) Importer(2089858483,0ecaa5967403d082aa24f35e1b516d23) Generated GUIDs only implemented for interfaces!
 -> (artifact id: '9df86a132361a68c91c9cfc374bf4481') in 0.044291 seconds
Number of updated asset objects reloaded before import = 0
Number of asset objects unloaded after import = 3
========================================================================
Received Import Request.
  Time since last request: 0.000019 seconds.
  path: Assets/BayatGames/Free Platform Game Assets/Chests/Chest/png/Sliced/Sliced 2/1x/bodyInnerPiece-3-ForBody4-1x.png
  artifactKey: Guid(8a56642f4d3710e439eb267a3a1e40f2) Importer(2089858483,0ecaa5967403d082aa24f35e1b516d23)
Start importing Assets/BayatGames/Free Platform Game Assets/Chests/Chest/png/Sliced/Sliced 2/1x/bodyInnerPiece-3-ForBody4-1x.png using Guid(8a56642f4d3710e439eb267a3a1e40f2) Importer(2089858483,0ecaa5967403d082aa24f35e1b516d23) Generated GUIDs only implemented for interfaces!
 -> (artifact id: 'b20b5629004f9d338d58cf16d085baba') in 0.043404 seconds
Number of updated asset objects reloaded before import = 0
Number of asset objects unloaded after import = 3
========================================================================
Received Import Request.
  Time since last request: 0.000024 seconds.
  path: Assets/BayatGames/Free Platform Game Assets/Chests/Chest/png/Sliced/Sliced 2/1x/headWithoutInnerPiece-4-1x.png
  artifactKey: Guid(54dacbb43c753434eb52101ec4ea6333) Importer(2089858483,0ecaa5967403d082aa24f35e1b516d23)
Start importing Assets/BayatGames/Free Platform Game Assets/Chests/Chest/png/Sliced/Sliced 2/1x/headWithoutInnerPiece-4-1x.png using Guid(54dacbb43c753434eb52101ec4ea6333) Importer(2089858483,0ecaa5967403d082aa24f35e1b516d23) Generated GUIDs only implemented for interfaces!
 -> (artifact id: 'a8ab7b57baf3fe3d4faf418b7ade7d9f') in 0.046148 seconds
Number of updated asset objects reloaded before import = 0
Number of asset objects unloaded after import = 3
========================================================================
Received Import Request.
  Time since last request: 0.000042 seconds.
  path: Assets/BayatGames/Free Platform Game Assets/Chests/Chest/png/Sliced/Sliced 1/4x/head-6-4x.png
  artifactKey: Guid(768d423b940167044bcdbd03d80f3424) Importer(2089858483,0ecaa5967403d082aa24f35e1b516d23)
Start importing Assets/BayatGames/Free Platform Game Assets/Chests/Chest/png/Sliced/Sliced 1/4x/head-6-4x.png using Guid(768d423b940167044bcdbd03d80f3424) Importer(2089858483,0ecaa5967403d082aa24f35e1b516d23) Generated GUIDs only implemented for interfaces!
 -> (artifact id: '7d6f43c585ac449b9cbcb4e9d3c47319') in 0.045425 seconds
Number of updated asset objects reloaded before import = 0
Number of asset objects unloaded after import = 3
========================================================================
Received Import Request.
  Time since last request: 0.000019 seconds.
  path: Assets/BayatGames/Free Platform Game Assets/Chests/Chest/png/Sliced/Sliced 2/1x/bodyWithoutInnerPiece-5-1x.png
  artifactKey: Guid(ad3aee3a3a5750546a4d4b1b2a7074d2) Importer(2089858483,0ecaa5967403d082aa24f35e1b516d23)
Start importing Assets/BayatGames/Free Platform Game Assets/Chests/Chest/png/Sliced/Sliced 2/1x/bodyWithoutInnerPiece-5-1x.png using Guid(ad3aee3a3a5750546a4d4b1b2a7074d2) Importer(2089858483,0ecaa5967403d082aa24f35e1b516d23) Generated GUIDs only implemented for interfaces!
 -> (artifact id: '5e8521a531254530c3ae0315a1f260f1') in 0.049244 seconds
Number of updated asset objects reloaded before import = 0
Number of asset objects unloaded after import = 3
========================================================================
Received Import Request.
  Time since last request: 0.000018 seconds.
  path: Assets/BayatGames/Free Platform Game Assets/Chests/Chest/png/Sliced/Sliced 2/1x/bodyWithoutInnerPiece-3-1x.png
  artifactKey: Guid(5fb017a67e15fce46b9a1bfa17b2926a) Importer(2089858483,0ecaa5967403d082aa24f35e1b516d23)
Start importing Assets/BayatGames/Free Platform Game Assets/Chests/Chest/png/Sliced/Sliced 2/1x/bodyWithoutInnerPiece-3-1x.png using Guid(5fb017a67e15fce46b9a1bfa17b2926a) Importer(2089858483,0ecaa5967403d082aa24f35e1b516d23) Generated GUIDs only implemented for interfaces!
 -> (artifact id: '5b6142526e536820f6984a55bbea4119') in 0.044113 seconds
Number of updated asset objects reloaded before import = 0
Number of asset objects unloaded after import = 3
========================================================================
Received Import Request.
  Time since last request: 0.000018 seconds.
  path: Assets/BayatGames/Free Platform Game Assets/Chests/Chest/png/Sliced/Sliced 2/1x/headWithoutInnerPiece-2-1x.png
  artifactKey: Guid(d2d47356b64c2e649ac9674113b8d2cd) Importer(2089858483,0ecaa5967403d082aa24f35e1b516d23)
Start importing Assets/BayatGames/Free Platform Game Assets/Chests/Chest/png/Sliced/Sliced 2/1x/headWithoutInnerPiece-2-1x.png using Guid(d2d47356b64c2e649ac9674113b8d2cd) Importer(2089858483,0ecaa5967403d082aa24f35e1b516d23) Generated GUIDs only implemented for interfaces!
 -> (artifact id: '8cb3bd8ffd79e517285ccd0bc8e4bea9') in 0.042658 seconds
Number of updated asset objects reloaded before import = 0
Number of asset objects unloaded after import = 3
========================================================================
Received Import Request.
  Time since last request: 0.000068 seconds.
  path: Assets/BayatGames/Free Platform Game Assets/Chests/Chest/png/Sliced/Sliced 2/2x/bodyInnerPiece-2-ForBody3-2x.png
  artifactKey: Guid(c4d79404708dbb3469c043119eecfde6) Importer(2089858483,0ecaa5967403d082aa24f35e1b516d23)
Start importing Assets/BayatGames/Free Platform Game Assets/Chests/Chest/png/Sliced/Sliced 2/2x/bodyInnerPiece-2-ForBody3-2x.png using Guid(c4d79404708dbb3469c043119eecfde6) Importer(2089858483,0ecaa5967403d082aa24f35e1b516d23) Generated GUIDs only implemented for interfaces!
 -> (artifact id: 'f6df48fc8d1061da526c5e76bf55163e') in 0.046431 seconds
Number of updated asset objects reloaded before import = 0
Number of asset objects unloaded after import = 3
========================================================================
Received Import Request.
  Time since last request: 0.000023 seconds.
  path: Assets/BayatGames/Free Platform Game Assets/Chests/Chest/png/Sliced/Sliced 2/1x/headInnerPiece-1-ForHead4-1x.png
  artifactKey: Guid(a49796abf8c1f9b4583d3528a8cb611c) Importer(2089858483,0ecaa5967403d082aa24f35e1b516d23)
Start importing Assets/BayatGames/Free Platform Game Assets/Chests/Chest/png/Sliced/Sliced 2/1x/headInnerPiece-1-ForHead4-1x.png using Guid(a49796abf8c1f9b4583d3528a8cb611c) Importer(2089858483,0ecaa5967403d082aa24f35e1b516d23) Generated GUIDs only implemented for interfaces!
 -> (artifact id: 'b20addc372dd3f6841da3b91a9857402') in 0.045428 seconds
Number of updated asset objects reloaded before import = 0
Number of asset objects unloaded after import = 3
========================================================================
Received Import Request.
  Time since last request: 0.000036 seconds.
  path: Assets/BayatGames/Free Platform Game Assets/Environments/Environments/png/All/2x/Asset 9.png
  artifactKey: Guid(c4aa5ecb3a25b864a8ce984a6b56cec8) Importer(2089858483,0ecaa5967403d082aa24f35e1b516d23)
Start importing Assets/BayatGames/Free Platform Game Assets/Environments/Environments/png/All/2x/Asset 9.png using Guid(c4aa5ecb3a25b864a8ce984a6b56cec8) Importer(2089858483,0ecaa5967403d082aa24f35e1b516d23) Generated GUIDs only implemented for interfaces!
 -> (artifact id: '2149fc5598bd78ab1798c0e75d5ae3ae') in 0.042760 seconds
Number of updated asset objects reloaded before import = 0
Number of asset objects unloaded after import = 3
========================================================================
Received Import Request.
  Time since last request: 0.000017 seconds.
  path: Assets/BayatGames/Free Platform Game Assets/Chests/Chest/png/Sliced/Sliced 2/2x/bodyInnerPiece-3-ForBody4-2x.png
  artifactKey: Guid(78eb24712f20bd44bbb13dfa65bc00dd) Importer(2089858483,0ecaa5967403d082aa24f35e1b516d23)
Start importing Assets/BayatGames/Free Platform Game Assets/Chests/Chest/png/Sliced/Sliced 2/2x/bodyInnerPiece-3-ForBody4-2x.png using Guid(78eb24712f20bd44bbb13dfa65bc00dd) Importer(2089858483,0ecaa5967403d082aa24f35e1b516d23) Generated GUIDs only implemented for interfaces!
 -> (artifact id: '1506a11d1b1d01d9d78e339fb570d8b0') in 0.042087 seconds
Number of updated asset objects reloaded before import = 0
Number of asset objects unloaded after import = 3
========================================================================
Received Import Request.
  Time since last request: 0.000017 seconds.
  path: Assets/BayatGames/Free Platform Game Assets/Chests/Chest/png/Sliced/Sliced 2/2x/headWithoutInnerPiece-3-2x.png
  artifactKey: Guid(fd04933160103c84ba9350e9efb9f96e) Importer(2089858483,0ecaa5967403d082aa24f35e1b516d23)
Start importing Assets/BayatGames/Free Platform Game Assets/Chests/Chest/png/Sliced/Sliced 2/2x/headWithoutInnerPiece-3-2x.png using Guid(fd04933160103c84ba9350e9efb9f96e) Importer(2089858483,0ecaa5967403d082aa24f35e1b516d23) Generated GUIDs only implemented for interfaces!
 -> (artifact id: 'ba29afb7d14d619b420894fd9bccde5f') in 0.048127 seconds
Number of updated asset objects reloaded before import = 0
Number of asset objects unloaded after import = 3
========================================================================
Received Import Request.
  Time since last request: 0.000019 seconds.
  path: Assets/BayatGames/Free Platform Game Assets/Chests/Chest/png/Sliced/Sliced 2/2x/headInnerPiece-1-ForHead4-2x.png
  artifactKey: Guid(0bb49bd076a889741b47c4e43a6c929d) Importer(2089858483,0ecaa5967403d082aa24f35e1b516d23)
Start importing Assets/BayatGames/Free Platform Game Assets/Chests/Chest/png/Sliced/Sliced 2/2x/headInnerPiece-1-ForHead4-2x.png using Guid(0bb49bd076a889741b47c4e43a6c929d) Importer(2089858483,0ecaa5967403d082aa24f35e1b516d23) Generated GUIDs only implemented for interfaces!
 -> (artifact id: '00d5026e2f9b207352fe79e9e948786b') in 0.048845 seconds
Number of updated asset objects reloaded before import = 0
Number of asset objects unloaded after import = 3
========================================================================
Received Import Request.
  Time since last request: 0.000023 seconds.
  path: Assets/BayatGames/Free Platform Game Assets/Chests/New Chests ( Update 1.8.5 )/png/Separate/Model-1/1x/3-1x.png
  artifactKey: Guid(301349a3ba1998c4785fb11cb3771d7f) Importer(2089858483,0ecaa5967403d082aa24f35e1b516d23)
Start importing Assets/BayatGames/Free Platform Game Assets/Chests/New Chests ( Update 1.8.5 )/png/Separate/Model-1/1x/3-1x.png using Guid(301349a3ba1998c4785fb11cb3771d7f) Importer(2089858483,0ecaa5967403d082aa24f35e1b516d23) Generated GUIDs only implemented for interfaces!
 -> (artifact id: '9f72ca4a1556c84fbff8e9206d02e613') in 0.043586 seconds
Number of updated asset objects reloaded before import = 0
Number of asset objects unloaded after import = 3
========================================================================
Received Import Request.
  Time since last request: 0.000020 seconds.
  path: Assets/BayatGames/Free Platform Game Assets/Chests/Chest/png/Sliced/Sliced 2/4x/headInnerPiece-2-ForHead5-4x.png
  artifactKey: Guid(355673353ca1637479689e802878b7d6) Importer(2089858483,0ecaa5967403d082aa24f35e1b516d23)
Start importing Assets/BayatGames/Free Platform Game Assets/Chests/Chest/png/Sliced/Sliced 2/4x/headInnerPiece-2-ForHead5-4x.png using Guid(355673353ca1637479689e802878b7d6) Importer(2089858483,0ecaa5967403d082aa24f35e1b516d23) Generated GUIDs only implemented for interfaces!
 -> (artifact id: 'f6b010932418e5789fe45555d1559c9e') in 0.054109 seconds
Number of updated asset objects reloaded before import = 0
Number of asset objects unloaded after import = 3
========================================================================
Received Import Request.
  Time since last request: 0.000032 seconds.
  path: Assets/BayatGames/Free Platform Game Assets/Chests/New Chests ( Update 1.8.5 )/png/Separate/Model-1/1x/7-1x.png
  artifactKey: Guid(f5457a7b3d374b34e9aef2c50f98c1e6) Importer(2089858483,0ecaa5967403d082aa24f35e1b516d23)
Start importing Assets/BayatGames/Free Platform Game Assets/Chests/New Chests ( Update 1.8.5 )/png/Separate/Model-1/1x/7-1x.png using Guid(f5457a7b3d374b34e9aef2c50f98c1e6) Importer(2089858483,0ecaa5967403d082aa24f35e1b516d23) Generated GUIDs only implemented for interfaces!
 -> (artifact id: '20e2034704a4574b80c2c26f739095e1') in 0.046606 seconds
Number of updated asset objects reloaded before import = 0
Number of asset objects unloaded after import = 3
========================================================================
Received Import Request.
  Time since last request: 0.000021 seconds.
  path: Assets/BayatGames/Free Platform Game Assets/Chests/Chest/png/Sliced/Sliced 2/4x/bodyInnerPiece-1-ForBody2-4x.png
  artifactKey: Guid(0744a7ec1c109024fa780b715b22f696) Importer(2089858483,0ecaa5967403d082aa24f35e1b516d23)
Start importing Assets/BayatGames/Free Platform Game Assets/Chests/Chest/png/Sliced/Sliced 2/4x/bodyInnerPiece-1-ForBody2-4x.png using Guid(0744a7ec1c109024fa780b715b22f696) Importer(2089858483,0ecaa5967403d082aa24f35e1b516d23) Generated GUIDs only implemented for interfaces!
 -> (artifact id: 'bdd248b515623c453e48daa23999ad46') in 0.049035 seconds
Number of updated asset objects reloaded before import = 0
Number of asset objects unloaded after import = 3
========================================================================
Received Import Request.
  Time since last request: 0.000020 seconds.
  path: Assets/BayatGames/Free Platform Game Assets/Chests/Chest/png/Sliced/Sliced 2/2x/headWithoutInnerPiece-2-2x.png
  artifactKey: Guid(689a9c0e2dc62f946998bed0530b0944) Importer(2089858483,0ecaa5967403d082aa24f35e1b516d23)
Start importing Assets/BayatGames/Free Platform Game Assets/Chests/Chest/png/Sliced/Sliced 2/2x/headWithoutInnerPiece-2-2x.png using Guid(689a9c0e2dc62f946998bed0530b0944) Importer(2089858483,0ecaa5967403d082aa24f35e1b516d23) Generated GUIDs only implemented for interfaces!
 -> (artifact id: 'da6a682eee091d0e0ed17201cf178dae') in 0.047949 seconds
Number of updated asset objects reloaded before import = 0
Number of asset objects unloaded after import = 3
========================================================================
Received Import Request.
  Time since last request: 0.000022 seconds.
  path: Assets/BayatGames/Free Platform Game Assets/Chests/Chest/png/Sliced/Sliced 2/4x/headWithoutInnerPiece-4-4x.png
  artifactKey: Guid(556322473187e674caadd386c6c375d3) Importer(2089858483,0ecaa5967403d082aa24f35e1b516d23)
Start importing Assets/BayatGames/Free Platform Game Assets/Chests/Chest/png/Sliced/Sliced 2/4x/headWithoutInnerPiece-4-4x.png using Guid(556322473187e674caadd386c6c375d3) Importer(2089858483,0ecaa5967403d082aa24f35e1b516d23) Generated GUIDs only implemented for interfaces!
 -> (artifact id: '0d119a8239c7a04c65ecb22f03f52ef1') in 0.046088 seconds
Number of updated asset objects reloaded before import = 0
Number of asset objects unloaded after import = 3
========================================================================
Received Import Request.
  Time since last request: 0.000022 seconds.
  path: Assets/BayatGames/Free Platform Game Assets/Chests/Chest/png/Sliced/Sliced 2/4x/bodyWithoutInnerPiece-2-4x.png
  artifactKey: Guid(dd1dd30ea55953247a24aa116dfa855e) Importer(2089858483,0ecaa5967403d082aa24f35e1b516d23)
Start importing Assets/BayatGames/Free Platform Game Assets/Chests/Chest/png/Sliced/Sliced 2/4x/bodyWithoutInnerPiece-2-4x.png using Guid(dd1dd30ea55953247a24aa116dfa855e) Importer(2089858483,0ecaa5967403d082aa24f35e1b516d23) Generated GUIDs only implemented for interfaces!
 -> (artifact id: 'bc2772eb99d740a2d5471d465201e33c') in 0.045476 seconds
Number of updated asset objects reloaded before import = 0
Number of asset objects unloaded after import = 3
========================================================================
Received Import Request.
  Time since last request: 0.000023 seconds.
  path: Assets/BayatGames/Free Platform Game Assets/Chests/Chest/png/Sliced/Sliced 2/2x/headWithoutInnerPiece-5-2x.png
  artifactKey: Guid(51e4efe3b7449ed48b84919447ea6fc1) Importer(2089858483,0ecaa5967403d082aa24f35e1b516d23)
Start importing Assets/BayatGames/Free Platform Game Assets/Chests/Chest/png/Sliced/Sliced 2/2x/headWithoutInnerPiece-5-2x.png using Guid(51e4efe3b7449ed48b84919447ea6fc1) Importer(2089858483,0ecaa5967403d082aa24f35e1b516d23) Generated GUIDs only implemented for interfaces!
 -> (artifact id: 'e1408a539c06e485b4088d8fc271ce03') in 0.041228 seconds
Number of updated asset objects reloaded before import = 0
Number of asset objects unloaded after import = 3
========================================================================
Received Import Request.
  Time since last request: 0.000026 seconds.
  path: Assets/BayatGames/Free Platform Game Assets/Chests/New Chests ( Update 1.8.5 )/png/Separate/Model-1/1x/2-1x.png
  artifactKey: Guid(e3cd498ad3ea40d40aa6d7ed60c225cd) Importer(2089858483,0ecaa5967403d082aa24f35e1b516d23)
Start importing Assets/BayatGames/Free Platform Game Assets/Chests/New Chests ( Update 1.8.5 )/png/Separate/Model-1/1x/2-1x.png using Guid(e3cd498ad3ea40d40aa6d7ed60c225cd) Importer(2089858483,0ecaa5967403d082aa24f35e1b516d23) Generated GUIDs only implemented for interfaces!
 -> (artifact id: 'f36aeedcca88664445f80fec77cd2f66') in 0.039626 seconds
Number of updated asset objects reloaded before import = 0
Number of asset objects unloaded after import = 3
========================================================================
Received Import Request.
  Time since last request: 0.000023 seconds.
  path: Assets/BayatGames/Free Platform Game Assets/Chests/New Chests ( Update 1.8.5 )/png/Separate/Model-1/4x/8-4x.png
  artifactKey: Guid(8dbeb0446c1273c42b1f8b69e6ee378f) Importer(2089858483,0ecaa5967403d082aa24f35e1b516d23)
Start importing Assets/BayatGames/Free Platform Game Assets/Chests/New Chests ( Update 1.8.5 )/png/Separate/Model-1/4x/8-4x.png using Guid(8dbeb0446c1273c42b1f8b69e6ee378f) Importer(2089858483,0ecaa5967403d082aa24f35e1b516d23) Generated GUIDs only implemented for interfaces!
 -> (artifact id: 'f89e8abc8a0f48864daf76131886f8cd') in 0.043102 seconds
Number of updated asset objects reloaded before import = 0
Number of asset objects unloaded after import = 3
========================================================================
Received Import Request.
  Time since last request: 0.000018 seconds.
  path: Assets/BayatGames/Free Platform Game Assets/Chests/New Chests ( Update 1.8.5 )/png/Separate/Model-1/2x/4-2x.png
  artifactKey: Guid(e073f4043b3c1354686817ae3b211be2) Importer(2089858483,0ecaa5967403d082aa24f35e1b516d23)
Start importing Assets/BayatGames/Free Platform Game Assets/Chests/New Chests ( Update 1.8.5 )/png/Separate/Model-1/2x/4-2x.png using Guid(e073f4043b3c1354686817ae3b211be2) Importer(2089858483,0ecaa5967403d082aa24f35e1b516d23) Generated GUIDs only implemented for interfaces!
 -> (artifact id: '6c96fdaa65316b55025b6eb25de89048') in 0.042858 seconds
Number of updated asset objects reloaded before import = 0
Number of asset objects unloaded after import = 3
========================================================================
Received Import Request.
  Time since last request: 0.000017 seconds.
  path: Assets/BayatGames/Free Platform Game Assets/Chests/New Chests ( Update 1.8.5 )/png/Separate/Model-2/1x/model-2-1-1x.png
  artifactKey: Guid(07d30ae5a0700e745a4ab28d8dc4be17) Importer(2089858483,0ecaa5967403d082aa24f35e1b516d23)
Start importing Assets/BayatGames/Free Platform Game Assets/Chests/New Chests ( Update 1.8.5 )/png/Separate/Model-2/1x/model-2-1-1x.png using Guid(07d30ae5a0700e745a4ab28d8dc4be17) Importer(2089858483,0ecaa5967403d082aa24f35e1b516d23) Generated GUIDs only implemented for interfaces!
 -> (artifact id: '167fb46688afb463e41cfa3821658423') in 0.050792 seconds
Number of updated asset objects reloaded before import = 0
Number of asset objects unloaded after import = 3
========================================================================
Received Import Request.
  Time since last request: 0.000018 seconds.
  path: Assets/BayatGames/Free Platform Game Assets/Chests/New Chests ( Update 1.8.5 )/png/Separate/Model-2/1x/model-2-3-1x.png
  artifactKey: Guid(bed3c552789fffe4f8f92d0f2a5c82d8) Importer(2089858483,0ecaa5967403d082aa24f35e1b516d23)
Start importing Assets/BayatGames/Free Platform Game Assets/Chests/New Chests ( Update 1.8.5 )/png/Separate/Model-2/1x/model-2-3-1x.png using Guid(bed3c552789fffe4f8f92d0f2a5c82d8) Importer(2089858483,0ecaa5967403d082aa24f35e1b516d23) Generated GUIDs only implemented for interfaces!
 -> (artifact id: '6ccc64a857285268f61ac3021ec61ed8') in 0.051557 seconds
Number of updated asset objects reloaded before import = 0
Number of asset objects unloaded after import = 3
========================================================================
Received Import Request.
  Time since last request: 0.000106 seconds.
  path: Assets/BayatGames/Free Platform Game Assets/Chests/New Chests ( Update 1.8.5 )/png/Separate/Model-2/1x/model-2-4-1x.png
  artifactKey: Guid(6194db258de253447b43488b7ed4c6bc) Importer(2089858483,0ecaa5967403d082aa24f35e1b516d23)
Start importing Assets/BayatGames/Free Platform Game Assets/Chests/New Chests ( Update 1.8.5 )/png/Separate/Model-2/1x/model-2-4-1x.png using Guid(6194db258de253447b43488b7ed4c6bc) Importer(2089858483,0ecaa5967403d082aa24f35e1b516d23) Generated GUIDs only implemented for interfaces!
 -> (artifact id: '00e67a7f4385e2f610caed339054092c') in 0.050605 seconds
Number of updated asset objects reloaded before import = 0
Number of asset objects unloaded after import = 3
========================================================================
Received Import Request.
  Time since last request: 0.000032 seconds.
  path: Assets/BayatGames/Free Platform Game Assets/Chests/New Chests ( Update 1.8.5 )/png/Separate/Model-1/4x/2-4x.png
  artifactKey: Guid(9e19bafb38e19d24cbad251335d65166) Importer(2089858483,0ecaa5967403d082aa24f35e1b516d23)
Start importing Assets/BayatGames/Free Platform Game Assets/Chests/New Chests ( Update 1.8.5 )/png/Separate/Model-1/4x/2-4x.png using Guid(9e19bafb38e19d24cbad251335d65166) Importer(2089858483,0ecaa5967403d082aa24f35e1b516d23) Generated GUIDs only implemented for interfaces!
 -> (artifact id: '293130cf5a68e2c0526b918f7e90c8b2') in 0.044547 seconds
Number of updated asset objects reloaded before import = 0
Number of asset objects unloaded after import = 3
========================================================================
Received Import Request.
  Time since last request: 0.000023 seconds.
  path: Assets/BayatGames/Free Platform Game Assets/Chests/New Chests ( Update 1.8.5 )/png/Separate/Model-1/2x/7-2x.png
  artifactKey: Guid(eca487b2e523ad642a10f7d521a94fb2) Importer(2089858483,0ecaa5967403d082aa24f35e1b516d23)
Start importing Assets/BayatGames/Free Platform Game Assets/Chests/New Chests ( Update 1.8.5 )/png/Separate/Model-1/2x/7-2x.png using Guid(eca487b2e523ad642a10f7d521a94fb2) Importer(2089858483,0ecaa5967403d082aa24f35e1b516d23) Generated GUIDs only implemented for interfaces!
 -> (artifact id: '168eeebd871790eea715e61bbc09217b') in 0.043525 seconds
Number of updated asset objects reloaded before import = 0
Number of asset objects unloaded after import = 3
========================================================================
Received Import Request.
  Time since last request: 0.000017 seconds.
  path: Assets/BayatGames/Free Platform Game Assets/Chests/New Chests ( Update 1.8.5 )/png/Separate/Model-1/1x/9-1x.png
  artifactKey: Guid(649e3156b9c3c78469eb7b35bc618638) Importer(2089858483,0ecaa5967403d082aa24f35e1b516d23)
Start importing Assets/BayatGames/Free Platform Game Assets/Chests/New Chests ( Update 1.8.5 )/png/Separate/Model-1/1x/9-1x.png using Guid(649e3156b9c3c78469eb7b35bc618638) Importer(2089858483,0ecaa5967403d082aa24f35e1b516d23) Generated GUIDs only implemented for interfaces!
 -> (artifact id: 'b6c3b410197e5fad6b767c551ffe0019') in 0.044649 seconds
Number of updated asset objects reloaded before import = 0
Number of asset objects unloaded after import = 3
========================================================================
Received Import Request.
  Time since last request: 0.000021 seconds.
  path: Assets/BayatGames/Free Platform Game Assets/Chests/New Chests ( Update 1.8.5 )/png/Separate/Model-1/4x/4-4x.png
  artifactKey: Guid(12e8c79b418fac9458dbb629b090ccfd) Importer(2089858483,0ecaa5967403d082aa24f35e1b516d23)
Start importing Assets/BayatGames/Free Platform Game Assets/Chests/New Chests ( Update 1.8.5 )/png/Separate/Model-1/4x/4-4x.png using Guid(12e8c79b418fac9458dbb629b090ccfd) Importer(2089858483,0ecaa5967403d082aa24f35e1b516d23) Generated GUIDs only implemented for interfaces!
 -> (artifact id: '999363cbe928ac32ba1b9997f3bde68c') in 0.052704 seconds
Number of updated asset objects reloaded before import = 0
Number of asset objects unloaded after import = 3
========================================================================
Received Import Request.
  Time since last request: 0.000023 seconds.
  path: Assets/BayatGames/Free Platform Game Assets/Chests/Chest/png/Sliced/Sliced 2/2x/headInnerPiece-2-ForHead5-2x.png
  artifactKey: Guid(2ebcc6ae8a71a474aac422b0db22c5ee) Importer(2089858483,0ecaa5967403d082aa24f35e1b516d23)
Start importing Assets/BayatGames/Free Platform Game Assets/Chests/Chest/png/Sliced/Sliced 2/2x/headInnerPiece-2-ForHead5-2x.png using Guid(2ebcc6ae8a71a474aac422b0db22c5ee) Importer(2089858483,0ecaa5967403d082aa24f35e1b516d23) Generated GUIDs only implemented for interfaces!
 -> (artifact id: '8feba9fc1564507154cee6d94f38cd02') in 0.044632 seconds
Number of updated asset objects reloaded before import = 0
Number of asset objects unloaded after import = 3
========================================================================
Received Import Request.
  Time since last request: 0.000019 seconds.
  path: Assets/BayatGames/Free Platform Game Assets/Chests/New Chests ( Update 1.8.5 )/png/Separate/Model-2/2x/model-2-8-2x.png
  artifactKey: Guid(53dbeffa48a9e8140be45799da8d78f2) Importer(2089858483,0ecaa5967403d082aa24f35e1b516d23)
Start importing Assets/BayatGames/Free Platform Game Assets/Chests/New Chests ( Update 1.8.5 )/png/Separate/Model-2/2x/model-2-8-2x.png using Guid(53dbeffa48a9e8140be45799da8d78f2) Importer(2089858483,0ecaa5967403d082aa24f35e1b516d23) Generated GUIDs only implemented for interfaces!
 -> (artifact id: '7d2fe86bf9ca55f6360b5f8e0de29181') in 0.047997 seconds
Number of updated asset objects reloaded before import = 0
Number of asset objects unloaded after import = 3
========================================================================
Received Import Request.
  Time since last request: 0.000029 seconds.
  path: Assets/BayatGames/Free Platform Game Assets/Chests/New Chests ( Update 1.8.5 )/png/Sliced/Model-1/1x/head-5-1x.png
  artifactKey: Guid(188f3f55b6fa3414893661e0ea6b03bf) Importer(2089858483,0ecaa5967403d082aa24f35e1b516d23)
Start importing Assets/BayatGames/Free Platform Game Assets/Chests/New Chests ( Update 1.8.5 )/png/Sliced/Model-1/1x/head-5-1x.png using Guid(188f3f55b6fa3414893661e0ea6b03bf) Importer(2089858483,0ecaa5967403d082aa24f35e1b516d23) Generated GUIDs only implemented for interfaces!
 -> (artifact id: '30a12999cd445c3f28b63ba411281afd') in 0.043148 seconds
Number of updated asset objects reloaded before import = 0
Number of asset objects unloaded after import = 3
========================================================================
Received Import Request.
  Time since last request: 0.000021 seconds.
  path: Assets/BayatGames/Free Platform Game Assets/Chests/New Chests ( Update 1.8.5 )/png/Sliced/Model-1/1x/headInnerPiece-2-ForHead-6-1x.png
  artifactKey: Guid(e32d35a0bacd749468fcd9dd091a27db) Importer(2089858483,0ecaa5967403d082aa24f35e1b516d23)
Start importing Assets/BayatGames/Free Platform Game Assets/Chests/New Chests ( Update 1.8.5 )/png/Sliced/Model-1/1x/headInnerPiece-2-ForHead-6-1x.png using Guid(e32d35a0bacd749468fcd9dd091a27db) Importer(2089858483,0ecaa5967403d082aa24f35e1b516d23) Generated GUIDs only implemented for interfaces!
 -> (artifact id: '548162266eefb31358d5fdd5c6820b89') in 0.045858 seconds
Number of updated asset objects reloaded before import = 0
Number of asset objects unloaded after import = 3
========================================================================
Received Import Request.
  Time since last request: 0.000029 seconds.
  path: Assets/BayatGames/Free Platform Game Assets/Chests/New Chests ( Update 1.8.5 )/png/Sliced/Model-1/1x/headInnerPiece-3-ForHead-7-1x.png
  artifactKey: Guid(88384e906716a7b449557dd18524970a) Importer(2089858483,0ecaa5967403d082aa24f35e1b516d23)
Start importing Assets/BayatGames/Free Platform Game Assets/Chests/New Chests ( Update 1.8.5 )/png/Sliced/Model-1/1x/headInnerPiece-3-ForHead-7-1x.png using Guid(88384e906716a7b449557dd18524970a) Importer(2089858483,0ecaa5967403d082aa24f35e1b516d23) Generated GUIDs only implemented for interfaces!
 -> (artifact id: '47ac3b7e755c5e0917f1a63463cfc386') in 0.048474 seconds
Number of updated asset objects reloaded before import = 0
Number of asset objects unloaded after import = 3
========================================================================
Received Import Request.
  Time since last request: 0.000023 seconds.
  path: Assets/BayatGames/Free Platform Game Assets/Chests/New Chests ( Update 1.8.5 )/png/Sliced/Model-1/1x/head-4-1x.png
  artifactKey: Guid(01dee54cb6f1a0442855c0a73322bc08) Importer(2089858483,0ecaa5967403d082aa24f35e1b516d23)
Start importing Assets/BayatGames/Free Platform Game Assets/Chests/New Chests ( Update 1.8.5 )/png/Sliced/Model-1/1x/head-4-1x.png using Guid(01dee54cb6f1a0442855c0a73322bc08) Importer(2089858483,0ecaa5967403d082aa24f35e1b516d23) Generated GUIDs only implemented for interfaces!
 -> (artifact id: 'c2372654ca13310b012bbd9ac3c53c9f') in 0.046856 seconds
Number of updated asset objects reloaded before import = 0
Number of asset objects unloaded after import = 3
========================================================================
Received Import Request.
  Time since last request: 0.000018 seconds.
  path: Assets/BayatGames/Free Platform Game Assets/Chests/New Chests ( Update 1.8.5 )/png/Separate/Model-2/2x/model-2-3-2x.png
  artifactKey: Guid(6e3f188eb1192b64f932c7002c112757) Importer(2089858483,0ecaa5967403d082aa24f35e1b516d23)
Start importing Assets/BayatGames/Free Platform Game Assets/Chests/New Chests ( Update 1.8.5 )/png/Separate/Model-2/2x/model-2-3-2x.png using Guid(6e3f188eb1192b64f932c7002c112757) Importer(2089858483,0ecaa5967403d082aa24f35e1b516d23) Generated GUIDs only implemented for interfaces!
 -> (artifact id: '8d0e2c2104671a701ed74e072b207467') in 0.043857 seconds
Number of updated asset objects reloaded before import = 0
Number of asset objects unloaded after import = 3
========================================================================
Received Import Request.
  Time since last request: 0.000021 seconds.
  path: Assets/BayatGames/Free Platform Game Assets/Chests/New Chests ( Update 1.8.5 )/png/Sliced/Model-1/1x/head-8-1x.png
  artifactKey: Guid(106b9e32d072a7c4c866a3f855a91d15) Importer(2089858483,0ecaa5967403d082aa24f35e1b516d23)
Start importing Assets/BayatGames/Free Platform Game Assets/Chests/New Chests ( Update 1.8.5 )/png/Sliced/Model-1/1x/head-8-1x.png using Guid(106b9e32d072a7c4c866a3f855a91d15) Importer(2089858483,0ecaa5967403d082aa24f35e1b516d23) Generated GUIDs only implemented for interfaces!
 -> (artifact id: 'edb5eaa2dd0ccb1c45362a181248995b') in 0.048993 seconds
Number of updated asset objects reloaded before import = 0
Number of asset objects unloaded after import = 3
========================================================================
Received Import Request.
  Time since last request: 0.000031 seconds.
  path: Assets/BayatGames/Free Platform Game Assets/Chests/New Chests ( Update 1.8.5 )/png/Sliced/Model-1/1x/head-2-1x.png
  artifactKey: Guid(c9c0d9aa80126684eaff5d2b09e44af3) Importer(2089858483,0ecaa5967403d082aa24f35e1b516d23)
Start importing Assets/BayatGames/Free Platform Game Assets/Chests/New Chests ( Update 1.8.5 )/png/Sliced/Model-1/1x/head-2-1x.png using Guid(c9c0d9aa80126684eaff5d2b09e44af3) Importer(2089858483,0ecaa5967403d082aa24f35e1b516d23) Generated GUIDs only implemented for interfaces!
 -> (artifact id: '406b5c7947bfa1732fa73f0e0b088194') in 0.047345 seconds
Number of updated asset objects reloaded before import = 0
Number of asset objects unloaded after import = 3
========================================================================
Received Import Request.
  Time since last request: 0.000018 seconds.
  path: Assets/BayatGames/Free Platform Game Assets/Chests/New Chests ( Update 1.8.5 )/png/Separate/Model-2/4x/model-2-8-4x.png
  artifactKey: Guid(bb609d4598a9f6e49a16936d87ed9626) Importer(2089858483,0ecaa5967403d082aa24f35e1b516d23)
Start importing Assets/BayatGames/Free Platform Game Assets/Chests/New Chests ( Update 1.8.5 )/png/Separate/Model-2/4x/model-2-8-4x.png using Guid(bb609d4598a9f6e49a16936d87ed9626) Importer(2089858483,0ecaa5967403d082aa24f35e1b516d23) Generated GUIDs only implemented for interfaces!
 -> (artifact id: '2f2e8b4b7be44673cdf4841e4b99ad3b') in 0.047973 seconds
Number of updated asset objects reloaded before import = 0
Number of asset objects unloaded after import = 3
========================================================================
Received Import Request.
  Time since last request: 0.000023 seconds.
  path: Assets/BayatGames/Free Platform Game Assets/Chests/New Chests ( Update 1.8.5 )/png/Separate/Model-2/4x/model-2-1-4x.png
  artifactKey: Guid(4ac5b60f2cdee64408fd68d777f60b2f) Importer(2089858483,0ecaa5967403d082aa24f35e1b516d23)
Start importing Assets/BayatGames/Free Platform Game Assets/Chests/New Chests ( Update 1.8.5 )/png/Separate/Model-2/4x/model-2-1-4x.png using Guid(4ac5b60f2cdee64408fd68d777f60b2f) Importer(2089858483,0ecaa5967403d082aa24f35e1b516d23) Generated GUIDs only implemented for interfaces!
 -> (artifact id: '141684842c3560144f307b783d3aba27') in 0.045808 seconds
Number of updated asset objects reloaded before import = 0
Number of asset objects unloaded after import = 3
========================================================================
Received Import Request.
  Time since last request: 0.000018 seconds.
  path: Assets/BayatGames/Free Platform Game Assets/Chests/New Chests ( Update 1.8.5 )/png/Separate/Model-2/4x/model-2-6-4x.png
  artifactKey: Guid(94c4f3ed03ac0ae4188144ed57bfc43d) Importer(2089858483,0ecaa5967403d082aa24f35e1b516d23)
Start importing Assets/BayatGames/Free Platform Game Assets/Chests/New Chests ( Update 1.8.5 )/png/Separate/Model-2/4x/model-2-6-4x.png using Guid(94c4f3ed03ac0ae4188144ed57bfc43d) Importer(2089858483,0ecaa5967403d082aa24f35e1b516d23) Generated GUIDs only implemented for interfaces!
 -> (artifact id: 'e5d80091f4b33c89e71257bbd764647e') in 0.047693 seconds
Number of updated asset objects reloaded before import = 0
Number of asset objects unloaded after import = 3
========================================================================
Received Import Request.
  Time since last request: 0.000024 seconds.
  path: Assets/BayatGames/Free Platform Game Assets/Water Animation/2D view ( Update 1.9 )/128x128/7-1x.png
  artifactKey: Guid(a5b312117a0528c49b06fa3a96dfe236) Importer(2089858483,0ecaa5967403d082aa24f35e1b516d23)
Start importing Assets/BayatGames/Free Platform Game Assets/Water Animation/2D view ( Update 1.9 )/128x128/7-1x.png using Guid(a5b312117a0528c49b06fa3a96dfe236) Importer(2089858483,0ecaa5967403d082aa24f35e1b516d23) Generated GUIDs only implemented for interfaces!
 -> (artifact id: 'fdec475ff28d368a0c36ddff0092c21e') in 0.045467 seconds
Number of updated asset objects reloaded before import = 0
Number of asset objects unloaded after import = 3
========================================================================
Received Import Request.
  Time since last request: 0.000019 seconds.
  path: Assets/BayatGames/Free Platform Game Assets/Chests/New Chests ( Update 1.8.5 )/png/Sliced/Model-1/4x/head-9-4x.png
  artifactKey: Guid(50943a86eb19d9044821049517a06543) Importer(2089858483,0ecaa5967403d082aa24f35e1b516d23)
Start importing Assets/BayatGames/Free Platform Game Assets/Chests/New Chests ( Update 1.8.5 )/png/Sliced/Model-1/4x/head-9-4x.png using Guid(50943a86eb19d9044821049517a06543) Importer(2089858483,0ecaa5967403d082aa24f35e1b516d23) Generated GUIDs only implemented for interfaces!
 -> (artifact id: 'a47609f83fa3fffb2cc3106239e04ee3') in 0.048362 seconds
Number of updated asset objects reloaded before import = 0
Number of asset objects unloaded after import = 3
========================================================================
Received Import Request.
  Time since last request: 0.000035 seconds.
  path: Assets/BayatGames/Free Platform Game Assets/Chests/New Chests ( Update 1.8.5 )/png/Sliced/Model-1/4x/body-4x.png
  artifactKey: Guid(ab6b53186a4cc9343a760fb352239a88) Importer(2089858483,0ecaa5967403d082aa24f35e1b516d23)
Start importing Assets/BayatGames/Free Platform Game Assets/Chests/New Chests ( Update 1.8.5 )/png/Sliced/Model-1/4x/body-4x.png using Guid(ab6b53186a4cc9343a760fb352239a88) Importer(2089858483,0ecaa5967403d082aa24f35e1b516d23) Generated GUIDs only implemented for interfaces!
 -> (artifact id: '0ddf683d3168cdf7ea0af8f6b841a1bd') in 0.045851 seconds
Number of updated asset objects reloaded before import = 0
Number of asset objects unloaded after import = 3
========================================================================
Received Import Request.
  Time since last request: 0.000019 seconds.
  path: Assets/BayatGames/Free Platform Game Assets/Chests/New Chests ( Update 1.8.5 )/png/Sliced/Model-1/2x/headInnerPiece-4-ForHead-8-2x.png
  artifactKey: Guid(11e7e0e12b91ee944a0a3b865e85e023) Importer(2089858483,0ecaa5967403d082aa24f35e1b516d23)
Start importing Assets/BayatGames/Free Platform Game Assets/Chests/New Chests ( Update 1.8.5 )/png/Sliced/Model-1/2x/headInnerPiece-4-ForHead-8-2x.png using Guid(11e7e0e12b91ee944a0a3b865e85e023) Importer(2089858483,0ecaa5967403d082aa24f35e1b516d23) Generated GUIDs only implemented for interfaces!
 -> (artifact id: '8030b0072f90e06709c4f9f5ecd25826') in 0.066835 seconds
Number of updated asset objects reloaded before import = 0
Number of asset objects unloaded after import = 3
========================================================================
Received Import Request.
  Time since last request: 0.000019 seconds.
  path: Assets/BayatGames/Free Platform Game Assets/Chests/New Chests ( Update 1.8.5 )/png/Sliced/Model-1/4x/head-7-4x.png
  artifactKey: Guid(f8e92d1aaa8115841b47a2bc791e14ec) Importer(2089858483,0ecaa5967403d082aa24f35e1b516d23)
Start importing Assets/BayatGames/Free Platform Game Assets/Chests/New Chests ( Update 1.8.5 )/png/Sliced/Model-1/4x/head-7-4x.png using Guid(f8e92d1aaa8115841b47a2bc791e14ec) Importer(2089858483,0ecaa5967403d082aa24f35e1b516d23) Generated GUIDs only implemented for interfaces!
 -> (artifact id: '175fab4b6a82c0541a7d71318b5db3c3') in 0.045172 seconds
Number of updated asset objects reloaded before import = 0
Number of asset objects unloaded after import = 3
========================================================================
Received Import Request.
  Time since last request: 0.000020 seconds.
  path: Assets/BayatGames/Free Platform Game Assets/Chests/New Chests ( Update 1.8.5 )/png/Sliced/Model-1/2x/bodyInnerPiece-2x.png
  artifactKey: Guid(2ef9c69a7b7bb3749addd46259548c8f) Importer(2089858483,0ecaa5967403d082aa24f35e1b516d23)
Start importing Assets/BayatGames/Free Platform Game Assets/Chests/New Chests ( Update 1.8.5 )/png/Sliced/Model-1/2x/bodyInnerPiece-2x.png using Guid(2ef9c69a7b7bb3749addd46259548c8f) Importer(2089858483,0ecaa5967403d082aa24f35e1b516d23) Generated GUIDs only implemented for interfaces!
 -> (artifact id: 'aef5a2b9918ddcc7215f978c5aee0345') in 0.044629 seconds
Number of updated asset objects reloaded before import = 0
Number of asset objects unloaded after import = 3
========================================================================
Received Import Request.
  Time since last request: 0.000018 seconds.
  path: Assets/BayatGames/Free Platform Game Assets/Chests/New Chests ( Update 1.8.5 )/png/Sliced/Model-1/4x/head-2-4x.png
  artifactKey: Guid(db4df2615ba5d8b4992245a24f0a22b2) Importer(2089858483,0ecaa5967403d082aa24f35e1b516d23)
Start importing Assets/BayatGames/Free Platform Game Assets/Chests/New Chests ( Update 1.8.5 )/png/Sliced/Model-1/4x/head-2-4x.png using Guid(db4df2615ba5d8b4992245a24f0a22b2) Importer(2089858483,0ecaa5967403d082aa24f35e1b516d23) Generated GUIDs only implemented for interfaces!
 -> (artifact id: '27cc0c1dda8e3ea4e56491b97b1d5df2') in 0.047642 seconds
Number of updated asset objects reloaded before import = 0
Number of asset objects unloaded after import = 3
========================================================================
Received Import Request.
  Time since last request: 0.000026 seconds.
  path: Assets/BayatGames/Free Platform Game Assets/Chests/New Chests ( Update 1.8.5 )/png/Sliced/Model-1/4x/headInnerPiece-1-ForHead-5-4x.png
  artifactKey: Guid(fb174ccf04858d04f82622f1ea130a95) Importer(2089858483,0ecaa5967403d082aa24f35e1b516d23)
Start importing Assets/BayatGames/Free Platform Game Assets/Chests/New Chests ( Update 1.8.5 )/png/Sliced/Model-1/4x/headInnerPiece-1-ForHead-5-4x.png using Guid(fb174ccf04858d04f82622f1ea130a95) Importer(2089858483,0ecaa5967403d082aa24f35e1b516d23) Generated GUIDs only implemented for interfaces!
 -> (artifact id: '4d22b5bf438edbe6daf05260e93a9233') in 0.047290 seconds
Number of updated asset objects reloaded before import = 0
Number of asset objects unloaded after import = 3
========================================================================
Received Import Request.
  Time since last request: 0.000039 seconds.
  path: Assets/BayatGames/Free Platform Game Assets/Chests/New Chests ( Update 1.8.5 )/png/Sliced/Model-1/2x/head-5-2x.png
  artifactKey: Guid(4f3c49377af0b2641b0cd6f9b1a7e0c5) Importer(2089858483,0ecaa5967403d082aa24f35e1b516d23)
Start importing Assets/BayatGames/Free Platform Game Assets/Chests/New Chests ( Update 1.8.5 )/png/Sliced/Model-1/2x/head-5-2x.png using Guid(4f3c49377af0b2641b0cd6f9b1a7e0c5) Importer(2089858483,0ecaa5967403d082aa24f35e1b516d23) Generated GUIDs only implemented for interfaces!
 -> (artifact id: '57bf66e001b89c2e0563e1ef53d5a299') in 0.046555 seconds
Number of updated asset objects reloaded before import = 0
Number of asset objects unloaded after import = 3
========================================================================
Received Import Request.
  Time since last request: 0.000019 seconds.
  path: Assets/BayatGames/Free Platform Game Assets/Chests/New Chests ( Update 1.8.5 )/png/Sliced/Model-1/4x/head-1-4x.png
  artifactKey: Guid(20ee7addbc5d00b4fbdfdd91730dd8de) Importer(2089858483,0ecaa5967403d082aa24f35e1b516d23)
Start importing Assets/BayatGames/Free Platform Game Assets/Chests/New Chests ( Update 1.8.5 )/png/Sliced/Model-1/4x/head-1-4x.png using Guid(20ee7addbc5d00b4fbdfdd91730dd8de) Importer(2089858483,0ecaa5967403d082aa24f35e1b516d23) Generated GUIDs only implemented for interfaces!
 -> (artifact id: '0ae52becacdcc460da83ec9bd38bfa78') in 0.046544 seconds
Number of updated asset objects reloaded before import = 0
Number of asset objects unloaded after import = 3
========================================================================
Received Import Request.
  Time since last request: 0.000017 seconds.
  path: Assets/BayatGames/Free Platform Game Assets/Chests/New Chests ( Update 1.8.5 )/png/Sliced/Model-1/4x/head-6-4x.png
  artifactKey: Guid(1496dfb1aaffcb743a7d6ca671e3a902) Importer(2089858483,0ecaa5967403d082aa24f35e1b516d23)
Start importing Assets/BayatGames/Free Platform Game Assets/Chests/New Chests ( Update 1.8.5 )/png/Sliced/Model-1/4x/head-6-4x.png using Guid(1496dfb1aaffcb743a7d6ca671e3a902) Importer(2089858483,0ecaa5967403d082aa24f35e1b516d23) Generated GUIDs only implemented for interfaces!
 -> (artifact id: '546628583b46741011f5fe1fe21505bc') in 0.045859 seconds
Number of updated asset objects reloaded before import = 0
Number of asset objects unloaded after import = 3
========================================================================
Received Import Request.
  Time since last request: 0.000017 seconds.
  path: Assets/BayatGames/Free Platform Game Assets/Chests/New Chests ( Update 1.8.5 )/png/Sliced/Model-2/1x/Model2-Head-7-1x.png
  artifactKey: Guid(f7338b4b83c5b4844b975a6c004006cf) Importer(2089858483,0ecaa5967403d082aa24f35e1b516d23)
Start importing Assets/BayatGames/Free Platform Game Assets/Chests/New Chests ( Update 1.8.5 )/png/Sliced/Model-2/1x/Model2-Head-7-1x.png using Guid(f7338b4b83c5b4844b975a6c004006cf) Importer(2089858483,0ecaa5967403d082aa24f35e1b516d23) Generated GUIDs only implemented for interfaces!
 -> (artifact id: '3a7017f7502195a095ce21e1abc692f2') in 0.046884 seconds
Number of updated asset objects reloaded before import = 0
Number of asset objects unloaded after import = 3
========================================================================
Received Import Request.
  Time since last request: 0.000029 seconds.
  path: Assets/BayatGames/Free Platform Game Assets/Chests/New Chests ( Update 1.8.5 )/png/Sliced/Model-2/2x/Model2-Head-5-2x.png
  artifactKey: Guid(c1756630028527543b10238d675d50f9) Importer(2089858483,0ecaa5967403d082aa24f35e1b516d23)
Start importing Assets/BayatGames/Free Platform Game Assets/Chests/New Chests ( Update 1.8.5 )/png/Sliced/Model-2/2x/Model2-Head-5-2x.png using Guid(c1756630028527543b10238d675d50f9) Importer(2089858483,0ecaa5967403d082aa24f35e1b516d23) Generated GUIDs only implemented for interfaces!
 -> (artifact id: '53bd6b6e81f2bf761f01a807952b27cc') in 0.048490 seconds
Number of updated asset objects reloaded before import = 0
Number of asset objects unloaded after import = 3
========================================================================
Received Import Request.
  Time since last request: 0.000025 seconds.
  path: Assets/BayatGames/Free Platform Game Assets/Chests/New Chests ( Update 1.8.5 )/png/Sliced/Model-2/2x/Model2-headInnerPiece-2-ForHead-6-2x.png
  artifactKey: Guid(498e79cdcd8db62489a08d1a3615a1d6) Importer(2089858483,0ecaa5967403d082aa24f35e1b516d23)
Start importing Assets/BayatGames/Free Platform Game Assets/Chests/New Chests ( Update 1.8.5 )/png/Sliced/Model-2/2x/Model2-headInnerPiece-2-ForHead-6-2x.png using Guid(498e79cdcd8db62489a08d1a3615a1d6) Importer(2089858483,0ecaa5967403d082aa24f35e1b516d23) Generated GUIDs only implemented for interfaces!
 -> (artifact id: '9f529f3940e8ffa460659d2c42fa0ba0') in 0.049728 seconds
Number of updated asset objects reloaded before import = 0
Number of asset objects unloaded after import = 3
========================================================================
Received Import Request.
  Time since last request: 0.000035 seconds.
  path: Assets/BayatGames/Free Platform Game Assets/Chests/New Chests ( Update 1.8.5 )/png/Sliced/Model-2/1x/Model2-Head-9-1x.png
  artifactKey: Guid(8ddcc1142a6528d478ce7c5efec51c44) Importer(2089858483,0ecaa5967403d082aa24f35e1b516d23)
Start importing Assets/BayatGames/Free Platform Game Assets/Chests/New Chests ( Update 1.8.5 )/png/Sliced/Model-2/1x/Model2-Head-9-1x.png using Guid(8ddcc1142a6528d478ce7c5efec51c44) Importer(2089858483,0ecaa5967403d082aa24f35e1b516d23) Generated GUIDs only implemented for interfaces!
 -> (artifact id: 'a5af18956b97450403b7cb459969f179') in 0.047890 seconds
Number of updated asset objects reloaded before import = 0
Number of asset objects unloaded after import = 3
========================================================================
Received Import Request.
  Time since last request: 0.000048 seconds.
  path: Assets/BayatGames/Free Platform Game Assets/Chests/New Chests ( Update 1.8.5 )/png/Sliced/Model-2/1x/Model2-headInnerPiece-2-ForHead-6-1x.png
  artifactKey: Guid(5c8a500351376ea408c97c897a6fcd92) Importer(2089858483,0ecaa5967403d082aa24f35e1b516d23)
Start importing Assets/BayatGames/Free Platform Game Assets/Chests/New Chests ( Update 1.8.5 )/png/Sliced/Model-2/1x/Model2-headInnerPiece-2-ForHead-6-1x.png using Guid(5c8a500351376ea408c97c897a6fcd92) Importer(2089858483,0ecaa5967403d082aa24f35e1b516d23) Generated GUIDs only implemented for interfaces!
 -> (artifact id: 'd4602bc7d221c286cfbb64bccdcab86a') in 0.053243 seconds
Number of updated asset objects reloaded before import = 0
Number of asset objects unloaded after import = 3
========================================================================
Received Import Request.
  Time since last request: 0.000019 seconds.
  path: Assets/BayatGames/Free Platform Game Assets/Chests/New Chests ( Update 1.8.5 )/png/Sliced/Model-2/1x/Model2-Head-2-1x.png
  artifactKey: Guid(bf59f68888d07784ca25820f13d20921) Importer(2089858483,0ecaa5967403d082aa24f35e1b516d23)
Start importing Assets/BayatGames/Free Platform Game Assets/Chests/New Chests ( Update 1.8.5 )/png/Sliced/Model-2/1x/Model2-Head-2-1x.png using Guid(bf59f68888d07784ca25820f13d20921) Importer(2089858483,0ecaa5967403d082aa24f35e1b516d23) Generated GUIDs only implemented for interfaces!
 -> (artifact id: '39407f00ed2259c366c53786c3cbc5eb') in 0.043766 seconds
Number of updated asset objects reloaded before import = 0
Number of asset objects unloaded after import = 3
========================================================================
Received Import Request.
  Time since last request: 0.000022 seconds.
  path: Assets/BayatGames/Free Platform Game Assets/Chests/New Chests ( Update 1.8.5 )/png/Sliced/Model-2/2x/Model2-Head-8-2x.png
  artifactKey: Guid(57b9f11a0c4761e4cbe181e3644ce568) Importer(2089858483,0ecaa5967403d082aa24f35e1b516d23)
Start importing Assets/BayatGames/Free Platform Game Assets/Chests/New Chests ( Update 1.8.5 )/png/Sliced/Model-2/2x/Model2-Head-8-2x.png using Guid(57b9f11a0c4761e4cbe181e3644ce568) Importer(2089858483,0ecaa5967403d082aa24f35e1b516d23) Generated GUIDs only implemented for interfaces!
 -> (artifact id: '163559795ee480a255ac63844df978f7') in 0.048480 seconds
Number of updated asset objects reloaded before import = 0
Number of asset objects unloaded after import = 3
========================================================================
Received Import Request.
  Time since last request: 0.000022 seconds.
  path: Assets/BayatGames/Free Platform Game Assets/Chests/New Chests ( Update 1.8.5 )/png/Sliced/Model-2/1x/Model2-headInnerPiece-1-ForHead-5-1x.png
  artifactKey: Guid(e5acee6879b559f4cbf0883d43b71e14) Importer(2089858483,0ecaa5967403d082aa24f35e1b516d23)
Start importing Assets/BayatGames/Free Platform Game Assets/Chests/New Chests ( Update 1.8.5 )/png/Sliced/Model-2/1x/Model2-headInnerPiece-1-ForHead-5-1x.png using Guid(e5acee6879b559f4cbf0883d43b71e14) Importer(2089858483,0ecaa5967403d082aa24f35e1b516d23) Generated GUIDs only implemented for interfaces!
 -> (artifact id: '70a0657f8593763528d020134c83e3ff') in 0.049123 seconds
Number of updated asset objects reloaded before import = 0
Number of asset objects unloaded after import = 3
========================================================================
Received Import Request.
  Time since last request: 0.000021 seconds.
  path: Assets/BayatGames/Free Platform Game Assets/Chests/New Chests ( Update 1.8.5 )/png/Sliced/Model-2/2x/Model2-Head-7-2x.png
  artifactKey: Guid(5d58c814ee06c8341964250be8f0ba08) Importer(2089858483,0ecaa5967403d082aa24f35e1b516d23)
Start importing Assets/BayatGames/Free Platform Game Assets/Chests/New Chests ( Update 1.8.5 )/png/Sliced/Model-2/2x/Model2-Head-7-2x.png using Guid(5d58c814ee06c8341964250be8f0ba08) Importer(2089858483,0ecaa5967403d082aa24f35e1b516d23) Generated GUIDs only implemented for interfaces!
 -> (artifact id: '3b8f2e6de325ef93d7fadbeb2837615d') in 0.049523 seconds
Number of updated asset objects reloaded before import = 0
Number of asset objects unloaded after import = 3
========================================================================
Received Import Request.
  Time since last request: 0.000044 seconds.
  path: Assets/BayatGames/Free Platform Game Assets/Chests/New Chests ( Update 1.8.5 )/png/Sliced/Model-2/2x/Model2-headInnerPiece-1-ForHead-5-2x.png
  artifactKey: Guid(dd3caa1ab75d93647888e3523993b81e) Importer(2089858483,0ecaa5967403d082aa24f35e1b516d23)
Start importing Assets/BayatGames/Free Platform Game Assets/Chests/New Chests ( Update 1.8.5 )/png/Sliced/Model-2/2x/Model2-headInnerPiece-1-ForHead-5-2x.png using Guid(dd3caa1ab75d93647888e3523993b81e) Importer(2089858483,0ecaa5967403d082aa24f35e1b516d23) Generated GUIDs only implemented for interfaces!
 -> (artifact id: 'b9ced5816a2cb69377d395d849cde3f4') in 0.049299 seconds
Number of updated asset objects reloaded before import = 0
Number of asset objects unloaded after import = 3
========================================================================
Received Import Request.
  Time since last request: 0.000021 seconds.
  path: Assets/BayatGames/Free Platform Game Assets/Chests/New Chests ( Update 1.8.5 )/png/Sliced/Model-1/2x/head-2-2x.png
  artifactKey: Guid(b3071c401104ef74fa9ba9644ec09570) Importer(2089858483,0ecaa5967403d082aa24f35e1b516d23)
Start importing Assets/BayatGames/Free Platform Game Assets/Chests/New Chests ( Update 1.8.5 )/png/Sliced/Model-1/2x/head-2-2x.png using Guid(b3071c401104ef74fa9ba9644ec09570) Importer(2089858483,0ecaa5967403d082aa24f35e1b516d23) Generated GUIDs only implemented for interfaces!
 -> (artifact id: '40f4f5a12c8a253dbf9b8c337ed7fe25') in 0.044235 seconds
Number of updated asset objects reloaded before import = 0
Number of asset objects unloaded after import = 3
========================================================================
Received Import Request.
  Time since last request: 0.000024 seconds.
  path: Assets/BayatGames/Free Platform Game Assets/Chests/New Chests ( Update 1.8.5 )/png/Sliced/Model-2/4x/Model2-headInnerPiece-1-ForHead-5-4x.png
  artifactKey: Guid(fa7a9a1f3598c0745aca6c634f5c29df) Importer(2089858483,0ecaa5967403d082aa24f35e1b516d23)
Start importing Assets/BayatGames/Free Platform Game Assets/Chests/New Chests ( Update 1.8.5 )/png/Sliced/Model-2/4x/Model2-headInnerPiece-1-ForHead-5-4x.png using Guid(fa7a9a1f3598c0745aca6c634f5c29df) Importer(2089858483,0ecaa5967403d082aa24f35e1b516d23) Generated GUIDs only implemented for interfaces!
 -> (artifact id: '0ecdca02dd87246c48d079996b33fe47') in 0.048425 seconds
Number of updated asset objects reloaded before import = 0
Number of asset objects unloaded after import = 3
========================================================================
Received Import Request.
  Time since last request: 0.000017 seconds.
  path: Assets/BayatGames/Free Platform Game Assets/Chests/New Chests ( Update 1.8.5 )/png/Sliced/Model-2/4x/Model2-Head-5-4x.png
  artifactKey: Guid(0e258e505b56c834a80eee13abb53126) Importer(2089858483,0ecaa5967403d082aa24f35e1b516d23)
Start importing Assets/BayatGames/Free Platform Game Assets/Chests/New Chests ( Update 1.8.5 )/png/Sliced/Model-2/4x/Model2-Head-5-4x.png using Guid(0e258e505b56c834a80eee13abb53126) Importer(2089858483,0ecaa5967403d082aa24f35e1b516d23) Generated GUIDs only implemented for interfaces!
 -> (artifact id: 'c596fc24b26703db071fea1ed0fdf22e') in 0.052285 seconds
Number of updated asset objects reloaded before import = 0
Number of asset objects unloaded after import = 3
========================================================================
Received Import Request.
  Time since last request: 0.000023 seconds.
  path: Assets/BayatGames/Free Platform Game Assets/Chests/New Chests ( Update 1.8.5 )/png/Sliced/Model-2/4x/Model2-Head-9-4x.png
  artifactKey: Guid(2822a05169e40774480a49c714977733) Importer(2089858483,0ecaa5967403d082aa24f35e1b516d23)
Start importing Assets/BayatGames/Free Platform Game Assets/Chests/New Chests ( Update 1.8.5 )/png/Sliced/Model-2/4x/Model2-Head-9-4x.png using Guid(2822a05169e40774480a49c714977733) Importer(2089858483,0ecaa5967403d082aa24f35e1b516d23) Generated GUIDs only implemented for interfaces!
 -> (artifact id: '6dcc4c45d6bf828df91973dce7096dc8') in 0.048354 seconds
Number of updated asset objects reloaded before import = 0
Number of asset objects unloaded after import = 3
========================================================================
Received Import Request.
  Time since last request: 0.000028 seconds.
  path: Assets/BayatGames/Free Platform Game Assets/Chests/New Chests ( Update 1.8.5 )/png/Sliced/Model-2/4x/Model2-headInnerPiece-3-ForHead-7-4x.png
  artifactKey: Guid(60110283c5cb9ad42b775af573e5cc59) Importer(2089858483,0ecaa5967403d082aa24f35e1b516d23)
Start importing Assets/BayatGames/Free Platform Game Assets/Chests/New Chests ( Update 1.8.5 )/png/Sliced/Model-2/4x/Model2-headInnerPiece-3-ForHead-7-4x.png using Guid(60110283c5cb9ad42b775af573e5cc59) Importer(2089858483,0ecaa5967403d082aa24f35e1b516d23) Generated GUIDs only implemented for interfaces!
 -> (artifact id: 'db6c2dfb91b6c17d9b8a2d71bf526bed') in 0.048159 seconds
Number of updated asset objects reloaded before import = 0
Number of asset objects unloaded after import = 3
========================================================================
Received Import Request.
  Time since last request: 0.000035 seconds.
  path: Assets/BayatGames/Free Platform Game Assets/Tiles/2D Tiles ( Update 1.9 )/Autumn/512x512/GrassJoinHillLeft2 DownShadow.png
  artifactKey: Guid(37bd69310ad0b214f8962adbecf68578) Importer(2089858483,0ecaa5967403d082aa24f35e1b516d23)
Start importing Assets/BayatGames/Free Platform Game Assets/Tiles/2D Tiles ( Update 1.9 )/Autumn/512x512/GrassJoinHillLeft2 DownShadow.png using Guid(37bd69310ad0b214f8962adbecf68578) Importer(2089858483,0ecaa5967403d082aa24f35e1b516d23) Generated GUIDs only implemented for interfaces!
 -> (artifact id: '7624e2d370edb9104dc84c1ffaa7f3ef') in 0.045542 seconds
Number of updated asset objects reloaded before import = 0
Number of asset objects unloaded after import = 3
========================================================================
Received Import Request.
  Time since last request: 0.000023 seconds.
  path: Assets/BayatGames/Free Platform Game Assets/Environments/Environments/png/All/4x/Asset 12.png
  artifactKey: Guid(4d105fdea99ea2b4491c3f67c6416958) Importer(2089858483,0ecaa5967403d082aa24f35e1b516d23)
Start importing Assets/BayatGames/Free Platform Game Assets/Environments/Environments/png/All/4x/Asset 12.png using Guid(4d105fdea99ea2b4491c3f67c6416958) Importer(2089858483,0ecaa5967403d082aa24f35e1b516d23) Generated GUIDs only implemented for interfaces!
 -> (artifact id: '9eb6ca61dcc9f336f16badb04499f297') in 0.048856 seconds
Number of updated asset objects reloaded before import = 0
Number of asset objects unloaded after import = 3
========================================================================
Received Import Request.
  Time since last request: 0.000017 seconds.
  path: Assets/BayatGames/Free Platform Game Assets/Environments/Environments/png/All/4x/Asset 15.png
  artifactKey: Guid(ec17f2142c3b7fc4c81e3432a4dbf986) Importer(2089858483,0ecaa5967403d082aa24f35e1b516d23)
Start importing Assets/BayatGames/Free Platform Game Assets/Environments/Environments/png/All/4x/Asset 15.png using Guid(ec17f2142c3b7fc4c81e3432a4dbf986) Importer(2089858483,0ecaa5967403d082aa24f35e1b516d23) Generated GUIDs only implemented for interfaces!
 -> (artifact id: '013c4fdc488515f3507f113ce7a2340c') in 0.044016 seconds
Number of updated asset objects reloaded before import = 0
Number of asset objects unloaded after import = 3
========================================================================
Received Import Request.
  Time since last request: 0.000848 seconds.
  path: Assets/TextMesh Pro/Resources/LineBreaking Following Characters.txt
  artifactKey: Guid(fade42e8bc714b018fac513c043d323b) Importer(2089858483,0ecaa5967403d082aa24f35e1b516d23)
Start importing Assets/TextMesh Pro/Resources/LineBreaking Following Characters.txt using Guid(fade42e8bc714b018fac513c043d323b) Importer(2089858483,0ecaa5967403d082aa24f35e1b516d23) Generated GUIDs only implemented for interfaces!
 -> (artifact id: 'e5f6cc5fdaf0e03b3caa1a9c22d23264') in 0.011759 seconds
Number of updated asset objects reloaded before import = 0
Number of asset objects unloaded after import = 1
========================================================================
Received Import Request.
  Time since last request: 0.000081 seconds.
  path: Assets/2D Pixel Item Pack/Light Outline/S_ItemLightOutline_PotionGold_02.png
  artifactKey: Guid(f71567b37e8375c4ea0b7a3094fef493) Importer(2089858483,0ecaa5967403d082aa24f35e1b516d23)
Start importing Assets/2D Pixel Item Pack/Light Outline/S_ItemLightOutline_PotionGold_02.png using Guid(f71567b37e8375c4ea0b7a3094fef493) Importer(2089858483,0ecaa5967403d082aa24f35e1b516d23) Generated GUIDs only implemented for interfaces!
 -> (artifact id: '9e313f20fa218b3ecd124d7396774fce') in 0.035962 seconds
Number of updated asset objects reloaded before import = 0
Number of asset objects unloaded after import = 3
========================================================================
Received Import Request.
  Time since last request: 0.000023 seconds.
  path: Assets/BayatGames/Free Platform Game Assets/Tiles/2D Tiles ( Update 1.9 )/Autumn/256x256/GrassJoinHillRight.png
  artifactKey: Guid(086002ad15a2a5242a7bfbac33353fa9) Importer(2089858483,0ecaa5967403d082aa24f35e1b516d23)
Start importing Assets/BayatGames/Free Platform Game Assets/Tiles/2D Tiles ( Update 1.9 )/Autumn/256x256/GrassJoinHillRight.png using Guid(086002ad15a2a5242a7bfbac33353fa9) Importer(2089858483,0ecaa5967403d082aa24f35e1b516d23) Generated GUIDs only implemented for interfaces!
 -> (artifact id: '98a651d66c11f1a17b1ed0457d6b21f3') in 0.044262 seconds
Number of updated asset objects reloaded before import = 0
Number of asset objects unloaded after import = 3
========================================================================
Received Import Request.
  Time since last request: 0.000024 seconds.
  path: Assets/BayatGames/Free Platform Game Assets/Water Animation/2D view ( Update 1.9 )/128x128/9-1x.png
  artifactKey: Guid(e74505abbd87d2940857da5004ef9bcc) Importer(2089858483,0ecaa5967403d082aa24f35e1b516d23)
Start importing Assets/BayatGames/Free Platform Game Assets/Water Animation/2D view ( Update 1.9 )/128x128/9-1x.png using Guid(e74505abbd87d2940857da5004ef9bcc) Importer(2089858483,0ecaa5967403d082aa24f35e1b516d23) Generated GUIDs only implemented for interfaces!
 -> (artifact id: '967c9705e7861b22212c6fbdb6f68d96') in 0.046864 seconds
Number of updated asset objects reloaded before import = 0
Number of asset objects unloaded after import = 3
========================================================================
Received Import Request.
  Time since last request: 0.000030 seconds.
  path: Assets/Enemies/Enemies/png/32x32/Spike_Up.png
  artifactKey: Guid(65d2be0c137e85445970ea21fdb08c8a) Importer(2089858483,0ecaa5967403d082aa24f35e1b516d23)
Start importing Assets/Enemies/Enemies/png/32x32/Spike_Up.png using Guid(65d2be0c137e85445970ea21fdb08c8a) Importer(2089858483,0ecaa5967403d082aa24f35e1b516d23) Generated GUIDs only implemented for interfaces!
 -> (artifact id: '5fdfda108ac74c99faa30a78d669fc9b') in 0.044757 seconds
Number of updated asset objects reloaded before import = 0
Number of asset objects unloaded after import = 3
========================================================================
Received Import Request.
  Time since last request: 0.000027 seconds.
  path: Assets/BayatGames/Free Platform Game Assets/Tiles/2D Tiles ( Update 1.9 )/Spring/128x128/GrassHillRight2 DownShadow.png
  artifactKey: Guid(afd1552bfadd012489e9ef7943d3a7d1) Importer(2089858483,0ecaa5967403d082aa24f35e1b516d23)
Start importing Assets/BayatGames/Free Platform Game Assets/Tiles/2D Tiles ( Update 1.9 )/Spring/128x128/GrassHillRight2 DownShadow.png using Guid(afd1552bfadd012489e9ef7943d3a7d1) Importer(2089858483,0ecaa5967403d082aa24f35e1b516d23) Generated GUIDs only implemented for interfaces!
 -> (artifact id: '4c32b6e68045285e4924c04407d242b0') in 0.042755 seconds
Number of updated asset objects reloaded before import = 0
Number of asset objects unloaded after import = 3
========================================================================
Received Import Request.
  Time since last request: 0.000022 seconds.
  path: Assets/Free 2D Cartoon Parallax Background/!_Moutain/Layer_3.png
  artifactKey: Guid(072fb9c03f98b8541804c8632eda3b74) Importer(2089858483,0ecaa5967403d082aa24f35e1b516d23)
Start importing Assets/Free 2D Cartoon Parallax Background/!_Moutain/Layer_3.png using Guid(072fb9c03f98b8541804c8632eda3b74) Importer(2089858483,0ecaa5967403d082aa24f35e1b516d23) Generated GUIDs only implemented for interfaces!
 -> (artifact id: '4f6fd1e667c6ff548419c8b7a8319fe0') in 0.046772 seconds
Number of updated asset objects reloaded before import = 0
Number of asset objects unloaded after import = 3
========================================================================
Received Import Request.
  Time since last request: 0.000018 seconds.
  path: Assets/Enemies/Enemies/png/128x128/Spike_down.png
  artifactKey: Guid(006840a3143209e49978b3ace77c06ce) Importer(2089858483,0ecaa5967403d082aa24f35e1b516d23)
Start importing Assets/Enemies/Enemies/png/128x128/Spike_down.png using Guid(006840a3143209e49978b3ace77c06ce) Importer(2089858483,0ecaa5967403d082aa24f35e1b516d23) Generated GUIDs only implemented for interfaces!
 -> (artifact id: 'f4555bbe8d78595a2917d5bd5bc20219') in 0.049400 seconds
Number of updated asset objects reloaded before import = 0
Number of asset objects unloaded after import = 3
========================================================================
Received Import Request.
  Time since last request: 0.000022 seconds.
  path: Assets/Dragon Warrior Files/Dragon Warrior PNG/crouch_01.png
  artifactKey: Guid(f11802c99509ede4c9db6c8746969cc8) Importer(2089858483,0ecaa5967403d082aa24f35e1b516d23)
Start importing Assets/Dragon Warrior Files/Dragon Warrior PNG/crouch_01.png using Guid(f11802c99509ede4c9db6c8746969cc8) Importer(2089858483,0ecaa5967403d082aa24f35e1b516d23) Generated GUIDs only implemented for interfaces!
 -> (artifact id: '7baddf4b00d18184aa7b28bcf0e86af1') in 0.047628 seconds
Number of updated asset objects reloaded before import = 0
Number of asset objects unloaded after import = 3
========================================================================
Received Import Request.
  Time since last request: 0.000019 seconds.
  path: Assets/BayatGames/Free Platform Game Assets/Chests/Chest/png/Sheet/Chest 1024x256(1x).png
  artifactKey: Guid(93a8265f01d7cd94cbb50fb025d98ea7) Importer(2089858483,0ecaa5967403d082aa24f35e1b516d23)
Start importing Assets/BayatGames/Free Platform Game Assets/Chests/Chest/png/Sheet/Chest 1024x256(1x).png using Guid(93a8265f01d7cd94cbb50fb025d98ea7) Importer(2089858483,0ecaa5967403d082aa24f35e1b516d23) Generated GUIDs only implemented for interfaces!
 -> (artifact id: '8f4e4efb775d4d324d29f40c8b816f43') in 0.044295 seconds
Number of updated asset objects reloaded before import = 0
Number of asset objects unloaded after import = 3
========================================================================
Received Import Request.
  Time since last request: 0.000034 seconds.
  path: Assets/Enemies/New Enemy ( Update 1.9 )/8x/2D Mace View/eye-1.png
  artifactKey: Guid(6caebaa999d0a24468d9f4f08812c5a4) Importer(2089858483,0ecaa5967403d082aa24f35e1b516d23)
Start importing Assets/Enemies/New Enemy ( Update 1.9 )/8x/2D Mace View/eye-1.png using Guid(6caebaa999d0a24468d9f4f08812c5a4) Importer(2089858483,0ecaa5967403d082aa24f35e1b516d23) Generated GUIDs only implemented for interfaces!
 -> (artifact id: '665bfaf6e09ed5398ac613204982a641') in 0.044665 seconds
Number of updated asset objects reloaded before import = 0
Number of asset objects unloaded after import = 3
========================================================================
Received Import Request.
  Time since last request: 0.000017 seconds.
  path: Assets/Enemies/Enemies/eps/Mace.eps
  artifactKey: Guid(76ad29bea13f9fc438c7ca244f88039f) Importer(2089858483,0ecaa5967403d082aa24f35e1b516d23)
Start importing Assets/Enemies/Enemies/eps/Mace.eps using Guid(76ad29bea13f9fc438c7ca244f88039f) Importer(2089858483,0ecaa5967403d082aa24f35e1b516d23) Generated GUIDs only implemented for interfaces!
 -> (artifact id: 'a51dfed2bff38c087cf4e66fe5d11570') in 0.012970 seconds
Number of updated asset objects reloaded before import = 0
Number of asset objects unloaded after import = 1
========================================================================
Received Import Request.
  Time since last request: 0.000023 seconds.
  path: Assets/BayatGames/Free Platform Game Assets/Coin Animation/png/4x/image 8.png
  artifactKey: Guid(86ed6659d27a7fe4295215628f43dfee) Importer(2089858483,0ecaa5967403d082aa24f35e1b516d23)
Start importing Assets/BayatGames/Free Platform Game Assets/Coin Animation/png/4x/image 8.png using Guid(86ed6659d27a7fe4295215628f43dfee) Importer(2089858483,0ecaa5967403d082aa24f35e1b516d23) Generated GUIDs only implemented for interfaces!
 -> (artifact id: '3c8331b8ff447f7cbe4d12a85593d24e') in 0.049773 seconds
Number of updated asset objects reloaded before import = 0
Number of asset objects unloaded after import = 3
========================================================================
Received Import Request.
  Time since last request: 0.000019 seconds.
  path: Assets/BayatGames/Free Platform Game Assets/Coin Animation/png/2048x256.png
  artifactKey: Guid(9ccd8d5de8d5bbd4b827fb2881e498f1) Importer(2089858483,0ecaa5967403d082aa24f35e1b516d23)
Start importing Assets/BayatGames/Free Platform Game Assets/Coin Animation/png/2048x256.png using Guid(9ccd8d5de8d5bbd4b827fb2881e498f1) Importer(2089858483,0ecaa5967403d082aa24f35e1b516d23) Generated GUIDs only implemented for interfaces!
 -> (artifact id: 'd43ae01d2cdbd062f7c961ad1d0b639e') in 0.047897 seconds
Number of updated asset objects reloaded before import = 0
Number of asset objects unloaded after import = 3
========================================================================
Received Import Request.
  Time since last request: 0.000019 seconds.
  path: Assets/BayatGames/Free Platform Game Assets/Tiles/2D Tiles ( Update 1.9 )/Autumn/128x128/GrassHillLeft.png
  artifactKey: Guid(67ff0ac2f6a9516408f3b2116d604e45) Importer(2089858483,0ecaa5967403d082aa24f35e1b516d23)
Start importing Assets/BayatGames/Free Platform Game Assets/Tiles/2D Tiles ( Update 1.9 )/Autumn/128x128/GrassHillLeft.png using Guid(67ff0ac2f6a9516408f3b2116d604e45) Importer(2089858483,0ecaa5967403d082aa24f35e1b516d23) Generated GUIDs only implemented for interfaces!
 -> (artifact id: '0f6598a2d6aded7e56460d0748b2ea29') in 0.039357 seconds
Number of updated asset objects reloaded before import = 0
Number of asset objects unloaded after import = 3
========================================================================
Received Import Request.
  Time since last request: 0.000022 seconds.
  path: Assets/BayatGames/Free Platform Game Assets/Tiles/2D Tiles ( Update 1.9 )/Autumn/128x128/GrassColumn.png
  artifactKey: Guid(d171fb091351c454492d8c6c8b00da87) Importer(2089858483,0ecaa5967403d082aa24f35e1b516d23)
Start importing Assets/BayatGames/Free Platform Game Assets/Tiles/2D Tiles ( Update 1.9 )/Autumn/128x128/GrassColumn.png using Guid(d171fb091351c454492d8c6c8b00da87) Importer(2089858483,0ecaa5967403d082aa24f35e1b516d23) Generated GUIDs only implemented for interfaces!
 -> (artifact id: 'cb5a4ac0902b3bd1d2bf256e1576158c') in 0.041152 seconds
Number of updated asset objects reloaded before import = 0
Number of asset objects unloaded after import = 3
========================================================================
Received Import Request.
  Time since last request: 0.000026 seconds.
  path: Assets/Dragon Warrior Files/Effects/iblast_03.png
  artifactKey: Guid(eff13b04babefe640978fb93720719c6) Importer(2089858483,0ecaa5967403d082aa24f35e1b516d23)
Start importing Assets/Dragon Warrior Files/Effects/iblast_03.png using Guid(eff13b04babefe640978fb93720719c6) Importer(2089858483,0ecaa5967403d082aa24f35e1b516d23) Generated GUIDs only implemented for interfaces!
 -> (artifact id: 'b84f21c9f17ebc598ce6840f2dd83d63') in 0.037236 seconds
Number of updated asset objects reloaded before import = 0
Number of asset objects unloaded after import = 3
========================================================================
Received Import Request.
  Time since last request: 0.000031 seconds.
  path: Assets/BayatGames/Free Platform Game Assets/Tiles/2D Tiles ( Update 1.9 )/Autumn/128x128/GrassJoinHillRight2&Left2 DownShadow.png
  artifactKey: Guid(b4ea590163c55db47963405e2db5f20a) Importer(2089858483,0ecaa5967403d082aa24f35e1b516d23)
Start importing Assets/BayatGames/Free Platform Game Assets/Tiles/2D Tiles ( Update 1.9 )/Autumn/128x128/GrassJoinHillRight2&Left2 DownShadow.png using Guid(b4ea590163c55db47963405e2db5f20a) Importer(2089858483,0ecaa5967403d082aa24f35e1b516d23) Generated GUIDs only implemented for interfaces!
 -> (artifact id: '973e3e7bb1386a0afdbfa117c938e66c') in 0.041975 seconds
Number of updated asset objects reloaded before import = 0
Number of asset objects unloaded after import = 3
========================================================================
Received Import Request.
  Time since last request: 0.000016 seconds.
  path: Assets/BayatGames/Free Platform Game Assets/Environments/New Details ( Update 1.9 )/2x/Winter Tree.png
  artifactKey: Guid(e23ebd906a70ca347a1e102f96b7a2aa) Importer(2089858483,0ecaa5967403d082aa24f35e1b516d23)
Start importing Assets/BayatGames/Free Platform Game Assets/Environments/New Details ( Update 1.9 )/2x/Winter Tree.png using Guid(e23ebd906a70ca347a1e102f96b7a2aa) Importer(2089858483,0ecaa5967403d082aa24f35e1b516d23) Generated GUIDs only implemented for interfaces!
 -> (artifact id: '6436c0bf48bdb32fddf7e015a164de71') in 0.040865 seconds
Number of updated asset objects reloaded before import = 0
Number of asset objects unloaded after import = 3
========================================================================
Received Import Request.
  Time since last request: 0.000017 seconds.
  path: Assets/BayatGames/Free Platform Game Assets/Chests/Chest/png/Sliced/Sliced 1/2x/head-1-2x.png
  artifactKey: Guid(55acdc3f9ec9cd2428f04cb3b4cbee00) Importer(2089858483,0ecaa5967403d082aa24f35e1b516d23)
Start importing Assets/BayatGames/Free Platform Game Assets/Chests/Chest/png/Sliced/Sliced 1/2x/head-1-2x.png using Guid(55acdc3f9ec9cd2428f04cb3b4cbee00) Importer(2089858483,0ecaa5967403d082aa24f35e1b516d23) Generated GUIDs only implemented for interfaces!
 -> (artifact id: '7056dd010e2b731f489c72e4b54adfff') in 0.045919 seconds
Number of updated asset objects reloaded before import = 0
Number of asset objects unloaded after import = 3
========================================================================
Received Import Request.
  Time since last request: 0.000017 seconds.
  path: Assets/Enemies/Enemies/png/64x64/Spike_Up.png
  artifactKey: Guid(9809c99ad563f144089e38062b03db98) Importer(2089858483,0ecaa5967403d082aa24f35e1b516d23)
Start importing Assets/Enemies/Enemies/png/64x64/Spike_Up.png using Guid(9809c99ad563f144089e38062b03db98) Importer(2089858483,0ecaa5967403d082aa24f35e1b516d23) Generated GUIDs only implemented for interfaces!
 -> (artifact id: 'b2675ff4c3b8df7c5612fa6cc1d102f7') in 0.041931 seconds
Number of updated asset objects reloaded before import = 0
Number of asset objects unloaded after import = 3
========================================================================
Received Import Request.
  Time since last request: 0.000021 seconds.
  path: Assets/BayatGames/Free Platform Game Assets/Water Animation/2D view ( Update 1.9 )/128x128/16-1x.png
  artifactKey: Guid(cf8a41b3b2873ce40b14669e46079cae) Importer(2089858483,0ecaa5967403d082aa24f35e1b516d23)
Start importing Assets/BayatGames/Free Platform Game Assets/Water Animation/2D view ( Update 1.9 )/128x128/16-1x.png using Guid(cf8a41b3b2873ce40b14669e46079cae) Importer(2089858483,0ecaa5967403d082aa24f35e1b516d23) Generated GUIDs only implemented for interfaces!
 -> (artifact id: 'ef1ba76566a9824c87bad28415f75fb3') in 0.044679 seconds
Number of updated asset objects reloaded before import = 0
Number of asset objects unloaded after import = 3
========================================================================
Received Import Request.
  Time since last request: 0.000024 seconds.
  path: Assets/Dragon Warrior Files/Dragon Warrior PNG/dizzy_02.png
  artifactKey: Guid(99b9eb4aa031cd34b8c4bc76201f84a1) Importer(2089858483,0ecaa5967403d082aa24f35e1b516d23)
Start importing Assets/Dragon Warrior Files/Dragon Warrior PNG/dizzy_02.png using Guid(99b9eb4aa031cd34b8c4bc76201f84a1) Importer(2089858483,0ecaa5967403d082aa24f35e1b516d23) Generated GUIDs only implemented for interfaces!
 -> (artifact id: '6fb7f8f50e2dceddd72cd41707be35dc') in 0.042998 seconds
Number of updated asset objects reloaded before import = 0
Number of asset objects unloaded after import = 3
========================================================================
Received Import Request.
  Time since last request: 0.000037 seconds.
  path: Assets/BayatGames/Free Platform Game Assets/Water Animation/2D view ( Update 1.9 )/256x256/6-2x.png
  artifactKey: Guid(64a3bf2dc75fe354caf7c29faff635d3) Importer(2089858483,0ecaa5967403d082aa24f35e1b516d23)
Start importing Assets/BayatGames/Free Platform Game Assets/Water Animation/2D view ( Update 1.9 )/256x256/6-2x.png using Guid(64a3bf2dc75fe354caf7c29faff635d3) Importer(2089858483,0ecaa5967403d082aa24f35e1b516d23) Generated GUIDs only implemented for interfaces!
 -> (artifact id: 'c2ef136d14752b926f7b96549a5e2166') in 0.042765 seconds
Number of updated asset objects reloaded before import = 0
Number of asset objects unloaded after import = 3
========================================================================
Received Import Request.
  Time since last request: 0.000023 seconds.
  path: Assets/2D Pixel Item Pack/Light Outline/S_ItemLightOutline_PotionGreen_02.png
  artifactKey: Guid(a9d02d79a9caaca4ab31458e413042ba) Importer(2089858483,0ecaa5967403d082aa24f35e1b516d23)
Start importing Assets/2D Pixel Item Pack/Light Outline/S_ItemLightOutline_PotionGreen_02.png using Guid(a9d02d79a9caaca4ab31458e413042ba) Importer(2089858483,0ecaa5967403d082aa24f35e1b516d23) Generated GUIDs only implemented for interfaces!
 -> (artifact id: '0013ab0a2c16b0da6fcf67844a3b342d') in 0.040390 seconds
Number of updated asset objects reloaded before import = 0
Number of asset objects unloaded after import = 3
========================================================================
Received Import Request.
  Time since last request: 0.000020 seconds.
  path: Assets/Dragon Warrior Files/Dragon Warrior PNG/die_008.png
  artifactKey: Guid(e5e0c75a3ed008442be94f5946f15929) Importer(2089858483,0ecaa5967403d082aa24f35e1b516d23)
Start importing Assets/Dragon Warrior Files/Dragon Warrior PNG/die_008.png using Guid(e5e0c75a3ed008442be94f5946f15929) Importer(2089858483,0ecaa5967403d082aa24f35e1b516d23) Generated GUIDs only implemented for interfaces!
 -> (artifact id: '0950f89ecf2beb7c5b7ffc74464640b5') in 0.036980 seconds
Number of updated asset objects reloaded before import = 0
Number of asset objects unloaded after import = 3
========================================================================
Received Import Request.
  Time since last request: 0.000018 seconds.
  path: Assets/2D Pixel Item Pack/Heavy Outline/S_ItemHeavyOutline_PotionRed_01.png
  artifactKey: Guid(c01f7a293883d3a408c2a84b25f48f27) Importer(2089858483,0ecaa5967403d082aa24f35e1b516d23)
Start importing Assets/2D Pixel Item Pack/Heavy Outline/S_ItemHeavyOutline_PotionRed_01.png using Guid(c01f7a293883d3a408c2a84b25f48f27) Importer(2089858483,0ecaa5967403d082aa24f35e1b516d23) Generated GUIDs only implemented for interfaces!
 -> (artifact id: 'a74cb49a71868c50a4f70c01aeca3d32') in 0.035995 seconds
Number of updated asset objects reloaded before import = 0
Number of asset objects unloaded after import = 3
========================================================================
Received Import Request.
  Time since last request: 0.000022 seconds.
  path: Assets/Enemies/New Enemy ( Update 1.9 )/2x/Circle.png
  artifactKey: Guid(2acb556981f73e14680b42ae742f93cf) Importer(2089858483,0ecaa5967403d082aa24f35e1b516d23)
Start importing Assets/Enemies/New Enemy ( Update 1.9 )/2x/Circle.png using Guid(2acb556981f73e14680b42ae742f93cf) Importer(2089858483,0ecaa5967403d082aa24f35e1b516d23) Generated GUIDs only implemented for interfaces!
 -> (artifact id: '659a2b98eba3c0308665b369d167bd70') in 0.044253 seconds
Number of updated asset objects reloaded before import = 0
Number of asset objects unloaded after import = 3
========================================================================
Received Import Request.
  Time since last request: 0.000023 seconds.
  path: Assets/Enemies/New Enemy ( Update 1.9 )/4x/2D Mac View/eye-4.png
  artifactKey: Guid(1dc7cd7ac9a0041439573efaa8af51dc) Importer(2089858483,0ecaa5967403d082aa24f35e1b516d23)
Start importing Assets/Enemies/New Enemy ( Update 1.9 )/4x/2D Mac View/eye-4.png using Guid(1dc7cd7ac9a0041439573efaa8af51dc) Importer(2089858483,0ecaa5967403d082aa24f35e1b516d23) Generated GUIDs only implemented for interfaces!
 -> (artifact id: '1f860214860ed5f6c1a32e4ec5ff5a4f') in 0.047010 seconds
Number of updated asset objects reloaded before import = 0
Number of asset objects unloaded after import = 3
========================================================================
Received Import Request.
  Time since last request: 0.000026 seconds.
  path: Assets/Enemies/Enemies/png/128x128/Mac 128.png
  artifactKey: Guid(111d6ad0100b30a409730acbc80f96fb) Importer(2089858483,0ecaa5967403d082aa24f35e1b516d23)
Start importing Assets/Enemies/Enemies/png/128x128/Mac 128.png using Guid(111d6ad0100b30a409730acbc80f96fb) Importer(2089858483,0ecaa5967403d082aa24f35e1b516d23) Generated GUIDs only implemented for interfaces!
 -> (artifact id: '0a1de4755d856e351afabe2cd2d572ad') in 0.036514 seconds
Number of updated asset objects reloaded before import = 0
Number of asset objects unloaded after import = 3
========================================================================
Received Import Request.
  Time since last request: 0.000028 seconds.
  path: Assets/Dragon Warrior Files/Dragon Warrior PNG/flyKick_03.png
  artifactKey: Guid(de8bfe7b6a8207b4d8f594997f70cd58) Importer(2089858483,0ecaa5967403d082aa24f35e1b516d23)
Start importing Assets/Dragon Warrior Files/Dragon Warrior PNG/flyKick_03.png using Guid(de8bfe7b6a8207b4d8f594997f70cd58) Importer(2089858483,0ecaa5967403d082aa24f35e1b516d23) Generated GUIDs only implemented for interfaces!
 -> (artifact id: 'c5a4d07b040ab291f173d56e2d962ed4') in 0.039710 seconds
Number of updated asset objects reloaded before import = 0
Number of asset objects unloaded after import = 3
========================================================================
Received Import Request.
  Time since last request: 0.000018 seconds.
  path: Assets/2D Pixel Item Pack/Heavy Outline/S_ItemHeavyOutline_PotionPurple_02.png
  artifactKey: Guid(6edd092ef6bfd8445b7c4fc81d9c240c) Importer(2089858483,0ecaa5967403d082aa24f35e1b516d23)
Start importing Assets/2D Pixel Item Pack/Heavy Outline/S_ItemHeavyOutline_PotionPurple_02.png using Guid(6edd092ef6bfd8445b7c4fc81d9c240c) Importer(2089858483,0ecaa5967403d082aa24f35e1b516d23) Generated GUIDs only implemented for interfaces!
 -> (artifact id: 'a35466876c83f40cca8600a1fbd9544b') in 0.035159 seconds
Number of updated asset objects reloaded before import = 0
Number of asset objects unloaded after import = 3
========================================================================
Received Import Request.
  Time since last request: 0.000017 seconds.
  path: Assets/Enemies/New Enemy ( Update 1.9 )/4x/Chain-3.png
  artifactKey: Guid(23dee1bb5d9558b4092f3e9a045db37a) Importer(2089858483,0ecaa5967403d082aa24f35e1b516d23)
Start importing Assets/Enemies/New Enemy ( Update 1.9 )/4x/Chain-3.png using Guid(23dee1bb5d9558b4092f3e9a045db37a) Importer(2089858483,0ecaa5967403d082aa24f35e1b516d23) Generated GUIDs only implemented for interfaces!
 -> (artifact id: '978699401588d1f91f640ad6879033da') in 0.041519 seconds
Number of updated asset objects reloaded before import = 0
Number of asset objects unloaded after import = 3
========================================================================
Received Import Request.
  Time since last request: 0.000018 seconds.
  path: Assets/2D Pixel Item Pack/Light Outline/S_ItemLightOutline_BarrelGold_00.png
  artifactKey: Guid(fdbe411b4ec35f147900865c997a312d) Importer(2089858483,0ecaa5967403d082aa24f35e1b516d23)
Start importing Assets/2D Pixel Item Pack/Light Outline/S_ItemLightOutline_BarrelGold_00.png using Guid(fdbe411b4ec35f147900865c997a312d) Importer(2089858483,0ecaa5967403d082aa24f35e1b516d23) Generated GUIDs only implemented for interfaces!
 -> (artifact id: '932db3e2023f06a9ac36078c5fe49c80') in 0.035661 seconds
Number of updated asset objects reloaded before import = 0
Number of asset objects unloaded after import = 3
========================================================================
Received Import Request.
  Time since last request: 0.000132 seconds.
  path: Assets/Enemies/New Enemy ( Update 1.9 )/2x/2D Mac View/2D Mace View Body.png
  artifactKey: Guid(519cb9d1fa924d2489f39bd6fc5fbe7b) Importer(2089858483,0ecaa5967403d082aa24f35e1b516d23)
Start importing Assets/Enemies/New Enemy ( Update 1.9 )/2x/2D Mac View/2D Mace View Body.png using Guid(519cb9d1fa924d2489f39bd6fc5fbe7b) Importer(2089858483,0ecaa5967403d082aa24f35e1b516d23) Generated GUIDs only implemented for interfaces!
 -> (artifact id: '99b2ec111b611274a8d1cd7c997bc35b') in 0.039789 seconds
Number of updated asset objects reloaded before import = 0
Number of asset objects unloaded after import = 3
========================================================================
Received Import Request.
  Time since last request: 0.000017 seconds.
  path: Assets/Dragon Warrior Files/Dragon Warrior PNG/dizzy_01.png
  artifactKey: Guid(844b7de3864e5994caa3b9ee74783f91) Importer(2089858483,0ecaa5967403d082aa24f35e1b516d23)
Start importing Assets/Dragon Warrior Files/Dragon Warrior PNG/dizzy_01.png using Guid(844b7de3864e5994caa3b9ee74783f91) Importer(2089858483,0ecaa5967403d082aa24f35e1b516d23) Generated GUIDs only implemented for interfaces!
 -> (artifact id: 'd72dfe48e87fb8fb144a9a5a79509577') in 0.045599 seconds
Number of updated asset objects reloaded before import = 0
Number of asset objects unloaded after import = 3
========================================================================
Received Import Request.
  Time since last request: 0.000024 seconds.
  path: Assets/Dragon Warrior Files/Dragon Warrior PNG/crouch_ATK_01.png
  artifactKey: Guid(cfb0994800bda9d46ac37ca2d06f5c51) Importer(2089858483,0ecaa5967403d082aa24f35e1b516d23)
Start importing Assets/Dragon Warrior Files/Dragon Warrior PNG/crouch_ATK_01.png using Guid(cfb0994800bda9d46ac37ca2d06f5c51) Importer(2089858483,0ecaa5967403d082aa24f35e1b516d23) Generated GUIDs only implemented for interfaces!
 -> (artifact id: '884d7fa45f64f8af561edb90a86fc2aa') in 0.047253 seconds
Number of updated asset objects reloaded before import = 0
Number of asset objects unloaded after import = 3
========================================================================
Received Import Request.
  Time since last request: 0.000032 seconds.
  path: Assets/BayatGames/Free Platform Game Assets/Coin Animation/Coin Animation.swf
  artifactKey: Guid(f6cfd25109c241041b1ed656af2ad4e6) Importer(2089858483,0ecaa5967403d082aa24f35e1b516d23)
Start importing Assets/BayatGames/Free Platform Game Assets/Coin Animation/Coin Animation.swf using Guid(f6cfd25109c241041b1ed656af2ad4e6) Importer(2089858483,0ecaa5967403d082aa24f35e1b516d23) Generated GUIDs only implemented for interfaces!
 -> (artifact id: '3b7522246388491b76e14df259415f05') in 0.010994 seconds
Number of updated asset objects reloaded before import = 0
Number of asset objects unloaded after import = 1
========================================================================
Received Import Request.
  Time since last request: 0.000019 seconds.
  path: Assets/BayatGames/Free Platform Game Assets/Water Animation/2D view ( Update 1.9 )/128x128/15-1x.png
  artifactKey: Guid(18bc0a66b0a09fb42b5f2526223fd314) Importer(2089858483,0ecaa5967403d082aa24f35e1b516d23)
Start importing Assets/BayatGames/Free Platform Game Assets/Water Animation/2D view ( Update 1.9 )/128x128/15-1x.png using Guid(18bc0a66b0a09fb42b5f2526223fd314) Importer(2089858483,0ecaa5967403d082aa24f35e1b516d23) Generated GUIDs only implemented for interfaces!
 -> (artifact id: 'd649a7086679f4adc3c8d7b352455253') in 0.042924 seconds
Number of updated asset objects reloaded before import = 0
Number of asset objects unloaded after import = 3
========================================================================
Received Prepare
Begin MonoManager ReloadAssembly
- Loaded All Assemblies, in  0.588 seconds
Refreshing native plugins compatible for Editor in 6.53 ms, found 4 plugins.
Native extension for WindowsStandalone target not found
Native extension for Android target not found
Native extension for WebGL target not found
[Package Manager] Server::EnsureServerProcessIsRunning -- launch failed, reason: Unity was launched with the -noUpm command-line argument
[Package Manager] UpmClient::Send -- Unable to send message (not connected to UPM process).
[Package Manager] Cannot connect to Unity Package Manager local server
Mono: successfully reloaded assembly
- Finished resetting the current domain, in  1.237 seconds
Domain Reload Profiling: 1822ms
	BeginReloadAssembly (196ms)
		ExecutionOrderSort (0ms)
		DisableScriptedObjects (14ms)
		BackupInstance (0ms)
		ReleaseScriptingObjects (0ms)
		CreateAndSetChildDomain (49ms)
	RebuildCommonClasses (37ms)
	RebuildNativeTypeToScriptingClass (13ms)
	initialDomainReloadingComplete (37ms)
	LoadAllAssembliesAndSetupDomain (302ms)
		LoadAssemblies (370ms)
		RebuildTransferFunctionScriptingTraits (0ms)
		AnalyzeDomain (30ms)
			TypeCache.Refresh (10ms)
				TypeCache.ScanAssembly (0ms)
			ScanForSourceGeneratedMonoScriptInfo (12ms)
			ResolveRequiredComponents (6ms)
	FinalizeReload (1238ms)
		ReleaseScriptCaches (0ms)
		RebuildScriptCaches (0ms)
		SetupLoadedEditorAssemblies (516ms)
			LogAssemblyErrors (0ms)
			InitializePlatformSupportModulesInManaged (36ms)
			SetLoadedEditorAssemblies (7ms)
			RefreshPlugins (0ms)
			BeforeProcessingInitializeOnLoad (86ms)
			ProcessInitializeOnLoadAttributes (342ms)
			ProcessInitializeOnLoadMethodAttributes (36ms)
			AfterProcessingInitializeOnLoad (9ms)
			EditorAssembliesLoaded (0ms)
		ExecutionOrderSort2 (0ms)
		AwakeInstancesAfterBackupRestoration (21ms)
Refreshing native plugins compatible for Editor in 7.15 ms, found 4 plugins.
Preloading 0 native plugins for Editor in 0.00 ms.
Unloading 4026 Unused Serialized files (Serialized files now loaded: 0)
Unloading 42 unused Assets / (217.4 KB). Loaded Objects now: 4511.
Memory consumption went from 151.5 MB to 151.2 MB.
Total: 3.930300 ms (FindLiveObjects: 0.311600 ms CreateObjectMapping: 0.338600 ms MarkObjects: 3.085400 ms  DeleteObjects: 0.193700 ms)

Prepare: number of updated asset objects reloaded= 0
AssetImportParameters requested are different than current active one (requested -> active):
  custom:container-demuxer-ogg: 62fdf1f143b41e24485cea50d1cbac27 -> 
  custom:video-codec-MediaFoundation-h265: 746d11721c4dcdbdad8f713fa42b33f4 -> 
  custom:video-decoder-ogg-theora: a1e56fd34408186e4bbccfd4996cb3dc -> 
  custom:framework-win-MediaFoundation: 216162199b28c13a410421893ffa2e32 -> 
  custom:CustomObjectIndexerAttribute: 6d391050e5a25f67b0a2c618074f2cd9 -> 
  custom:container-demuxer-webm: 4f35f7cbe854078d1ac9338744f61a02 -> 
  custom:container-muxer-webm: aa71ff27fc2769a1b78a27578f13a17b -> 
  custom:video-decoder-webm-vp8: 9c59270c3fd7afecdb556c50c9e8de78 -> 
  custom:SearchIndexIgnoredProperties: e643bd26f0fe6173181afceb89e7c659 -> 
  custom:AudioImporter_EditorPlatform: d09bf68614088b80899f8185d706f6e7 -> 
  custom:scripting/monoscript/fileName/CoinScore.cs: 22953c8d1edbfdb4dafcb37b0da8cb78 -> 
  custom:video-encoder-webm-vp8: eb34c28f22e8b96e1ab97ce403110664 -> 
  custom:audio-decoder-ogg-vorbis: bf7c407c2cedff20999df2af8eb42d56 -> 
  custom:audio-encoder-webm-vorbis: bf7c407c2cedff20999df2af8eb42d56 -> 
========================================================================
Received Prepare
Begin MonoManager ReloadAssembly
- Loaded All Assemblies, in  0.588 seconds
Refreshing native plugins compatible for Editor in 6.64 ms, found 4 plugins.
Native extension for WindowsStandalone target not found
Native extension for Android target not found
Native extension for WebGL target not found
[Package Manager] Server::EnsureServerProcessIsRunning -- launch failed, reason: Unity was launched with the -noUpm command-line argument
[Package Manager] UpmClient::Send -- Unable to send message (not connected to UPM process).
[Package Manager] Cannot connect to Unity Package Manager local server
Mono: successfully reloaded assembly
- Finished resetting the current domain, in  1.155 seconds
Domain Reload Profiling: 1740ms
	BeginReloadAssembly (193ms)
		ExecutionOrderSort (0ms)
		DisableScriptedObjects (14ms)
		BackupInstance (0ms)
		ReleaseScriptingObjects (0ms)
		CreateAndSetChildDomain (38ms)
	RebuildCommonClasses (58ms)
	RebuildNativeTypeToScriptingClass (19ms)
	initialDomainReloadingComplete (35ms)
	LoadAllAssembliesAndSetupDomain (279ms)
		LoadAssemblies (369ms)
		RebuildTransferFunctionScriptingTraits (0ms)
		AnalyzeDomain (17ms)
			TypeCache.Refresh (8ms)
				TypeCache.ScanAssembly (0ms)
			ScanForSourceGeneratedMonoScriptInfo (0ms)
			ResolveRequiredComponents (8ms)
	FinalizeReload (1156ms)
		ReleaseScriptCaches (0ms)
		RebuildScriptCaches (0ms)
		SetupLoadedEditorAssemblies (523ms)
			LogAssemblyErrors (0ms)
			InitializePlatformSupportModulesInManaged (30ms)
			SetLoadedEditorAssemblies (4ms)
			RefreshPlugins (0ms)
			BeforeProcessingInitializeOnLoad (90ms)
			ProcessInitializeOnLoadAttributes (352ms)
			ProcessInitializeOnLoadMethodAttributes (38ms)
			AfterProcessingInitializeOnLoad (8ms)
			EditorAssembliesLoaded (0ms)
		ExecutionOrderSort2 (0ms)
		AwakeInstancesAfterBackupRestoration (15ms)
Refreshing native plugins compatible for Editor in 5.43 ms, found 4 plugins.
Preloading 0 native plugins for Editor in 0.00 ms.
Unloading 4027 Unused Serialized files (Serialized files now loaded: 0)
Unloading 42 unused Assets / (217.5 KB). Loaded Objects now: 4515.
Memory consumption went from 153.6 MB to 153.4 MB.
Total: 4.184800 ms (FindLiveObjects: 0.335600 ms CreateObjectMapping: 0.309700 ms MarkObjects: 3.260100 ms  DeleteObjects: 0.278200 ms)

Prepare: number of updated asset objects reloaded= 0
AssetImportParameters requested are different than current active one (requested -> active):
  custom:container-demuxer-ogg: 62fdf1f143b41e24485cea50d1cbac27 -> 
  custom:video-codec-MediaFoundation-h265: 746d11721c4dcdbdad8f713fa42b33f4 -> 
  custom:video-decoder-ogg-theora: a1e56fd34408186e4bbccfd4996cb3dc -> 
  custom:framework-win-MediaFoundation: 216162199b28c13a410421893ffa2e32 -> 
  custom:CustomObjectIndexerAttribute: 6d391050e5a25f67b0a2c618074f2cd9 -> 
  custom:container-demuxer-webm: 4f35f7cbe854078d1ac9338744f61a02 -> 
  custom:container-muxer-webm: aa71ff27fc2769a1b78a27578f13a17b -> 
  custom:video-decoder-webm-vp8: 9c59270c3fd7afecdb556c50c9e8de78 -> 
  custom:SearchIndexIgnoredProperties: e643bd26f0fe6173181afceb89e7c659 -> 
  custom:AudioImporter_EditorPlatform: d09bf68614088b80899f8185d706f6e7 -> 
  custom:scripting/monoscript/fileName/CoinScore.cs: 22953c8d1edbfdb4dafcb37b0da8cb78 -> 
  custom:video-encoder-webm-vp8: eb34c28f22e8b96e1ab97ce403110664 -> 
  custom:audio-decoder-ogg-vorbis: bf7c407c2cedff20999df2af8eb42d56 -> 
  custom:audio-encoder-webm-vorbis: bf7c407c2cedff20999df2af8eb42d56 -> 
