Using pre-set license
Built from '2022.3/staging' branch; Version is '2022.3.17f1 (4fc78088f837) revision 5228416'; Using compiler version '192829333'; Build Type 'Release'
OS: 'Windows 11  (10.0.22631) 64bit Core' Language: 'en' Physical Memory: 16169 MB
BatchMode: 1, IsHumanControllingUs: 0, StartBugReporterOnCrash: 0, Is64bit: 1, IsPro: 1

COMMAND LINE ARGUMENTS:
C:\Program Files\Unity\Hub\Editor\2022.3.17f1\Editor\Unity.exe
-adb2
-batchMode
-noUpm
-name
AssetImportWorker1
-projectPath
C:/Users/Isaac/II-BSSD5150-Midterm
-logFile
Logs/AssetImportWorker1.log
-srvPort
59697
Successfully changed project path to: C:/Users/Isaac/II-BSSD5150-Midterm
C:/Users/Isaac/II-BSSD5150-Midterm
[UnityMemory] Configuration Parameters - Can be set up in boot.config
    "memorysetup-bucket-allocator-granularity=16"
    "memorysetup-bucket-allocator-bucket-count=8"
    "memorysetup-bucket-allocator-block-size=33554432"
    "memorysetup-bucket-allocator-block-count=8"
    "memorysetup-main-allocator-block-size=16777216"
    "memorysetup-thread-allocator-block-size=16777216"
    "memorysetup-gfx-main-allocator-block-size=16777216"
    "memorysetup-gfx-thread-allocator-block-size=16777216"
    "memorysetup-cache-allocator-block-size=4194304"
    "memorysetup-typetree-allocator-block-size=2097152"
    "memorysetup-profiler-bucket-allocator-granularity=16"
    "memorysetup-profiler-bucket-allocator-bucket-count=8"
    "memorysetup-profiler-bucket-allocator-block-size=33554432"
    "memorysetup-profiler-bucket-allocator-block-count=8"
    "memorysetup-profiler-allocator-block-size=16777216"
    "memorysetup-profiler-editor-allocator-block-size=1048576"
    "memorysetup-temp-allocator-size-main=16777216"
    "memorysetup-job-temp-allocator-block-size=2097152"
    "memorysetup-job-temp-allocator-block-size-background=1048576"
    "memorysetup-job-temp-allocator-reduction-small-platforms=262144"
    "memorysetup-allocator-temp-initial-block-size-main=262144"
    "memorysetup-allocator-temp-initial-block-size-worker=262144"
    "memorysetup-temp-allocator-size-background-worker=32768"
    "memorysetup-temp-allocator-size-job-worker=262144"
    "memorysetup-temp-allocator-size-preload-manager=33554432"
    "memorysetup-temp-allocator-size-nav-mesh-worker=65536"
    "memorysetup-temp-allocator-size-audio-worker=65536"
    "memorysetup-temp-allocator-size-cloud-worker=32768"
    "memorysetup-temp-allocator-size-gi-baking-worker=262144"
    "memorysetup-temp-allocator-size-gfx=262144"
Player connection [25748] Host "[IP] 192.168.0.17 [Port] 0 [Flags] 2 [Guid] 1004043515 [EditorId] 1004043515 [Version] 1048832 [Id] WindowsEditor(7,LAPTOP-UFD6JTEV) [Debug] 1 [PackageName] WindowsEditor [ProjectName] Editor" joined multi-casting on [225.0.0.222:54997]...

Player connection [25748] Host "[IP] 192.168.0.17 [Port] 0 [Flags] 2 [Guid] 1004043515 [EditorId] 1004043515 [Version] 1048832 [Id] WindowsEditor(7,LAPTOP-UFD6JTEV) [Debug] 1 [PackageName] WindowsEditor [ProjectName] Editor" joined alternative multi-casting on [225.0.0.222:34997]...

[Physics::Module] Initialized MultithreadedJobDispatcher with 11 workers.
Refreshing native plugins compatible for Editor in 11.71 ms, found 4 plugins.
Preloading 0 native plugins for Editor in 0.00 ms.
Initialize engine version: 2022.3.17f1 (4fc78088f837)
[Subsystems] Discovering subsystems at path C:/Program Files/Unity/Hub/Editor/2022.3.17f1/Editor/Data/Resources/UnitySubsystems
[Subsystems] Discovering subsystems at path C:/Users/Isaac/II-BSSD5150-Midterm/Assets
GfxDevice: creating device client; threaded=0; jobified=0
Direct3D:
    Version:  Direct3D 11.0 [level 11.1]
    Renderer: NVIDIA GeForce RTX 2070 (ID=0x1f14)
    Vendor:   NVIDIA
    VRAM:     8006 MB
    Driver:   31.0.15.5186
Initialize mono
Mono path[0] = 'C:/Program Files/Unity/Hub/Editor/2022.3.17f1/Editor/Data/Managed'
Mono path[1] = 'C:/Program Files/Unity/Hub/Editor/2022.3.17f1/Editor/Data/MonoBleedingEdge/lib/mono/unityjit-win32'
Mono config path = 'C:/Program Files/Unity/Hub/Editor/2022.3.17f1/Editor/Data/MonoBleedingEdge/etc'
Using monoOptions --debugger-agent=transport=dt_socket,embedding=1,server=y,suspend=n,address=127.0.0.1:56604
Begin MonoManager ReloadAssembly
Registering precompiled unity dll's ...
Register platform support module: C:/Program Files/Unity/Hub/Editor/2022.3.17f1/Editor/Data/PlaybackEngines/WebGLSupport/UnityEditor.WebGL.Extensions.dll
Register platform support module: C:/Program Files/Unity/Hub/Editor/2022.3.17f1/Editor/Data/PlaybackEngines/AndroidPlayer/UnityEditor.Android.Extensions.dll
Register platform support module: C:/Program Files/Unity/Hub/Editor/2022.3.17f1/Editor/Data/PlaybackEngines/WindowsStandaloneSupport/UnityEditor.WindowsStandalone.Extensions.dll
Registered in 0.010304 seconds.
- Loaded All Assemblies, in  0.488 seconds
Native extension for WindowsStandalone target not found
Native extension for Android target not found
Android Extension - Scanning For ADB Devices 291 ms
Native extension for WebGL target not found
Mono: successfully reloaded assembly
- Finished resetting the current domain, in  0.705 seconds
Domain Reload Profiling: 1190ms
	BeginReloadAssembly (145ms)
		ExecutionOrderSort (0ms)
		DisableScriptedObjects (0ms)
		BackupInstance (0ms)
		ReleaseScriptingObjects (0ms)
		CreateAndSetChildDomain (1ms)
	RebuildCommonClasses (47ms)
	RebuildNativeTypeToScriptingClass (13ms)
	initialDomainReloadingComplete (77ms)
	LoadAllAssembliesAndSetupDomain (203ms)
		LoadAssemblies (146ms)
		RebuildTransferFunctionScriptingTraits (0ms)
		AnalyzeDomain (197ms)
			TypeCache.Refresh (196ms)
				TypeCache.ScanAssembly (178ms)
			ScanForSourceGeneratedMonoScriptInfo (0ms)
			ResolveRequiredComponents (0ms)
	FinalizeReload (705ms)
		ReleaseScriptCaches (0ms)
		RebuildScriptCaches (0ms)
		SetupLoadedEditorAssemblies (634ms)
			LogAssemblyErrors (0ms)
			InitializePlatformSupportModulesInManaged (427ms)
			SetLoadedEditorAssemblies (5ms)
			RefreshPlugins (0ms)
			BeforeProcessingInitializeOnLoad (3ms)
			ProcessInitializeOnLoadAttributes (146ms)
			ProcessInitializeOnLoadMethodAttributes (53ms)
			AfterProcessingInitializeOnLoad (0ms)
			EditorAssembliesLoaded (0ms)
		ExecutionOrderSort2 (0ms)
		AwakeInstancesAfterBackupRestoration (0ms)
========================================================================
Worker process is ready to serve import requests
Begin MonoManager ReloadAssembly
- Loaded All Assemblies, in  0.844 seconds
Refreshing native plugins compatible for Editor in 5.35 ms, found 4 plugins.
Native extension for WindowsStandalone target not found
Native extension for Android target not found
Native extension for WebGL target not found
Package Manager log level set to [2]
[Package Manager] Server::EnsureServerProcessIsRunning -- launch failed, reason: Unity was launched with the -noUpm command-line argument
[Package Manager] UpmClient::Send -- Unable to send message (not connected to UPM process).
[Package Manager] Cannot connect to Unity Package Manager local server
Mono: successfully reloaded assembly
- Finished resetting the current domain, in  0.768 seconds
Domain Reload Profiling: 1608ms
	BeginReloadAssembly (191ms)
		ExecutionOrderSort (0ms)
		DisableScriptedObjects (10ms)
		BackupInstance (0ms)
		ReleaseScriptingObjects (0ms)
		CreateAndSetChildDomain (26ms)
	RebuildCommonClasses (46ms)
	RebuildNativeTypeToScriptingClass (14ms)
	initialDomainReloadingComplete (54ms)
	LoadAllAssembliesAndSetupDomain (534ms)
		LoadAssemblies (403ms)
		RebuildTransferFunctionScriptingTraits (0ms)
		AnalyzeDomain (237ms)
			TypeCache.Refresh (204ms)
				TypeCache.ScanAssembly (184ms)
			ScanForSourceGeneratedMonoScriptInfo (26ms)
			ResolveRequiredComponents (6ms)
	FinalizeReload (769ms)
		ReleaseScriptCaches (0ms)
		RebuildScriptCaches (0ms)
		SetupLoadedEditorAssemblies (561ms)
			LogAssemblyErrors (0ms)
			InitializePlatformSupportModulesInManaged (29ms)
			SetLoadedEditorAssemblies (4ms)
			RefreshPlugins (0ms)
			BeforeProcessingInitializeOnLoad (79ms)
			ProcessInitializeOnLoadAttributes (390ms)
			ProcessInitializeOnLoadMethodAttributes (50ms)
			AfterProcessingInitializeOnLoad (9ms)
			EditorAssembliesLoaded (0ms)
		ExecutionOrderSort2 (0ms)
		AwakeInstancesAfterBackupRestoration (9ms)
Launched and connected shader compiler UnityShaderCompiler.exe after 0.06 seconds
Refreshing native plugins compatible for Editor in 6.91 ms, found 4 plugins.
Preloading 0 native plugins for Editor in 0.00 ms.
Unloading 4042 Unused Serialized files (Serialized files now loaded: 0)
Unloading 70 unused Assets / (244.7 KB). Loaded Objects now: 4502.
Memory consumption went from 154.5 MB to 154.2 MB.
Total: 4.076200 ms (FindLiveObjects: 0.330600 ms CreateObjectMapping: 0.322600 ms MarkObjects: 3.187600 ms  DeleteObjects: 0.233700 ms)

AssetImportParameters requested are different than current active one (requested -> active):
  custom:container-demuxer-ogg: 62fdf1f143b41e24485cea50d1cbac27 -> 
  custom:video-codec-MediaFoundation-h265: 746d11721c4dcdbdad8f713fa42b33f4 -> 
  custom:video-decoder-ogg-theora: a1e56fd34408186e4bbccfd4996cb3dc -> 
  custom:framework-win-MediaFoundation: 216162199b28c13a410421893ffa2e32 -> 
  custom:CustomObjectIndexerAttribute: 6d391050e5a25f67b0a2c618074f2cd9 -> 
  custom:container-demuxer-webm: 4f35f7cbe854078d1ac9338744f61a02 -> 
  custom:container-muxer-webm: aa71ff27fc2769a1b78a27578f13a17b -> 
  custom:video-decoder-webm-vp8: 9c59270c3fd7afecdb556c50c9e8de78 -> 
  custom:SearchIndexIgnoredProperties: e643bd26f0fe6173181afceb89e7c659 -> 
  custom:AudioImporter_EditorPlatform: d09bf68614088b80899f8185d706f6e7 -> 
  custom:video-encoder-webm-vp8: eb34c28f22e8b96e1ab97ce403110664 -> 
  custom:audio-decoder-ogg-vorbis: bf7c407c2cedff20999df2af8eb42d56 -> 
  custom:audio-encoder-webm-vorbis: bf7c407c2cedff20999df2af8eb42d56 -> 
========================================================================
Received Prepare
Begin MonoManager ReloadAssembly
- Loaded All Assemblies, in  0.562 seconds
Refreshing native plugins compatible for Editor in 6.11 ms, found 4 plugins.
Native extension for WindowsStandalone target not found
Native extension for Android target not found
Native extension for WebGL target not found
[Package Manager] Server::EnsureServerProcessIsRunning -- launch failed, reason: Unity was launched with the -noUpm command-line argument
[Package Manager] UpmClient::Send -- Unable to send message (not connected to UPM process).
[Package Manager] Cannot connect to Unity Package Manager local server
Mono: successfully reloaded assembly
- Finished resetting the current domain, in  1.202 seconds
Domain Reload Profiling: 1760ms
	BeginReloadAssembly (195ms)
		ExecutionOrderSort (0ms)
		DisableScriptedObjects (15ms)
		BackupInstance (0ms)
		ReleaseScriptingObjects (0ms)
		CreateAndSetChildDomain (42ms)
	RebuildCommonClasses (43ms)
	RebuildNativeTypeToScriptingClass (18ms)
	initialDomainReloadingComplete (35ms)
	LoadAllAssembliesAndSetupDomain (266ms)
		LoadAssemblies (354ms)
		RebuildTransferFunctionScriptingTraits (0ms)
		AnalyzeDomain (15ms)
			TypeCache.Refresh (7ms)
				TypeCache.ScanAssembly (0ms)
			ScanForSourceGeneratedMonoScriptInfo (0ms)
			ResolveRequiredComponents (7ms)
	FinalizeReload (1202ms)
		ReleaseScriptCaches (0ms)
		RebuildScriptCaches (0ms)
		SetupLoadedEditorAssemblies (532ms)
			LogAssemblyErrors (0ms)
			InitializePlatformSupportModulesInManaged (32ms)
			SetLoadedEditorAssemblies (4ms)
			RefreshPlugins (0ms)
			BeforeProcessingInitializeOnLoad (84ms)
			ProcessInitializeOnLoadAttributes (357ms)
			ProcessInitializeOnLoadMethodAttributes (47ms)
			AfterProcessingInitializeOnLoad (9ms)
			EditorAssembliesLoaded (0ms)
		ExecutionOrderSort2 (0ms)
		AwakeInstancesAfterBackupRestoration (18ms)
Refreshing native plugins compatible for Editor in 6.46 ms, found 4 plugins.
Preloading 0 native plugins for Editor in 0.00 ms.
Unloading 4023 Unused Serialized files (Serialized files now loaded: 0)
Unloading 42 unused Assets / (217.2 KB). Loaded Objects now: 4507.
Memory consumption went from 151.2 MB to 151.0 MB.
Total: 4.439700 ms (FindLiveObjects: 0.334400 ms CreateObjectMapping: 0.338600 ms MarkObjects: 3.556900 ms  DeleteObjects: 0.208600 ms)

Prepare: number of updated asset objects reloaded= 0
AssetImportParameters requested are different than current active one (requested -> active):
  custom:container-demuxer-ogg: 62fdf1f143b41e24485cea50d1cbac27 -> 
  custom:video-codec-MediaFoundation-h265: 746d11721c4dcdbdad8f713fa42b33f4 -> 
  custom:video-decoder-ogg-theora: a1e56fd34408186e4bbccfd4996cb3dc -> 
  custom:framework-win-MediaFoundation: 216162199b28c13a410421893ffa2e32 -> 
  custom:CustomObjectIndexerAttribute: 6d391050e5a25f67b0a2c618074f2cd9 -> 
  custom:container-demuxer-webm: 4f35f7cbe854078d1ac9338744f61a02 -> 
  custom:container-muxer-webm: aa71ff27fc2769a1b78a27578f13a17b -> 
  custom:video-decoder-webm-vp8: 9c59270c3fd7afecdb556c50c9e8de78 -> 
  custom:SearchIndexIgnoredProperties: e643bd26f0fe6173181afceb89e7c659 -> 
  custom:AudioImporter_EditorPlatform: d09bf68614088b80899f8185d706f6e7 -> 
  custom:video-encoder-webm-vp8: eb34c28f22e8b96e1ab97ce403110664 -> 
  custom:audio-decoder-ogg-vorbis: bf7c407c2cedff20999df2af8eb42d56 -> 
  custom:audio-encoder-webm-vorbis: bf7c407c2cedff20999df2af8eb42d56 -> 
========================================================================
Received Prepare
Begin MonoManager ReloadAssembly
- Loaded All Assemblies, in  0.626 seconds
Refreshing native plugins compatible for Editor in 7.06 ms, found 4 plugins.
Native extension for WindowsStandalone target not found
Native extension for Android target not found
Native extension for WebGL target not found
[Package Manager] Server::EnsureServerProcessIsRunning -- launch failed, reason: Unity was launched with the -noUpm command-line argument
[Package Manager] UpmClient::Send -- Unable to send message (not connected to UPM process).
[Package Manager] Cannot connect to Unity Package Manager local server
Mono: successfully reloaded assembly
- Finished resetting the current domain, in  1.102 seconds
Domain Reload Profiling: 1722ms
	BeginReloadAssembly (219ms)
		ExecutionOrderSort (0ms)
		DisableScriptedObjects (21ms)
		BackupInstance (0ms)
		ReleaseScriptingObjects (0ms)
		CreateAndSetChildDomain (54ms)
	RebuildCommonClasses (39ms)
	RebuildNativeTypeToScriptingClass (14ms)
	initialDomainReloadingComplete (48ms)
	LoadAllAssembliesAndSetupDomain (300ms)
		LoadAssemblies (367ms)
		RebuildTransferFunctionScriptingTraits (0ms)
		AnalyzeDomain (32ms)
			TypeCache.Refresh (10ms)
				TypeCache.ScanAssembly (0ms)
			ScanForSourceGeneratedMonoScriptInfo (13ms)
			ResolveRequiredComponents (7ms)
	FinalizeReload (1103ms)
		ReleaseScriptCaches (0ms)
		RebuildScriptCaches (0ms)
		SetupLoadedEditorAssemblies (475ms)
			LogAssemblyErrors (0ms)
			InitializePlatformSupportModulesInManaged (28ms)
			SetLoadedEditorAssemblies (4ms)
			RefreshPlugins (0ms)
			BeforeProcessingInitializeOnLoad (77ms)
			ProcessInitializeOnLoadAttributes (325ms)
			ProcessInitializeOnLoadMethodAttributes (35ms)
			AfterProcessingInitializeOnLoad (7ms)
			EditorAssembliesLoaded (0ms)
		ExecutionOrderSort2 (0ms)
		AwakeInstancesAfterBackupRestoration (14ms)
Refreshing native plugins compatible for Editor in 6.32 ms, found 4 plugins.
Preloading 0 native plugins for Editor in 0.00 ms.
Unloading 4024 Unused Serialized files (Serialized files now loaded: 0)
Unloading 42 unused Assets / (217.3 KB). Loaded Objects now: 4512.
Memory consumption went from 153.2 MB to 153.0 MB.
Total: 3.836200 ms (FindLiveObjects: 0.314000 ms CreateObjectMapping: 0.281100 ms MarkObjects: 3.024100 ms  DeleteObjects: 0.215700 ms)

Prepare: number of updated asset objects reloaded= 0
AssetImportParameters requested are different than current active one (requested -> active):
  custom:container-demuxer-ogg: 62fdf1f143b41e24485cea50d1cbac27 -> 
  custom:video-codec-MediaFoundation-h265: 746d11721c4dcdbdad8f713fa42b33f4 -> 
  custom:video-decoder-ogg-theora: a1e56fd34408186e4bbccfd4996cb3dc -> 
  custom:framework-win-MediaFoundation: 216162199b28c13a410421893ffa2e32 -> 
  custom:CustomObjectIndexerAttribute: 6d391050e5a25f67b0a2c618074f2cd9 -> 
  custom:container-demuxer-webm: 4f35f7cbe854078d1ac9338744f61a02 -> 
  custom:container-muxer-webm: aa71ff27fc2769a1b78a27578f13a17b -> 
  custom:video-decoder-webm-vp8: 9c59270c3fd7afecdb556c50c9e8de78 -> 
  custom:SearchIndexIgnoredProperties: e643bd26f0fe6173181afceb89e7c659 -> 
  custom:AudioImporter_EditorPlatform: d09bf68614088b80899f8185d706f6e7 -> 
  custom:video-encoder-webm-vp8: eb34c28f22e8b96e1ab97ce403110664 -> 
  custom:audio-decoder-ogg-vorbis: bf7c407c2cedff20999df2af8eb42d56 -> 
  custom:audio-encoder-webm-vorbis: bf7c407c2cedff20999df2af8eb42d56 -> 
========================================================================
Received Import Request.
  Time since last request: 1676973.233418 seconds.
  path: Assets/Menu.cs
  artifactKey: Guid(1c4a1ea9de2dbb04bba0be7efb02906a) Importer(815301076,1909f56bfc062723c751e8b465ee728b)
Start importing Assets/Menu.cs using Guid(1c4a1ea9de2dbb04bba0be7efb02906a) Importer(815301076,1909f56bfc062723c751e8b465ee728b)  -> (artifact id: 'b94132408c240fb53dd522f68c16e353') in 0.002887 seconds
Number of updated asset objects reloaded before import = 0
Number of asset objects unloaded after import = 0
========================================================================
Received Prepare
Begin MonoManager ReloadAssembly
- Loaded All Assemblies, in  0.571 seconds
Refreshing native plugins compatible for Editor in 5.84 ms, found 4 plugins.
Native extension for WindowsStandalone target not found
Native extension for Android target not found
Native extension for WebGL target not found
[Package Manager] Server::EnsureServerProcessIsRunning -- launch failed, reason: Unity was launched with the -noUpm command-line argument
[Package Manager] UpmClient::Send -- Unable to send message (not connected to UPM process).
[Package Manager] Cannot connect to Unity Package Manager local server
Mono: successfully reloaded assembly
- Finished resetting the current domain, in  1.327 seconds
Domain Reload Profiling: 1893ms
	BeginReloadAssembly (196ms)
		ExecutionOrderSort (0ms)
		DisableScriptedObjects (18ms)
		BackupInstance (0ms)
		ReleaseScriptingObjects (0ms)
		CreateAndSetChildDomain (46ms)
	RebuildCommonClasses (37ms)
	RebuildNativeTypeToScriptingClass (14ms)
	initialDomainReloadingComplete (34ms)
	LoadAllAssembliesAndSetupDomain (285ms)
		LoadAssemblies (348ms)
		RebuildTransferFunctionScriptingTraits (0ms)
		AnalyzeDomain (34ms)
			TypeCache.Refresh (11ms)
				TypeCache.ScanAssembly (0ms)
			ScanForSourceGeneratedMonoScriptInfo (14ms)
			ResolveRequiredComponents (8ms)
	FinalizeReload (1328ms)
		ReleaseScriptCaches (0ms)
		RebuildScriptCaches (0ms)
		SetupLoadedEditorAssemblies (525ms)
			LogAssemblyErrors (0ms)
			InitializePlatformSupportModulesInManaged (35ms)
			SetLoadedEditorAssemblies (6ms)
			RefreshPlugins (0ms)
			BeforeProcessingInitializeOnLoad (104ms)
			ProcessInitializeOnLoadAttributes (338ms)
			ProcessInitializeOnLoadMethodAttributes (34ms)
			AfterProcessingInitializeOnLoad (7ms)
			EditorAssembliesLoaded (0ms)
		ExecutionOrderSort2 (0ms)
		AwakeInstancesAfterBackupRestoration (15ms)
Refreshing native plugins compatible for Editor in 5.70 ms, found 4 plugins.
Preloading 0 native plugins for Editor in 0.00 ms.
Unloading 4023 Unused Serialized files (Serialized files now loaded: 0)
Unloading 42 unused Assets / (217.3 KB). Loaded Objects now: 4516.
Memory consumption went from 154.9 MB to 154.6 MB.
Total: 3.717800 ms (FindLiveObjects: 0.347300 ms CreateObjectMapping: 0.308600 ms MarkObjects: 2.862700 ms  DeleteObjects: 0.198400 ms)

Prepare: number of updated asset objects reloaded= 0
AssetImportParameters requested are different than current active one (requested -> active):
  custom:container-demuxer-ogg: 62fdf1f143b41e24485cea50d1cbac27 -> 
  custom:video-codec-MediaFoundation-h265: 746d11721c4dcdbdad8f713fa42b33f4 -> 
  custom:video-decoder-ogg-theora: a1e56fd34408186e4bbccfd4996cb3dc -> 
  custom:framework-win-MediaFoundation: 216162199b28c13a410421893ffa2e32 -> 
  custom:CustomObjectIndexerAttribute: 6d391050e5a25f67b0a2c618074f2cd9 -> 
  custom:container-demuxer-webm: 4f35f7cbe854078d1ac9338744f61a02 -> 
  custom:container-muxer-webm: aa71ff27fc2769a1b78a27578f13a17b -> 
  custom:video-decoder-webm-vp8: 9c59270c3fd7afecdb556c50c9e8de78 -> 
  custom:SearchIndexIgnoredProperties: e643bd26f0fe6173181afceb89e7c659 -> 
  custom:AudioImporter_EditorPlatform: d09bf68614088b80899f8185d706f6e7 -> 
  custom:video-encoder-webm-vp8: eb34c28f22e8b96e1ab97ce403110664 -> 
  custom:audio-decoder-ogg-vorbis: bf7c407c2cedff20999df2af8eb42d56 -> 
  custom:audio-encoder-webm-vorbis: bf7c407c2cedff20999df2af8eb42d56 -> 
========================================================================
Received Prepare
Begin MonoManager ReloadAssembly
- Loaded All Assemblies, in  0.531 seconds
Refreshing native plugins compatible for Editor in 6.08 ms, found 4 plugins.
Native extension for WindowsStandalone target not found
Native extension for Android target not found
Native extension for WebGL target not found
[Package Manager] Server::EnsureServerProcessIsRunning -- launch failed, reason: Unity was launched with the -noUpm command-line argument
[Package Manager] UpmClient::Send -- Unable to send message (not connected to UPM process).
[Package Manager] Cannot connect to Unity Package Manager local server
Mono: successfully reloaded assembly
- Finished resetting the current domain, in  1.212 seconds
Domain Reload Profiling: 1738ms
	BeginReloadAssembly (189ms)
		ExecutionOrderSort (0ms)
		DisableScriptedObjects (13ms)
		BackupInstance (0ms)
		ReleaseScriptingObjects (0ms)
		CreateAndSetChildDomain (40ms)
	RebuildCommonClasses (37ms)
	RebuildNativeTypeToScriptingClass (13ms)
	initialDomainReloadingComplete (33ms)
	LoadAllAssembliesAndSetupDomain (254ms)
		LoadAssemblies (341ms)
		RebuildTransferFunctionScriptingTraits (0ms)
		AnalyzeDomain (15ms)
			TypeCache.Refresh (7ms)
				TypeCache.ScanAssembly (0ms)
			ScanForSourceGeneratedMonoScriptInfo (0ms)
			ResolveRequiredComponents (7ms)
	FinalizeReload (1212ms)
		ReleaseScriptCaches (0ms)
		RebuildScriptCaches (0ms)
		SetupLoadedEditorAssemblies (530ms)
			LogAssemblyErrors (0ms)
			InitializePlatformSupportModulesInManaged (38ms)
			SetLoadedEditorAssemblies (4ms)
			RefreshPlugins (0ms)
			BeforeProcessingInitializeOnLoad (86ms)
			ProcessInitializeOnLoadAttributes (353ms)
			ProcessInitializeOnLoadMethodAttributes (41ms)
			AfterProcessingInitializeOnLoad (8ms)
			EditorAssembliesLoaded (0ms)
		ExecutionOrderSort2 (0ms)
		AwakeInstancesAfterBackupRestoration (15ms)
Refreshing native plugins compatible for Editor in 5.85 ms, found 4 plugins.
Preloading 0 native plugins for Editor in 0.00 ms.
Unloading 4024 Unused Serialized files (Serialized files now loaded: 0)
Unloading 42 unused Assets / (217.0 KB). Loaded Objects now: 4520.
Memory consumption went from 157.1 MB to 156.8 MB.
Total: 4.166200 ms (FindLiveObjects: 0.447700 ms CreateObjectMapping: 0.432400 ms MarkObjects: 3.081900 ms  DeleteObjects: 0.203000 ms)

Prepare: number of updated asset objects reloaded= 0
AssetImportParameters requested are different than current active one (requested -> active):
  custom:container-demuxer-ogg: 62fdf1f143b41e24485cea50d1cbac27 -> 
  custom:video-codec-MediaFoundation-h265: 746d11721c4dcdbdad8f713fa42b33f4 -> 
  custom:video-decoder-ogg-theora: a1e56fd34408186e4bbccfd4996cb3dc -> 
  custom:framework-win-MediaFoundation: 216162199b28c13a410421893ffa2e32 -> 
  custom:CustomObjectIndexerAttribute: 6d391050e5a25f67b0a2c618074f2cd9 -> 
  custom:container-demuxer-webm: 4f35f7cbe854078d1ac9338744f61a02 -> 
  custom:container-muxer-webm: aa71ff27fc2769a1b78a27578f13a17b -> 
  custom:video-decoder-webm-vp8: 9c59270c3fd7afecdb556c50c9e8de78 -> 
  custom:SearchIndexIgnoredProperties: e643bd26f0fe6173181afceb89e7c659 -> 
  custom:AudioImporter_EditorPlatform: d09bf68614088b80899f8185d706f6e7 -> 
  custom:video-encoder-webm-vp8: eb34c28f22e8b96e1ab97ce403110664 -> 
  custom:audio-decoder-ogg-vorbis: bf7c407c2cedff20999df2af8eb42d56 -> 
  custom:audio-encoder-webm-vorbis: bf7c407c2cedff20999df2af8eb42d56 -> 
========================================================================
Received Prepare
Begin MonoManager ReloadAssembly
- Loaded All Assemblies, in  0.551 seconds
Refreshing native plugins compatible for Editor in 7.68 ms, found 4 plugins.
Native extension for WindowsStandalone target not found
Native extension for Android target not found
Native extension for WebGL target not found
[Package Manager] Server::EnsureServerProcessIsRunning -- launch failed, reason: Unity was launched with the -noUpm command-line argument
[Package Manager] UpmClient::Send -- Unable to send message (not connected to UPM process).
[Package Manager] Cannot connect to Unity Package Manager local server
Mono: successfully reloaded assembly
- Finished resetting the current domain, in  1.169 seconds
Domain Reload Profiling: 1717ms
	BeginReloadAssembly (196ms)
		ExecutionOrderSort (0ms)
		DisableScriptedObjects (13ms)
		BackupInstance (0ms)
		ReleaseScriptingObjects (0ms)
		CreateAndSetChildDomain (46ms)
	RebuildCommonClasses (45ms)
	RebuildNativeTypeToScriptingClass (19ms)
	initialDomainReloadingComplete (35ms)
	LoadAllAssembliesAndSetupDomain (251ms)
		LoadAssemblies (332ms)
		RebuildTransferFunctionScriptingTraits (0ms)
		AnalyzeDomain (19ms)
			TypeCache.Refresh (7ms)
				TypeCache.ScanAssembly (0ms)
			ScanForSourceGeneratedMonoScriptInfo (0ms)
			ResolveRequiredComponents (10ms)
	FinalizeReload (1170ms)
		ReleaseScriptCaches (0ms)
		RebuildScriptCaches (0ms)
		SetupLoadedEditorAssemblies (515ms)
			LogAssemblyErrors (0ms)
			InitializePlatformSupportModulesInManaged (36ms)
			SetLoadedEditorAssemblies (4ms)
			RefreshPlugins (0ms)
			BeforeProcessingInitializeOnLoad (88ms)
			ProcessInitializeOnLoadAttributes (340ms)
			ProcessInitializeOnLoadMethodAttributes (38ms)
			AfterProcessingInitializeOnLoad (9ms)
			EditorAssembliesLoaded (0ms)
		ExecutionOrderSort2 (0ms)
		AwakeInstancesAfterBackupRestoration (15ms)
Refreshing native plugins compatible for Editor in 5.46 ms, found 4 plugins.
Preloading 0 native plugins for Editor in 0.00 ms.
Unloading 4024 Unused Serialized files (Serialized files now loaded: 0)
Unloading 42 unused Assets / (217.2 KB). Loaded Objects now: 4524.
Memory consumption went from 159.0 MB to 158.8 MB.
Total: 4.157400 ms (FindLiveObjects: 0.466300 ms CreateObjectMapping: 0.441300 ms MarkObjects: 3.045700 ms  DeleteObjects: 0.202900 ms)

Prepare: number of updated asset objects reloaded= 0
AssetImportParameters requested are different than current active one (requested -> active):
  custom:container-demuxer-ogg: 62fdf1f143b41e24485cea50d1cbac27 -> 
  custom:video-codec-MediaFoundation-h265: 746d11721c4dcdbdad8f713fa42b33f4 -> 
  custom:video-decoder-ogg-theora: a1e56fd34408186e4bbccfd4996cb3dc -> 
  custom:framework-win-MediaFoundation: 216162199b28c13a410421893ffa2e32 -> 
  custom:CustomObjectIndexerAttribute: 6d391050e5a25f67b0a2c618074f2cd9 -> 
  custom:container-demuxer-webm: 4f35f7cbe854078d1ac9338744f61a02 -> 
  custom:container-muxer-webm: aa71ff27fc2769a1b78a27578f13a17b -> 
  custom:video-decoder-webm-vp8: 9c59270c3fd7afecdb556c50c9e8de78 -> 
  custom:SearchIndexIgnoredProperties: e643bd26f0fe6173181afceb89e7c659 -> 
  custom:AudioImporter_EditorPlatform: d09bf68614088b80899f8185d706f6e7 -> 
  custom:video-encoder-webm-vp8: eb34c28f22e8b96e1ab97ce403110664 -> 
  custom:audio-decoder-ogg-vorbis: bf7c407c2cedff20999df2af8eb42d56 -> 
  custom:audio-encoder-webm-vorbis: bf7c407c2cedff20999df2af8eb42d56 -> 
========================================================================
Received Prepare
Begin MonoManager ReloadAssembly
- Loaded All Assemblies, in  0.533 seconds
Refreshing native plugins compatible for Editor in 5.18 ms, found 4 plugins.
Native extension for WindowsStandalone target not found
Native extension for Android target not found
Native extension for WebGL target not found
[Package Manager] Server::EnsureServerProcessIsRunning -- launch failed, reason: Unity was launched with the -noUpm command-line argument
[Package Manager] UpmClient::Send -- Unable to send message (not connected to UPM process).
[Package Manager] Cannot connect to Unity Package Manager local server
Mono: successfully reloaded assembly
- Finished resetting the current domain, in  1.209 seconds
Domain Reload Profiling: 1738ms
	BeginReloadAssembly (192ms)
		ExecutionOrderSort (0ms)
		DisableScriptedObjects (13ms)
		BackupInstance (0ms)
		ReleaseScriptingObjects (0ms)
		CreateAndSetChildDomain (49ms)
	RebuildCommonClasses (37ms)
	RebuildNativeTypeToScriptingClass (22ms)
	initialDomainReloadingComplete (41ms)
	LoadAllAssembliesAndSetupDomain (237ms)
		LoadAssemblies (316ms)
		RebuildTransferFunctionScriptingTraits (0ms)
		AnalyzeDomain (14ms)
			TypeCache.Refresh (7ms)
				TypeCache.ScanAssembly (0ms)
			ScanForSourceGeneratedMonoScriptInfo (0ms)
			ResolveRequiredComponents (6ms)
	FinalizeReload (1210ms)
		ReleaseScriptCaches (0ms)
		RebuildScriptCaches (0ms)
		SetupLoadedEditorAssemblies (543ms)
			LogAssemblyErrors (0ms)
			InitializePlatformSupportModulesInManaged (33ms)
			SetLoadedEditorAssemblies (5ms)
			RefreshPlugins (0ms)
			BeforeProcessingInitializeOnLoad (97ms)
			ProcessInitializeOnLoadAttributes (359ms)
			ProcessInitializeOnLoadMethodAttributes (40ms)
			AfterProcessingInitializeOnLoad (9ms)
			EditorAssembliesLoaded (0ms)
		ExecutionOrderSort2 (0ms)
		AwakeInstancesAfterBackupRestoration (17ms)
Refreshing native plugins compatible for Editor in 6.45 ms, found 4 plugins.
Preloading 0 native plugins for Editor in 0.00 ms.
Unloading 4024 Unused Serialized files (Serialized files now loaded: 0)
Unloading 42 unused Assets / (217.1 KB). Loaded Objects now: 4528.
Memory consumption went from 160.9 MB to 160.7 MB.
Total: 4.829200 ms (FindLiveObjects: 0.466600 ms CreateObjectMapping: 0.441200 ms MarkObjects: 3.693100 ms  DeleteObjects: 0.226700 ms)

Prepare: number of updated asset objects reloaded= 0
AssetImportParameters requested are different than current active one (requested -> active):
  custom:container-demuxer-ogg: 62fdf1f143b41e24485cea50d1cbac27 -> 
  custom:video-codec-MediaFoundation-h265: 746d11721c4dcdbdad8f713fa42b33f4 -> 
  custom:video-decoder-ogg-theora: a1e56fd34408186e4bbccfd4996cb3dc -> 
  custom:framework-win-MediaFoundation: 216162199b28c13a410421893ffa2e32 -> 
  custom:CustomObjectIndexerAttribute: 6d391050e5a25f67b0a2c618074f2cd9 -> 
  custom:container-demuxer-webm: 4f35f7cbe854078d1ac9338744f61a02 -> 
  custom:container-muxer-webm: aa71ff27fc2769a1b78a27578f13a17b -> 
  custom:video-decoder-webm-vp8: 9c59270c3fd7afecdb556c50c9e8de78 -> 
  custom:SearchIndexIgnoredProperties: e643bd26f0fe6173181afceb89e7c659 -> 
  custom:AudioImporter_EditorPlatform: d09bf68614088b80899f8185d706f6e7 -> 
  custom:video-encoder-webm-vp8: eb34c28f22e8b96e1ab97ce403110664 -> 
  custom:audio-decoder-ogg-vorbis: bf7c407c2cedff20999df2af8eb42d56 -> 
  custom:audio-encoder-webm-vorbis: bf7c407c2cedff20999df2af8eb42d56 -> 
========================================================================
Received Import Request.
  Time since last request: 1947.979377 seconds.
  path: Assets/Poignant Symphony Music Modules/MP3s/Exploration.mp3
  artifactKey: Guid(1fea454c96ec8b74f94742282cd2e869) Importer(815301076,1909f56bfc062723c751e8b465ee728b)
Start importing Assets/Poignant Symphony Music Modules/MP3s/Exploration.mp3 using Guid(1fea454c96ec8b74f94742282cd2e869) Importer(815301076,1909f56bfc062723c751e8b465ee728b)  -> (artifact id: 'ab3766683dbb7ad5133f2cc3421be8ad') in 10.524321 seconds
Number of updated asset objects reloaded before import = 0
Number of asset objects unloaded after import = 2
========================================================================
Received Import Request.
  Time since last request: 86.633917 seconds.
  path: Assets/2D Pixel Item Pack/Light Outline/S_ItemLightOutline_BarrelGold_00.png
  artifactKey: Guid(fdbe411b4ec35f147900865c997a312d) Importer(815301076,1909f56bfc062723c751e8b465ee728b)
Start importing Assets/2D Pixel Item Pack/Light Outline/S_ItemLightOutline_BarrelGold_00.png using Guid(fdbe411b4ec35f147900865c997a312d) Importer(815301076,1909f56bfc062723c751e8b465ee728b)  -> (artifact id: '9c668533718c7a4ec1a85eb412bacabf') in 0.102596 seconds
Number of updated asset objects reloaded before import = 0
Number of asset objects unloaded after import = 3
========================================================================
Received Import Request.
  Time since last request: 0.000031 seconds.
  path: Assets/2D Pixel Item Pack/Light Outline/S_ItemLightOutline_BarrelGreen_00.png
  artifactKey: Guid(7469631d9db683d4d9ccbefa99f7e81f) Importer(815301076,1909f56bfc062723c751e8b465ee728b)
Start importing Assets/2D Pixel Item Pack/Light Outline/S_ItemLightOutline_BarrelGreen_00.png using Guid(7469631d9db683d4d9ccbefa99f7e81f) Importer(815301076,1909f56bfc062723c751e8b465ee728b)  -> (artifact id: '6de76b54249dec9c43733c04b41cf790') in 0.023970 seconds
Number of updated asset objects reloaded before import = 0
Number of asset objects unloaded after import = 3
========================================================================
Received Import Request.
  Time since last request: 0.000028 seconds.
  path: Assets/2D Pixel Item Pack/Light Outline/S_ItemLightOutline_PotionBlue_02.png
  artifactKey: Guid(9d4876b2fb3f71a4096454de5f85a9b7) Importer(815301076,1909f56bfc062723c751e8b465ee728b)
Start importing Assets/2D Pixel Item Pack/Light Outline/S_ItemLightOutline_PotionBlue_02.png using Guid(9d4876b2fb3f71a4096454de5f85a9b7) Importer(815301076,1909f56bfc062723c751e8b465ee728b)  -> (artifact id: 'f3d1fc7e6643d494291b264ff7f0cfab') in 0.032850 seconds
Number of updated asset objects reloaded before import = 0
Number of asset objects unloaded after import = 3
========================================================================
Received Import Request.
  Time since last request: 0.000036 seconds.
  path: Assets/2D Pixel Item Pack/Light Outline/S_ItemLightOutline_HeartBlue_00.png
  artifactKey: Guid(150281c69eb43b94b9c15cae75464a57) Importer(815301076,1909f56bfc062723c751e8b465ee728b)
Start importing Assets/2D Pixel Item Pack/Light Outline/S_ItemLightOutline_HeartBlue_00.png using Guid(150281c69eb43b94b9c15cae75464a57) Importer(815301076,1909f56bfc062723c751e8b465ee728b)  -> (artifact id: 'bc7264f35907e76b08caeecdccf95b95') in 0.034827 seconds
Number of updated asset objects reloaded before import = 0
Number of asset objects unloaded after import = 3
========================================================================
Received Import Request.
  Time since last request: 0.000054 seconds.
  path: Assets/2D Pixel Item Pack/Light Outline/S_ItemLightOutline_JarGreen_01.png
  artifactKey: Guid(ebbd9788d7d24684cb34b55dad9c1a34) Importer(815301076,1909f56bfc062723c751e8b465ee728b)
Start importing Assets/2D Pixel Item Pack/Light Outline/S_ItemLightOutline_JarGreen_01.png using Guid(ebbd9788d7d24684cb34b55dad9c1a34) Importer(815301076,1909f56bfc062723c751e8b465ee728b)  -> (artifact id: '1db2c17df91893c1578c3c51ca807846') in 0.028015 seconds
Number of updated asset objects reloaded before import = 0
Number of asset objects unloaded after import = 3
========================================================================
Received Import Request.
  Time since last request: 0.000021 seconds.
  path: Assets/2D Pixel Item Pack/Light Outline/S_ItemLightOutline_CoinGold_00.png
  artifactKey: Guid(b9b6d1769f5cc774594729ad016eb966) Importer(815301076,1909f56bfc062723c751e8b465ee728b)
Start importing Assets/2D Pixel Item Pack/Light Outline/S_ItemLightOutline_CoinGold_00.png using Guid(b9b6d1769f5cc774594729ad016eb966) Importer(815301076,1909f56bfc062723c751e8b465ee728b)  -> (artifact id: 'a5ecccf66cd424bcb5772c22e9a5f549') in 0.025310 seconds
Number of updated asset objects reloaded before import = 0
Number of asset objects unloaded after import = 3
========================================================================
Received Import Request.
  Time since last request: 0.000021 seconds.
  path: Assets/2D Pixel Item Pack/Light Outline/S_ItemLightOutline_BarrelPurple_00.png
  artifactKey: Guid(fbe9cff0b2ea6864e81dcf18230686e8) Importer(815301076,1909f56bfc062723c751e8b465ee728b)
Start importing Assets/2D Pixel Item Pack/Light Outline/S_ItemLightOutline_BarrelPurple_00.png using Guid(fbe9cff0b2ea6864e81dcf18230686e8) Importer(815301076,1909f56bfc062723c751e8b465ee728b)  -> (artifact id: 'a55686ca510f7b8a3aef3804c1440639') in 0.026606 seconds
Number of updated asset objects reloaded before import = 0
Number of asset objects unloaded after import = 3
========================================================================
Received Import Request.
  Time since last request: 0.000020 seconds.
  path: Assets/2D Pixel Item Pack/Light Outline/S_ItemLightOutline_ChestPurple_00.png
  artifactKey: Guid(9ae73cc8499d92b4cadf5de943bbfc92) Importer(815301076,1909f56bfc062723c751e8b465ee728b)
Start importing Assets/2D Pixel Item Pack/Light Outline/S_ItemLightOutline_ChestPurple_00.png using Guid(9ae73cc8499d92b4cadf5de943bbfc92) Importer(815301076,1909f56bfc062723c751e8b465ee728b)  -> (artifact id: '12ba2d2a5390516f724c0c8bf7ef78f6') in 0.024800 seconds
Number of updated asset objects reloaded before import = 0
Number of asset objects unloaded after import = 3
========================================================================
Received Import Request.
  Time since last request: 0.000027 seconds.
  path: Assets/2D Pixel Item Pack/Light Outline/S_ItemLightOutline_CoinGreen_00.png
  artifactKey: Guid(63780fa5784475a43b87ec533ef032ea) Importer(815301076,1909f56bfc062723c751e8b465ee728b)
Start importing Assets/2D Pixel Item Pack/Light Outline/S_ItemLightOutline_CoinGreen_00.png using Guid(63780fa5784475a43b87ec533ef032ea) Importer(815301076,1909f56bfc062723c751e8b465ee728b)  -> (artifact id: 'a572cab6d2a404a43a1a05522fee76dd') in 0.020781 seconds
Number of updated asset objects reloaded before import = 0
Number of asset objects unloaded after import = 3
========================================================================
Received Import Request.
  Time since last request: 0.000016 seconds.
  path: Assets/2D Pixel Item Pack/Light Outline/S_ItemLightOutline_PotionRed_02.png
  artifactKey: Guid(484d636c982787d449589fb4a567d0e9) Importer(815301076,1909f56bfc062723c751e8b465ee728b)
Start importing Assets/2D Pixel Item Pack/Light Outline/S_ItemLightOutline_PotionRed_02.png using Guid(484d636c982787d449589fb4a567d0e9) Importer(815301076,1909f56bfc062723c751e8b465ee728b)  -> (artifact id: '0763ed08428f2c6a137617ed0dcb1859') in 0.022552 seconds
Number of updated asset objects reloaded before import = 0
Number of asset objects unloaded after import = 3
========================================================================
Received Import Request.
  Time since last request: 0.000024 seconds.
  path: Assets/2D Pixel Item Pack/Light Outline/S_ItemLightOutline_ChestGreen_00.png
  artifactKey: Guid(ab41f89bf5328bf4ebe8ed404f1542a9) Importer(815301076,1909f56bfc062723c751e8b465ee728b)
Start importing Assets/2D Pixel Item Pack/Light Outline/S_ItemLightOutline_ChestGreen_00.png using Guid(ab41f89bf5328bf4ebe8ed404f1542a9) Importer(815301076,1909f56bfc062723c751e8b465ee728b)  -> (artifact id: '6d4f2938526b95071864566d21704e37') in 0.024303 seconds
Number of updated asset objects reloaded before import = 0
Number of asset objects unloaded after import = 3
========================================================================
Received Import Request.
  Time since last request: 0.000027 seconds.
  path: Assets/2D Pixel Item Pack/Light Outline/S_ItemLightOutline_PotionGold_02.png
  artifactKey: Guid(f71567b37e8375c4ea0b7a3094fef493) Importer(815301076,1909f56bfc062723c751e8b465ee728b)
Start importing Assets/2D Pixel Item Pack/Light Outline/S_ItemLightOutline_PotionGold_02.png using Guid(f71567b37e8375c4ea0b7a3094fef493) Importer(815301076,1909f56bfc062723c751e8b465ee728b)  -> (artifact id: 'f0def641b8567124ecc0a66c3e8d653d') in 0.024501 seconds
Number of updated asset objects reloaded before import = 0
Number of asset objects unloaded after import = 3
========================================================================
Received Import Request.
  Time since last request: 0.000034 seconds.
  path: Assets/2D Pixel Item Pack/Light Outline/S_ItemLightOutline_PotionRed_00.png
  artifactKey: Guid(dc98641484cb3724f9161856d6b33124) Importer(815301076,1909f56bfc062723c751e8b465ee728b)
Start importing Assets/2D Pixel Item Pack/Light Outline/S_ItemLightOutline_PotionRed_00.png using Guid(dc98641484cb3724f9161856d6b33124) Importer(815301076,1909f56bfc062723c751e8b465ee728b)  -> (artifact id: 'b733b52a5156e20f880ab68de6cb8e86') in 0.024340 seconds
Number of updated asset objects reloaded before import = 0
Number of asset objects unloaded after import = 3
========================================================================
Received Import Request.
  Time since last request: 0.000016 seconds.
  path: Assets/2D Pixel Item Pack/Light Outline/S_ItemLightOutline_JarPurple_01.png
  artifactKey: Guid(d8ef600d59c84444c9013fc5e0278f08) Importer(815301076,1909f56bfc062723c751e8b465ee728b)
Start importing Assets/2D Pixel Item Pack/Light Outline/S_ItemLightOutline_JarPurple_01.png using Guid(d8ef600d59c84444c9013fc5e0278f08) Importer(815301076,1909f56bfc062723c751e8b465ee728b)  -> (artifact id: '38a72be1cafe57f66b8b6194ba0fb4cb') in 0.023988 seconds
Number of updated asset objects reloaded before import = 0
Number of asset objects unloaded after import = 3
========================================================================
Received Import Request.
  Time since last request: 0.000018 seconds.
  path: Assets/2D Pixel Item Pack/Light Outline/S_ItemLightOutline_ChestBlue_00.png
  artifactKey: Guid(9fba3de480edfe74681481770b5dd576) Importer(815301076,1909f56bfc062723c751e8b465ee728b)
Start importing Assets/2D Pixel Item Pack/Light Outline/S_ItemLightOutline_ChestBlue_00.png using Guid(9fba3de480edfe74681481770b5dd576) Importer(815301076,1909f56bfc062723c751e8b465ee728b)  -> (artifact id: '6e569227ae644a1cbd9231937ceec839') in 0.023844 seconds
Number of updated asset objects reloaded before import = 0
Number of asset objects unloaded after import = 3
========================================================================
Received Import Request.
  Time since last request: 0.000019 seconds.
  path: Assets/2D Pixel Item Pack/Light Outline/S_ItemLightOutline_HeartGreen_00.png
  artifactKey: Guid(13af146dad70c9d498eff4174e5f238f) Importer(815301076,1909f56bfc062723c751e8b465ee728b)
Start importing Assets/2D Pixel Item Pack/Light Outline/S_ItemLightOutline_HeartGreen_00.png using Guid(13af146dad70c9d498eff4174e5f238f) Importer(815301076,1909f56bfc062723c751e8b465ee728b)  -> (artifact id: 'd7c49afe86db737b80fc55763ac1134b') in 0.027336 seconds
Number of updated asset objects reloaded before import = 0
Number of asset objects unloaded after import = 3
========================================================================
Received Import Request.
  Time since last request: 0.000021 seconds.
  path: Assets/2D Pixel Item Pack/Light Outline/S_ItemLightOutline_JarBlue_01.png
  artifactKey: Guid(0290adc8f4725394d915c8e99c784df0) Importer(815301076,1909f56bfc062723c751e8b465ee728b)
Start importing Assets/2D Pixel Item Pack/Light Outline/S_ItemLightOutline_JarBlue_01.png using Guid(0290adc8f4725394d915c8e99c784df0) Importer(815301076,1909f56bfc062723c751e8b465ee728b)  -> (artifact id: 'a3d3b6eae89cdd816258369db2103137') in 0.025615 seconds
Number of updated asset objects reloaded before import = 0
Number of asset objects unloaded after import = 3
========================================================================
Received Import Request.
  Time since last request: 0.000026 seconds.
  path: Assets/2D Pixel Item Pack/Light Outline/S_ItemLightOutline_PotionPurple_00.png
  artifactKey: Guid(85fe961d8b8fb094584962eecb48d07b) Importer(815301076,1909f56bfc062723c751e8b465ee728b)
Start importing Assets/2D Pixel Item Pack/Light Outline/S_ItemLightOutline_PotionPurple_00.png using Guid(85fe961d8b8fb094584962eecb48d07b) Importer(815301076,1909f56bfc062723c751e8b465ee728b)  -> (artifact id: '32613dec0c11490e0fd206d7b04cbc6a') in 0.021781 seconds
Number of updated asset objects reloaded before import = 0
Number of asset objects unloaded after import = 3
========================================================================
Received Import Request.
  Time since last request: 0.000018 seconds.
  path: Assets/2D Pixel Item Pack/Light Outline/S_ItemLightOutline_PotionBlue_00.png
  artifactKey: Guid(3537a5fae4d316c49a98ea7aeb6bb3ec) Importer(815301076,1909f56bfc062723c751e8b465ee728b)
Start importing Assets/2D Pixel Item Pack/Light Outline/S_ItemLightOutline_PotionBlue_00.png using Guid(3537a5fae4d316c49a98ea7aeb6bb3ec) Importer(815301076,1909f56bfc062723c751e8b465ee728b)  -> (artifact id: 'e02fba14bc49b5bb4aa508653b02857d') in 0.023520 seconds
Number of updated asset objects reloaded before import = 0
Number of asset objects unloaded after import = 3
========================================================================
Received Import Request.
  Time since last request: 0.000028 seconds.
  path: Assets/2D Pixel Item Pack/Light Outline/S_ItemLightOutline_JarBlue_00.png
  artifactKey: Guid(a3ef59eb84c01d843a240451c3b1f2bb) Importer(815301076,1909f56bfc062723c751e8b465ee728b)
Start importing Assets/2D Pixel Item Pack/Light Outline/S_ItemLightOutline_JarBlue_00.png using Guid(a3ef59eb84c01d843a240451c3b1f2bb) Importer(815301076,1909f56bfc062723c751e8b465ee728b)  -> (artifact id: 'a65d2d960ea176425fbdd3d71661f0af') in 0.025960 seconds
Number of updated asset objects reloaded before import = 0
Number of asset objects unloaded after import = 3
========================================================================
Received Import Request.
  Time since last request: 0.000033 seconds.
  path: Assets/2D Pixel Item Pack/Light Outline/S_ItemLightOutline_ChestRed_00.png
  artifactKey: Guid(56b3f530691a5514d97f5761217f4057) Importer(815301076,1909f56bfc062723c751e8b465ee728b)
Start importing Assets/2D Pixel Item Pack/Light Outline/S_ItemLightOutline_ChestRed_00.png using Guid(56b3f530691a5514d97f5761217f4057) Importer(815301076,1909f56bfc062723c751e8b465ee728b)  -> (artifact id: '005db0c311f488e71f7af27871d2a6bf') in 0.022582 seconds
Number of updated asset objects reloaded before import = 0
Number of asset objects unloaded after import = 3
========================================================================
Received Import Request.
  Time since last request: 0.000035 seconds.
  path: Assets/2D Pixel Item Pack/Light Outline/S_ItemLightOutline_CoinBlue_00.png
  artifactKey: Guid(3216d0639c0c48946ace1611c27381c8) Importer(815301076,1909f56bfc062723c751e8b465ee728b)
Start importing Assets/2D Pixel Item Pack/Light Outline/S_ItemLightOutline_CoinBlue_00.png using Guid(3216d0639c0c48946ace1611c27381c8) Importer(815301076,1909f56bfc062723c751e8b465ee728b)  -> (artifact id: 'de4d5605a40cfdc158d4265f7dbcb015') in 0.022516 seconds
Number of updated asset objects reloaded before import = 0
Number of asset objects unloaded after import = 3
========================================================================
Received Import Request.
  Time since last request: 0.000021 seconds.
  path: Assets/2D Pixel Item Pack/Light Outline/S_ItemLightOutline_PotionRed_01.png
  artifactKey: Guid(dd86867da9990584a9dc706d08a29150) Importer(815301076,1909f56bfc062723c751e8b465ee728b)
Start importing Assets/2D Pixel Item Pack/Light Outline/S_ItemLightOutline_PotionRed_01.png using Guid(dd86867da9990584a9dc706d08a29150) Importer(815301076,1909f56bfc062723c751e8b465ee728b)  -> (artifact id: '7fa33cf94de829a44e59996493bc0b47') in 0.020721 seconds
Number of updated asset objects reloaded before import = 0
Number of asset objects unloaded after import = 3
========================================================================
Received Import Request.
  Time since last request: 14.190228 seconds.
  path: Assets/2D Pixel Item Pack/No Outline/S_ItemNoOutline_BarrelGold_00.png
  artifactKey: Guid(98e36223d41719f4886df57f3836bed9) Importer(815301076,1909f56bfc062723c751e8b465ee728b)
Start importing Assets/2D Pixel Item Pack/No Outline/S_ItemNoOutline_BarrelGold_00.png using Guid(98e36223d41719f4886df57f3836bed9) Importer(815301076,1909f56bfc062723c751e8b465ee728b)  -> (artifact id: 'b9efe99f6540a2db7ce98f353e6e30a9') in 0.022682 seconds
Number of updated asset objects reloaded before import = 0
Number of asset objects unloaded after import = 3
========================================================================
Received Import Request.
  Time since last request: 0.000023 seconds.
  path: Assets/2D Pixel Item Pack/No Outline/S_ItemNoOutline_CoinRed_00.png
  artifactKey: Guid(ee180329dcbf39340894f49a646df1cd) Importer(815301076,1909f56bfc062723c751e8b465ee728b)
Start importing Assets/2D Pixel Item Pack/No Outline/S_ItemNoOutline_CoinRed_00.png using Guid(ee180329dcbf39340894f49a646df1cd) Importer(815301076,1909f56bfc062723c751e8b465ee728b)  -> (artifact id: '9ca27dd4b17038d0ece86f027a942cae') in 0.027494 seconds
Number of updated asset objects reloaded before import = 0
Number of asset objects unloaded after import = 3
========================================================================
Received Import Request.
  Time since last request: 0.000028 seconds.
  path: Assets/2D Pixel Item Pack/No Outline/S_ItemNoOutline_PotionGold_01.png
  artifactKey: Guid(d025807e31d980c4db269d7f9f094bce) Importer(815301076,1909f56bfc062723c751e8b465ee728b)
Start importing Assets/2D Pixel Item Pack/No Outline/S_ItemNoOutline_PotionGold_01.png using Guid(d025807e31d980c4db269d7f9f094bce) Importer(815301076,1909f56bfc062723c751e8b465ee728b)  -> (artifact id: 'a00e573c829a1641b9fdf598dea8c83b') in 0.027905 seconds
Number of updated asset objects reloaded before import = 0
Number of asset objects unloaded after import = 3
========================================================================
Received Import Request.
  Time since last request: 0.000023 seconds.
  path: Assets/2D Pixel Item Pack/No Outline/S_ItemNoOutline_CoinPurple_00.png
  artifactKey: Guid(1d1094167457a3443b9d0d16e673aedf) Importer(815301076,1909f56bfc062723c751e8b465ee728b)
Start importing Assets/2D Pixel Item Pack/No Outline/S_ItemNoOutline_CoinPurple_00.png using Guid(1d1094167457a3443b9d0d16e673aedf) Importer(815301076,1909f56bfc062723c751e8b465ee728b)  -> (artifact id: '88e35483bf6593d08bd31b2af234ab57') in 0.024710 seconds
Number of updated asset objects reloaded before import = 0
Number of asset objects unloaded after import = 3
========================================================================
Received Import Request.
  Time since last request: 0.000019 seconds.
  path: Assets/2D Pixel Item Pack/No Outline/S_ItemNoOutline_HeartGreen_00.png
  artifactKey: Guid(04f6754a43aa9eb49b820f6665c0ca76) Importer(815301076,1909f56bfc062723c751e8b465ee728b)
Start importing Assets/2D Pixel Item Pack/No Outline/S_ItemNoOutline_HeartGreen_00.png using Guid(04f6754a43aa9eb49b820f6665c0ca76) Importer(815301076,1909f56bfc062723c751e8b465ee728b)  -> (artifact id: 'd83ef6097ad55c6f249ae9dda9bede4c') in 0.021673 seconds
Number of updated asset objects reloaded before import = 0
Number of asset objects unloaded after import = 3
========================================================================
Received Import Request.
  Time since last request: 0.000145 seconds.
  path: Assets/2D Pixel Item Pack/No Outline/S_ItemNoOutline_PotionPurple_00.png
  artifactKey: Guid(48427561134115740b6f6e2caf015996) Importer(815301076,1909f56bfc062723c751e8b465ee728b)
Start importing Assets/2D Pixel Item Pack/No Outline/S_ItemNoOutline_PotionPurple_00.png using Guid(48427561134115740b6f6e2caf015996) Importer(815301076,1909f56bfc062723c751e8b465ee728b)  -> (artifact id: 'a194464f2141ba0f497c2676e22f86a2') in 0.029956 seconds
Number of updated asset objects reloaded before import = 0
Number of asset objects unloaded after import = 3
========================================================================
Received Import Request.
  Time since last request: 0.000021 seconds.
  path: Assets/2D Pixel Item Pack/No Outline/S_ItemNoOutline_ChestRed_00.png
  artifactKey: Guid(d374c104b2b43c5449b430081e3d117e) Importer(815301076,1909f56bfc062723c751e8b465ee728b)
Start importing Assets/2D Pixel Item Pack/No Outline/S_ItemNoOutline_ChestRed_00.png using Guid(d374c104b2b43c5449b430081e3d117e) Importer(815301076,1909f56bfc062723c751e8b465ee728b)  -> (artifact id: '35540059a4a325c42fc30fb14c3923ff') in 0.037003 seconds
Number of updated asset objects reloaded before import = 0
Number of asset objects unloaded after import = 3
========================================================================
Received Import Request.
  Time since last request: 0.000023 seconds.
  path: Assets/2D Pixel Item Pack/No Outline/S_ItemNoOutline_ChestBlue_00.png
  artifactKey: Guid(8c834f188ef92ce438b51292419b06e9) Importer(815301076,1909f56bfc062723c751e8b465ee728b)
Start importing Assets/2D Pixel Item Pack/No Outline/S_ItemNoOutline_ChestBlue_00.png using Guid(8c834f188ef92ce438b51292419b06e9) Importer(815301076,1909f56bfc062723c751e8b465ee728b)  -> (artifact id: '4ddebc3caafffdadec62873c22fc5f30') in 0.022385 seconds
Number of updated asset objects reloaded before import = 0
Number of asset objects unloaded after import = 3
========================================================================
Received Import Request.
  Time since last request: 0.000041 seconds.
  path: Assets/2D Pixel Item Pack/No Outline/S_ItemNoOutline_CoinGreen_00.png
  artifactKey: Guid(9183feacbdb09714ab2b7fe8d652857a) Importer(815301076,1909f56bfc062723c751e8b465ee728b)
Start importing Assets/2D Pixel Item Pack/No Outline/S_ItemNoOutline_CoinGreen_00.png using Guid(9183feacbdb09714ab2b7fe8d652857a) Importer(815301076,1909f56bfc062723c751e8b465ee728b)  -> (artifact id: '712b3b4a4cd77fb5ea554a85fbaa159d') in 0.023075 seconds
Number of updated asset objects reloaded before import = 0
Number of asset objects unloaded after import = 3
========================================================================
Received Import Request.
  Time since last request: 0.000024 seconds.
  path: Assets/2D Pixel Item Pack/No Outline/S_ItemNoOutline_PotionPurple_02.png
  artifactKey: Guid(3dfa7f6656ff88646a1ee3ff95805426) Importer(815301076,1909f56bfc062723c751e8b465ee728b)
Start importing Assets/2D Pixel Item Pack/No Outline/S_ItemNoOutline_PotionPurple_02.png using Guid(3dfa7f6656ff88646a1ee3ff95805426) Importer(815301076,1909f56bfc062723c751e8b465ee728b)  -> (artifact id: '5e5c4c2da19d310e358472a598416cd6') in 0.021605 seconds
Number of updated asset objects reloaded before import = 0
Number of asset objects unloaded after import = 3
========================================================================
Received Import Request.
  Time since last request: 0.000022 seconds.
  path: Assets/2D Pixel Item Pack/No Outline/S_ItemNoOutline_JarRed_00.png
  artifactKey: Guid(413ae5c9fe6b4c445bfc77e851512311) Importer(815301076,1909f56bfc062723c751e8b465ee728b)
Start importing Assets/2D Pixel Item Pack/No Outline/S_ItemNoOutline_JarRed_00.png using Guid(413ae5c9fe6b4c445bfc77e851512311) Importer(815301076,1909f56bfc062723c751e8b465ee728b)  -> (artifact id: '43cd3b95c46043ddb28e6933bcf8bec9') in 0.025134 seconds
Number of updated asset objects reloaded before import = 0
Number of asset objects unloaded after import = 3
========================================================================
Received Import Request.
  Time since last request: 0.000028 seconds.
  path: Assets/2D Pixel Item Pack/No Outline/S_ItemNoOutline_PotionBlue_02.png
  artifactKey: Guid(3167e107b47c92e45a9374f88953048f) Importer(815301076,1909f56bfc062723c751e8b465ee728b)
Start importing Assets/2D Pixel Item Pack/No Outline/S_ItemNoOutline_PotionBlue_02.png using Guid(3167e107b47c92e45a9374f88953048f) Importer(815301076,1909f56bfc062723c751e8b465ee728b)  -> (artifact id: 'f227c918199ed307d2f7d23dc9e01f42') in 0.023500 seconds
Number of updated asset objects reloaded before import = 0
Number of asset objects unloaded after import = 3
========================================================================
Received Import Request.
  Time since last request: 0.000077 seconds.
  path: Assets/2D Pixel Item Pack/No Outline/S_ItemNoOutline_CoinGold_00.png
  artifactKey: Guid(32b264cf55ad7444696b291a8a1b4886) Importer(815301076,1909f56bfc062723c751e8b465ee728b)
Start importing Assets/2D Pixel Item Pack/No Outline/S_ItemNoOutline_CoinGold_00.png using Guid(32b264cf55ad7444696b291a8a1b4886) Importer(815301076,1909f56bfc062723c751e8b465ee728b)  -> (artifact id: '9c8016faaa3a951dbe937bbd2d356e81') in 0.023218 seconds
Number of updated asset objects reloaded before import = 0
Number of asset objects unloaded after import = 3
========================================================================
Received Import Request.
  Time since last request: 0.000026 seconds.
  path: Assets/2D Pixel Item Pack/No Outline/S_ItemNoOutline_ChestPurple_00.png
  artifactKey: Guid(1175232d0440d9f44a4f4908e974b2d5) Importer(815301076,1909f56bfc062723c751e8b465ee728b)
Start importing Assets/2D Pixel Item Pack/No Outline/S_ItemNoOutline_ChestPurple_00.png using Guid(1175232d0440d9f44a4f4908e974b2d5) Importer(815301076,1909f56bfc062723c751e8b465ee728b)  -> (artifact id: 'f15428c436c7acb7110c81540304e8a3') in 0.026321 seconds
Number of updated asset objects reloaded before import = 0
Number of asset objects unloaded after import = 3
========================================================================
Received Import Request.
  Time since last request: 0.000018 seconds.
  path: Assets/2D Pixel Item Pack/No Outline/S_ItemNoOutline_PotionGreen_01.png
  artifactKey: Guid(d2ec23b8bd73b0e43a048ed910855eb4) Importer(815301076,1909f56bfc062723c751e8b465ee728b)
Start importing Assets/2D Pixel Item Pack/No Outline/S_ItemNoOutline_PotionGreen_01.png using Guid(d2ec23b8bd73b0e43a048ed910855eb4) Importer(815301076,1909f56bfc062723c751e8b465ee728b)  -> (artifact id: '95b12f1ff144ffbf35ce2f96ce8edf58') in 0.022594 seconds
Number of updated asset objects reloaded before import = 0
Number of asset objects unloaded after import = 3
========================================================================
Received Import Request.
  Time since last request: 0.000023 seconds.
  path: Assets/2D Pixel Item Pack/No Outline/S_ItemNoOutline_CoinBlue_00.png
  artifactKey: Guid(e51331a95da8f4c4f93a1172063345fb) Importer(815301076,1909f56bfc062723c751e8b465ee728b)
Start importing Assets/2D Pixel Item Pack/No Outline/S_ItemNoOutline_CoinBlue_00.png using Guid(e51331a95da8f4c4f93a1172063345fb) Importer(815301076,1909f56bfc062723c751e8b465ee728b)  -> (artifact id: '0378077e825681f74888ad359aa2d470') in 0.024756 seconds
Number of updated asset objects reloaded before import = 0
Number of asset objects unloaded after import = 3
========================================================================
Received Import Request.
  Time since last request: 204.260881 seconds.
  path: Assets/CoinScore.cs
  artifactKey: Guid(d3c6731a046286743a1b2ea15ed09cf0) Importer(815301076,1909f56bfc062723c751e8b465ee728b)
Start importing Assets/CoinScore.cs using Guid(d3c6731a046286743a1b2ea15ed09cf0) Importer(815301076,1909f56bfc062723c751e8b465ee728b)  -> (artifact id: 'cf7967c312754a6719bdddcfaa87a564') in 0.000806 seconds
Number of updated asset objects reloaded before import = 0
Number of asset objects unloaded after import = 0
========================================================================
Received Prepare
Begin MonoManager ReloadAssembly
- Loaded All Assemblies, in  0.623 seconds
Refreshing native plugins compatible for Editor in 7.21 ms, found 4 plugins.
Native extension for WindowsStandalone target not found
Native extension for Android target not found
Native extension for WebGL target not found
[Package Manager] Server::EnsureServerProcessIsRunning -- launch failed, reason: Unity was launched with the -noUpm command-line argument
[Package Manager] UpmClient::Send -- Unable to send message (not connected to UPM process).
[Package Manager] Cannot connect to Unity Package Manager local server
Mono: successfully reloaded assembly
- Finished resetting the current domain, in  1.174 seconds
Domain Reload Profiling: 1793ms
	BeginReloadAssembly (220ms)
		ExecutionOrderSort (0ms)
		DisableScriptedObjects (20ms)
		BackupInstance (0ms)
		ReleaseScriptingObjects (0ms)
		CreateAndSetChildDomain (55ms)
	RebuildCommonClasses (38ms)
	RebuildNativeTypeToScriptingClass (14ms)
	initialDomainReloadingComplete (35ms)
	LoadAllAssembliesAndSetupDomain (312ms)
		LoadAssemblies (373ms)
		RebuildTransferFunctionScriptingTraits (0ms)
		AnalyzeDomain (45ms)
			TypeCache.Refresh (15ms)
				TypeCache.ScanAssembly (1ms)
			ScanForSourceGeneratedMonoScriptInfo (20ms)
			ResolveRequiredComponents (9ms)
	FinalizeReload (1175ms)
		ReleaseScriptCaches (0ms)
		RebuildScriptCaches (0ms)
		SetupLoadedEditorAssemblies (510ms)
			LogAssemblyErrors (0ms)
			InitializePlatformSupportModulesInManaged (28ms)
			SetLoadedEditorAssemblies (4ms)
			RefreshPlugins (0ms)
			BeforeProcessingInitializeOnLoad (91ms)
			ProcessInitializeOnLoadAttributes (344ms)
			ProcessInitializeOnLoadMethodAttributes (35ms)
			AfterProcessingInitializeOnLoad (7ms)
			EditorAssembliesLoaded (0ms)
		ExecutionOrderSort2 (0ms)
		AwakeInstancesAfterBackupRestoration (14ms)
Refreshing native plugins compatible for Editor in 6.05 ms, found 4 plugins.
Preloading 0 native plugins for Editor in 0.00 ms.
Unloading 4024 Unused Serialized files (Serialized files now loaded: 0)
Unloading 42 unused Assets / (217.0 KB). Loaded Objects now: 4565.
Memory consumption went from 161.9 MB to 161.7 MB.
Total: 5.613800 ms (FindLiveObjects: 0.537700 ms CreateObjectMapping: 0.365000 ms MarkObjects: 4.375600 ms  DeleteObjects: 0.334000 ms)

Prepare: number of updated asset objects reloaded= 0
AssetImportParameters requested are different than current active one (requested -> active):
  custom:container-demuxer-ogg: 62fdf1f143b41e24485cea50d1cbac27 -> 
  custom:video-codec-MediaFoundation-h265: 746d11721c4dcdbdad8f713fa42b33f4 -> 
  custom:video-decoder-ogg-theora: a1e56fd34408186e4bbccfd4996cb3dc -> 
  custom:framework-win-MediaFoundation: 216162199b28c13a410421893ffa2e32 -> 
  custom:CustomObjectIndexerAttribute: 6d391050e5a25f67b0a2c618074f2cd9 -> 
  custom:container-demuxer-webm: 4f35f7cbe854078d1ac9338744f61a02 -> 
  custom:container-muxer-webm: aa71ff27fc2769a1b78a27578f13a17b -> 
  custom:video-decoder-webm-vp8: 9c59270c3fd7afecdb556c50c9e8de78 -> 
  custom:SearchIndexIgnoredProperties: e643bd26f0fe6173181afceb89e7c659 -> 
  custom:AudioImporter_EditorPlatform: d09bf68614088b80899f8185d706f6e7 -> 
  custom:video-encoder-webm-vp8: eb34c28f22e8b96e1ab97ce403110664 -> 
  custom:audio-decoder-ogg-vorbis: bf7c407c2cedff20999df2af8eb42d56 -> 
  custom:audio-encoder-webm-vorbis: bf7c407c2cedff20999df2af8eb42d56 -> 
========================================================================
Received Import Request.
  Time since last request: 133.293428 seconds.
  path: Assets/Coin.cs
  artifactKey: Guid(4b93e31b39f257e4a8472527c3256d1b) Importer(815301076,1909f56bfc062723c751e8b465ee728b)
Start importing Assets/Coin.cs using Guid(4b93e31b39f257e4a8472527c3256d1b) Importer(815301076,1909f56bfc062723c751e8b465ee728b)  -> (artifact id: '87e1ecdeda1865bfdc7c67556db2491a') in 0.002923 seconds
Number of updated asset objects reloaded before import = 0
Number of asset objects unloaded after import = 0
========================================================================
Received Prepare
Begin MonoManager ReloadAssembly
- Loaded All Assemblies, in  0.593 seconds
Refreshing native plugins compatible for Editor in 5.49 ms, found 4 plugins.
Native extension for WindowsStandalone target not found
Native extension for Android target not found
Native extension for WebGL target not found
[Package Manager] Server::EnsureServerProcessIsRunning -- launch failed, reason: Unity was launched with the -noUpm command-line argument
[Package Manager] UpmClient::Send -- Unable to send message (not connected to UPM process).
[Package Manager] Cannot connect to Unity Package Manager local server
Mono: successfully reloaded assembly
- Finished resetting the current domain, in  1.158 seconds
Domain Reload Profiling: 1745ms
	BeginReloadAssembly (196ms)
		ExecutionOrderSort (0ms)
		DisableScriptedObjects (13ms)
		BackupInstance (0ms)
		ReleaseScriptingObjects (0ms)
		CreateAndSetChildDomain (52ms)
	RebuildCommonClasses (38ms)
	RebuildNativeTypeToScriptingClass (19ms)
	initialDomainReloadingComplete (43ms)
	LoadAllAssembliesAndSetupDomain (290ms)
		LoadAssemblies (353ms)
		RebuildTransferFunctionScriptingTraits (0ms)
		AnalyzeDomain (32ms)
			TypeCache.Refresh (11ms)
				TypeCache.ScanAssembly (0ms)
			ScanForSourceGeneratedMonoScriptInfo (13ms)
			ResolveRequiredComponents (7ms)
	FinalizeReload (1158ms)
		ReleaseScriptCaches (0ms)
		RebuildScriptCaches (0ms)
		SetupLoadedEditorAssemblies (498ms)
			LogAssemblyErrors (0ms)
			InitializePlatformSupportModulesInManaged (37ms)
			SetLoadedEditorAssemblies (5ms)
			RefreshPlugins (0ms)
			BeforeProcessingInitializeOnLoad (80ms)
			ProcessInitializeOnLoadAttributes (335ms)
			ProcessInitializeOnLoadMethodAttributes (34ms)
			AfterProcessingInitializeOnLoad (8ms)
			EditorAssembliesLoaded (0ms)
		ExecutionOrderSort2 (0ms)
		AwakeInstancesAfterBackupRestoration (14ms)
Refreshing native plugins compatible for Editor in 5.31 ms, found 4 plugins.
Preloading 0 native plugins for Editor in 0.00 ms.
Unloading 4025 Unused Serialized files (Serialized files now loaded: 0)
Unloading 42 unused Assets / (217.3 KB). Loaded Objects now: 4570.
Memory consumption went from 163.9 MB to 163.7 MB.
Total: 3.901700 ms (FindLiveObjects: 0.330100 ms CreateObjectMapping: 0.321100 ms MarkObjects: 3.060000 ms  DeleteObjects: 0.189500 ms)

Prepare: number of updated asset objects reloaded= 0
AssetImportParameters requested are different than current active one (requested -> active):
  custom:container-demuxer-ogg: 62fdf1f143b41e24485cea50d1cbac27 -> 
  custom:video-codec-MediaFoundation-h265: 746d11721c4dcdbdad8f713fa42b33f4 -> 
  custom:video-decoder-ogg-theora: a1e56fd34408186e4bbccfd4996cb3dc -> 
  custom:framework-win-MediaFoundation: 216162199b28c13a410421893ffa2e32 -> 
  custom:CustomObjectIndexerAttribute: 6d391050e5a25f67b0a2c618074f2cd9 -> 
  custom:container-demuxer-webm: 4f35f7cbe854078d1ac9338744f61a02 -> 
  custom:container-muxer-webm: aa71ff27fc2769a1b78a27578f13a17b -> 
  custom:video-decoder-webm-vp8: 9c59270c3fd7afecdb556c50c9e8de78 -> 
  custom:SearchIndexIgnoredProperties: e643bd26f0fe6173181afceb89e7c659 -> 
  custom:AudioImporter_EditorPlatform: d09bf68614088b80899f8185d706f6e7 -> 
  custom:video-encoder-webm-vp8: eb34c28f22e8b96e1ab97ce403110664 -> 
  custom:audio-decoder-ogg-vorbis: bf7c407c2cedff20999df2af8eb42d56 -> 
  custom:audio-encoder-webm-vorbis: bf7c407c2cedff20999df2af8eb42d56 -> 
========================================================================
Received Import Request.
  Time since last request: 7.335197 seconds.
  path: Assets/Coin.cs
  artifactKey: Guid(4b93e31b39f257e4a8472527c3256d1b) Importer(815301076,1909f56bfc062723c751e8b465ee728b)
Start importing Assets/Coin.cs using Guid(4b93e31b39f257e4a8472527c3256d1b) Importer(815301076,1909f56bfc062723c751e8b465ee728b)  -> (artifact id: '322f185b588bf388f2068473adcfc2cd') in 0.002393 seconds
Number of updated asset objects reloaded before import = 0
Number of asset objects unloaded after import = 0
========================================================================
Received Prepare
Begin MonoManager ReloadAssembly
- Loaded All Assemblies, in  0.571 seconds
Refreshing native plugins compatible for Editor in 6.09 ms, found 4 plugins.
Native extension for WindowsStandalone target not found
Native extension for Android target not found
Native extension for WebGL target not found
[Package Manager] Server::EnsureServerProcessIsRunning -- launch failed, reason: Unity was launched with the -noUpm command-line argument
[Package Manager] UpmClient::Send -- Unable to send message (not connected to UPM process).
[Package Manager] Cannot connect to Unity Package Manager local server
Mono: successfully reloaded assembly
- Finished resetting the current domain, in  1.169 seconds
Domain Reload Profiling: 1736ms
	BeginReloadAssembly (179ms)
		ExecutionOrderSort (0ms)
		DisableScriptedObjects (13ms)
		BackupInstance (0ms)
		ReleaseScriptingObjects (0ms)
		CreateAndSetChildDomain (41ms)
	RebuildCommonClasses (45ms)
	RebuildNativeTypeToScriptingClass (22ms)
	initialDomainReloadingComplete (36ms)
	LoadAllAssembliesAndSetupDomain (285ms)
		LoadAssemblies (338ms)
		RebuildTransferFunctionScriptingTraits (0ms)
		AnalyzeDomain (39ms)
			TypeCache.Refresh (14ms)
				TypeCache.ScanAssembly (0ms)
			ScanForSourceGeneratedMonoScriptInfo (15ms)
			ResolveRequiredComponents (9ms)
	FinalizeReload (1170ms)
		ReleaseScriptCaches (0ms)
		RebuildScriptCaches (0ms)
		SetupLoadedEditorAssemblies (497ms)
			LogAssemblyErrors (0ms)
			InitializePlatformSupportModulesInManaged (27ms)
			SetLoadedEditorAssemblies (4ms)
			RefreshPlugins (0ms)
			BeforeProcessingInitializeOnLoad (83ms)
			ProcessInitializeOnLoadAttributes (336ms)
			ProcessInitializeOnLoadMethodAttributes (40ms)
			AfterProcessingInitializeOnLoad (7ms)
			EditorAssembliesLoaded (0ms)
		ExecutionOrderSort2 (0ms)
		AwakeInstancesAfterBackupRestoration (13ms)
Refreshing native plugins compatible for Editor in 5.52 ms, found 4 plugins.
Preloading 0 native plugins for Editor in 0.00 ms.
Unloading 4024 Unused Serialized files (Serialized files now loaded: 0)
Unloading 43 unused Assets / (217.7 KB). Loaded Objects now: 4573.
Memory consumption went from 165.8 MB to 165.6 MB.
Total: 3.976800 ms (FindLiveObjects: 0.326900 ms CreateObjectMapping: 0.293800 ms MarkObjects: 3.158100 ms  DeleteObjects: 0.196800 ms)

Prepare: number of updated asset objects reloaded= 0
AssetImportParameters requested are different than current active one (requested -> active):
  custom:container-demuxer-ogg: 62fdf1f143b41e24485cea50d1cbac27 -> 
  custom:video-codec-MediaFoundation-h265: 746d11721c4dcdbdad8f713fa42b33f4 -> 
  custom:video-decoder-ogg-theora: a1e56fd34408186e4bbccfd4996cb3dc -> 
  custom:framework-win-MediaFoundation: 216162199b28c13a410421893ffa2e32 -> 
  custom:CustomObjectIndexerAttribute: 6d391050e5a25f67b0a2c618074f2cd9 -> 
  custom:container-demuxer-webm: 4f35f7cbe854078d1ac9338744f61a02 -> 
  custom:container-muxer-webm: aa71ff27fc2769a1b78a27578f13a17b -> 
  custom:video-decoder-webm-vp8: 9c59270c3fd7afecdb556c50c9e8de78 -> 
  custom:SearchIndexIgnoredProperties: e643bd26f0fe6173181afceb89e7c659 -> 
  custom:AudioImporter_EditorPlatform: d09bf68614088b80899f8185d706f6e7 -> 
  custom:video-encoder-webm-vp8: eb34c28f22e8b96e1ab97ce403110664 -> 
  custom:audio-decoder-ogg-vorbis: bf7c407c2cedff20999df2af8eb42d56 -> 
  custom:audio-encoder-webm-vorbis: bf7c407c2cedff20999df2af8eb42d56 -> 
========================================================================
Received Import Request.
  Time since last request: 17.837501 seconds.
  path: Assets/ScoreManager.cs
  artifactKey: Guid(85ed172f785269a4dbc82bfea0d67814) Importer(815301076,1909f56bfc062723c751e8b465ee728b)
Start importing Assets/ScoreManager.cs using Guid(85ed172f785269a4dbc82bfea0d67814) Importer(815301076,1909f56bfc062723c751e8b465ee728b)  -> (artifact id: '2ea350ef0e2655b9a62e0c99bfc0aa47') in 0.002476 seconds
Number of updated asset objects reloaded before import = 0
Number of asset objects unloaded after import = 0
========================================================================
Received Prepare
Begin MonoManager ReloadAssembly
- Loaded All Assemblies, in  0.583 seconds
Refreshing native plugins compatible for Editor in 5.56 ms, found 4 plugins.
Native extension for WindowsStandalone target not found
Native extension for Android target not found
Native extension for WebGL target not found
[Package Manager] Server::EnsureServerProcessIsRunning -- launch failed, reason: Unity was launched with the -noUpm command-line argument
[Package Manager] UpmClient::Send -- Unable to send message (not connected to UPM process).
[Package Manager] Cannot connect to Unity Package Manager local server
Mono: successfully reloaded assembly
- Finished resetting the current domain, in  1.195 seconds
Domain Reload Profiling: 1774ms
	BeginReloadAssembly (193ms)
		ExecutionOrderSort (0ms)
		DisableScriptedObjects (17ms)
		BackupInstance (0ms)
		ReleaseScriptingObjects (0ms)
		CreateAndSetChildDomain (44ms)
	RebuildCommonClasses (43ms)
	RebuildNativeTypeToScriptingClass (22ms)
	initialDomainReloadingComplete (37ms)
	LoadAllAssembliesAndSetupDomain (283ms)
		LoadAssemblies (348ms)
		RebuildTransferFunctionScriptingTraits (0ms)
		AnalyzeDomain (32ms)
			TypeCache.Refresh (10ms)
				TypeCache.ScanAssembly (0ms)
			ScanForSourceGeneratedMonoScriptInfo (14ms)
			ResolveRequiredComponents (6ms)
	FinalizeReload (1196ms)
		ReleaseScriptCaches (0ms)
		RebuildScriptCaches (0ms)
		SetupLoadedEditorAssemblies (547ms)
			LogAssemblyErrors (0ms)
			InitializePlatformSupportModulesInManaged (30ms)
			SetLoadedEditorAssemblies (4ms)
			RefreshPlugins (0ms)
			BeforeProcessingInitializeOnLoad (86ms)
			ProcessInitializeOnLoadAttributes (376ms)
			ProcessInitializeOnLoadMethodAttributes (43ms)
			AfterProcessingInitializeOnLoad (7ms)
			EditorAssembliesLoaded (0ms)
		ExecutionOrderSort2 (0ms)
		AwakeInstancesAfterBackupRestoration (14ms)
Refreshing native plugins compatible for Editor in 5.71 ms, found 4 plugins.
Preloading 0 native plugins for Editor in 0.00 ms.
Unloading 4025 Unused Serialized files (Serialized files now loaded: 0)
Unloading 42 unused Assets / (219.0 KB). Loaded Objects now: 4578.
Memory consumption went from 167.7 MB to 167.5 MB.
Total: 4.527500 ms (FindLiveObjects: 0.512800 ms CreateObjectMapping: 0.499200 ms MarkObjects: 3.312100 ms  DeleteObjects: 0.202300 ms)

Prepare: number of updated asset objects reloaded= 0
AssetImportParameters requested are different than current active one (requested -> active):
  custom:container-demuxer-ogg: 62fdf1f143b41e24485cea50d1cbac27 -> 
  custom:video-codec-MediaFoundation-h265: 746d11721c4dcdbdad8f713fa42b33f4 -> 
  custom:video-decoder-ogg-theora: a1e56fd34408186e4bbccfd4996cb3dc -> 
  custom:framework-win-MediaFoundation: 216162199b28c13a410421893ffa2e32 -> 
  custom:CustomObjectIndexerAttribute: 6d391050e5a25f67b0a2c618074f2cd9 -> 
  custom:container-demuxer-webm: 4f35f7cbe854078d1ac9338744f61a02 -> 
  custom:container-muxer-webm: aa71ff27fc2769a1b78a27578f13a17b -> 
  custom:video-decoder-webm-vp8: 9c59270c3fd7afecdb556c50c9e8de78 -> 
  custom:SearchIndexIgnoredProperties: e643bd26f0fe6173181afceb89e7c659 -> 
  custom:AudioImporter_EditorPlatform: d09bf68614088b80899f8185d706f6e7 -> 
  custom:video-encoder-webm-vp8: eb34c28f22e8b96e1ab97ce403110664 -> 
  custom:audio-decoder-ogg-vorbis: bf7c407c2cedff20999df2af8eb42d56 -> 
  custom:audio-encoder-webm-vorbis: bf7c407c2cedff20999df2af8eb42d56 -> 
========================================================================
Received Import Request.
  Time since last request: 6.834462 seconds.
  path: Assets/ScoreManager.cs
  artifactKey: Guid(85ed172f785269a4dbc82bfea0d67814) Importer(815301076,1909f56bfc062723c751e8b465ee728b)
Start importing Assets/ScoreManager.cs using Guid(85ed172f785269a4dbc82bfea0d67814) Importer(815301076,1909f56bfc062723c751e8b465ee728b)  -> (artifact id: '264647b1b894be76f37924b3a2ff98d6') in 0.002413 seconds
Number of updated asset objects reloaded before import = 0
Number of asset objects unloaded after import = 0
========================================================================
Received Prepare
Begin MonoManager ReloadAssembly
- Loaded All Assemblies, in  0.569 seconds
Refreshing native plugins compatible for Editor in 5.09 ms, found 4 plugins.
Native extension for WindowsStandalone target not found
Native extension for Android target not found
Native extension for WebGL target not found
[Package Manager] Server::EnsureServerProcessIsRunning -- launch failed, reason: Unity was launched with the -noUpm command-line argument
[Package Manager] UpmClient::Send -- Unable to send message (not connected to UPM process).
[Package Manager] Cannot connect to Unity Package Manager local server
Mono: successfully reloaded assembly
- Finished resetting the current domain, in  1.184 seconds
Domain Reload Profiling: 1749ms
	BeginReloadAssembly (216ms)
		ExecutionOrderSort (0ms)
		DisableScriptedObjects (13ms)
		BackupInstance (0ms)
		ReleaseScriptingObjects (0ms)
		CreateAndSetChildDomain (44ms)
	RebuildCommonClasses (39ms)
	RebuildNativeTypeToScriptingClass (14ms)
	initialDomainReloadingComplete (39ms)
	LoadAllAssembliesAndSetupDomain (257ms)
		LoadAssemblies (352ms)
		RebuildTransferFunctionScriptingTraits (0ms)
		AnalyzeDomain (29ms)
			TypeCache.Refresh (10ms)
				TypeCache.ScanAssembly (0ms)
			ScanForSourceGeneratedMonoScriptInfo (12ms)
			ResolveRequiredComponents (6ms)
	FinalizeReload (1184ms)
		ReleaseScriptCaches (0ms)
		RebuildScriptCaches (0ms)
		SetupLoadedEditorAssemblies (513ms)
			LogAssemblyErrors (0ms)
			InitializePlatformSupportModulesInManaged (29ms)
			SetLoadedEditorAssemblies (4ms)
			RefreshPlugins (0ms)
			BeforeProcessingInitializeOnLoad (89ms)
			ProcessInitializeOnLoadAttributes (336ms)
			ProcessInitializeOnLoadMethodAttributes (48ms)
			AfterProcessingInitializeOnLoad (7ms)
			EditorAssembliesLoaded (0ms)
		ExecutionOrderSort2 (0ms)
		AwakeInstancesAfterBackupRestoration (14ms)
Refreshing native plugins compatible for Editor in 5.33 ms, found 4 plugins.
Preloading 0 native plugins for Editor in 0.00 ms.
Unloading 4025 Unused Serialized files (Serialized files now loaded: 0)
Unloading 42 unused Assets / (217.1 KB). Loaded Objects now: 4582.
Memory consumption went from 169.7 MB to 169.5 MB.
Total: 3.806700 ms (FindLiveObjects: 0.368600 ms CreateObjectMapping: 0.356100 ms MarkObjects: 2.880400 ms  DeleteObjects: 0.200600 ms)

Prepare: number of updated asset objects reloaded= 0
AssetImportParameters requested are different than current active one (requested -> active):
  custom:container-demuxer-ogg: 62fdf1f143b41e24485cea50d1cbac27 -> 
  custom:video-codec-MediaFoundation-h265: 746d11721c4dcdbdad8f713fa42b33f4 -> 
  custom:video-decoder-ogg-theora: a1e56fd34408186e4bbccfd4996cb3dc -> 
  custom:framework-win-MediaFoundation: 216162199b28c13a410421893ffa2e32 -> 
  custom:CustomObjectIndexerAttribute: 6d391050e5a25f67b0a2c618074f2cd9 -> 
  custom:container-demuxer-webm: 4f35f7cbe854078d1ac9338744f61a02 -> 
  custom:container-muxer-webm: aa71ff27fc2769a1b78a27578f13a17b -> 
  custom:video-decoder-webm-vp8: 9c59270c3fd7afecdb556c50c9e8de78 -> 
  custom:SearchIndexIgnoredProperties: e643bd26f0fe6173181afceb89e7c659 -> 
  custom:AudioImporter_EditorPlatform: d09bf68614088b80899f8185d706f6e7 -> 
  custom:video-encoder-webm-vp8: eb34c28f22e8b96e1ab97ce403110664 -> 
  custom:audio-decoder-ogg-vorbis: bf7c407c2cedff20999df2af8eb42d56 -> 
  custom:audio-encoder-webm-vorbis: bf7c407c2cedff20999df2af8eb42d56 -> 
========================================================================
Received Import Request.
  Time since last request: 94.096289 seconds.
  path: Assets/Coin.cs
  artifactKey: Guid(4b93e31b39f257e4a8472527c3256d1b) Importer(815301076,1909f56bfc062723c751e8b465ee728b)
Start importing Assets/Coin.cs using Guid(4b93e31b39f257e4a8472527c3256d1b) Importer(815301076,1909f56bfc062723c751e8b465ee728b)  -> (artifact id: '71a41c8aa0ee2e47f854de3f7fd129e5') in 0.002359 seconds
Number of updated asset objects reloaded before import = 0
Number of asset objects unloaded after import = 0
========================================================================
Received Import Request.
  Time since last request: 68.194374 seconds.
  path: Assets/Coin.prefab
  artifactKey: Guid(edae4ea0ed5542c46b92809ddce1edc1) Importer(815301076,1909f56bfc062723c751e8b465ee728b)
Start importing Assets/Coin.prefab using Guid(edae4ea0ed5542c46b92809ddce1edc1) Importer(815301076,1909f56bfc062723c751e8b465ee728b)  -> (artifact id: 'a8a332790059015821b439bb43dc756b') in 0.080024 seconds
Number of updated asset objects reloaded before import = 0
Number of asset objects unloaded after import = 9
========================================================================
Received Import Request.
  Time since last request: 2.978794 seconds.
  path: Assets/ScoreController.prefab
  artifactKey: Guid(d194dc5c208c74e49a4414ef84935201) Importer(815301076,1909f56bfc062723c751e8b465ee728b)
Start importing Assets/ScoreController.prefab using Guid(d194dc5c208c74e49a4414ef84935201) Importer(815301076,1909f56bfc062723c751e8b465ee728b)  -> (artifact id: '92f679b56ff4b1ef8633b655c220e0f5') in 0.002221 seconds
Number of updated asset objects reloaded before import = 0
Number of asset objects unloaded after import = 5
========================================================================
Received Prepare
Begin MonoManager ReloadAssembly
- Loaded All Assemblies, in  0.539 seconds
Refreshing native plugins compatible for Editor in 5.66 ms, found 4 plugins.
Native extension for WindowsStandalone target not found
Native extension for Android target not found
Native extension for WebGL target not found
[Package Manager] Server::EnsureServerProcessIsRunning -- launch failed, reason: Unity was launched with the -noUpm command-line argument
[Package Manager] UpmClient::Send -- Unable to send message (not connected to UPM process).
[Package Manager] Cannot connect to Unity Package Manager local server
Mono: successfully reloaded assembly
- Finished resetting the current domain, in  1.226 seconds
Domain Reload Profiling: 1761ms
	BeginReloadAssembly (190ms)
		ExecutionOrderSort (0ms)
		DisableScriptedObjects (17ms)
		BackupInstance (0ms)
		ReleaseScriptingObjects (0ms)
		CreateAndSetChildDomain (43ms)
	RebuildCommonClasses (51ms)
	RebuildNativeTypeToScriptingClass (13ms)
	initialDomainReloadingComplete (32ms)
	LoadAllAssembliesAndSetupDomain (248ms)
		LoadAssemblies (323ms)
		RebuildTransferFunctionScriptingTraits (0ms)
		AnalyzeDomain (15ms)
			TypeCache.Refresh (7ms)
				TypeCache.ScanAssembly (0ms)
			ScanForSourceGeneratedMonoScriptInfo (0ms)
			ResolveRequiredComponents (7ms)
	FinalizeReload (1226ms)
		ReleaseScriptCaches (0ms)
		RebuildScriptCaches (0ms)
		SetupLoadedEditorAssemblies (561ms)
			LogAssemblyErrors (0ms)
			InitializePlatformSupportModulesInManaged (34ms)
			SetLoadedEditorAssemblies (4ms)
			RefreshPlugins (0ms)
			BeforeProcessingInitializeOnLoad (89ms)
			ProcessInitializeOnLoadAttributes (382ms)
			ProcessInitializeOnLoadMethodAttributes (43ms)
			AfterProcessingInitializeOnLoad (10ms)
			EditorAssembliesLoaded (0ms)
		ExecutionOrderSort2 (0ms)
		AwakeInstancesAfterBackupRestoration (16ms)
Refreshing native plugins compatible for Editor in 6.25 ms, found 4 plugins.
Preloading 0 native plugins for Editor in 0.00 ms.
Unloading 4025 Unused Serialized files (Serialized files now loaded: 0)
Unloading 42 unused Assets / (218.2 KB). Loaded Objects now: 4586.
Memory consumption went from 171.6 MB to 171.4 MB.
Total: 4.756600 ms (FindLiveObjects: 0.361200 ms CreateObjectMapping: 0.401000 ms MarkObjects: 3.775200 ms  DeleteObjects: 0.218100 ms)

Prepare: number of updated asset objects reloaded= 0
AssetImportParameters requested are different than current active one (requested -> active):
  custom:container-demuxer-ogg: 62fdf1f143b41e24485cea50d1cbac27 -> 
  custom:video-codec-MediaFoundation-h265: 746d11721c4dcdbdad8f713fa42b33f4 -> 
  custom:video-decoder-ogg-theora: a1e56fd34408186e4bbccfd4996cb3dc -> 
  custom:framework-win-MediaFoundation: 216162199b28c13a410421893ffa2e32 -> 
  custom:CustomObjectIndexerAttribute: 6d391050e5a25f67b0a2c618074f2cd9 -> 
  custom:container-demuxer-webm: 4f35f7cbe854078d1ac9338744f61a02 -> 
  custom:container-muxer-webm: aa71ff27fc2769a1b78a27578f13a17b -> 
  custom:video-decoder-webm-vp8: 9c59270c3fd7afecdb556c50c9e8de78 -> 
  custom:SearchIndexIgnoredProperties: e643bd26f0fe6173181afceb89e7c659 -> 
  custom:AudioImporter_EditorPlatform: d09bf68614088b80899f8185d706f6e7 -> 
  custom:video-encoder-webm-vp8: eb34c28f22e8b96e1ab97ce403110664 -> 
  custom:audio-decoder-ogg-vorbis: bf7c407c2cedff20999df2af8eb42d56 -> 
  custom:audio-encoder-webm-vorbis: bf7c407c2cedff20999df2af8eb42d56 -> 
========================================================================
Received Prepare
Begin MonoManager ReloadAssembly
- Loaded All Assemblies, in  0.510 seconds
Refreshing native plugins compatible for Editor in 5.39 ms, found 4 plugins.
Native extension for WindowsStandalone target not found
Native extension for Android target not found
Native extension for WebGL target not found
[Package Manager] Server::EnsureServerProcessIsRunning -- launch failed, reason: Unity was launched with the -noUpm command-line argument
[Package Manager] UpmClient::Send -- Unable to send message (not connected to UPM process).
[Package Manager] Cannot connect to Unity Package Manager local server
Mono: successfully reloaded assembly
- Finished resetting the current domain, in  1.211 seconds
Domain Reload Profiling: 1718ms
	BeginReloadAssembly (176ms)
		ExecutionOrderSort (0ms)
		DisableScriptedObjects (13ms)
		BackupInstance (0ms)
		ReleaseScriptingObjects (0ms)
		CreateAndSetChildDomain (41ms)
	RebuildCommonClasses (37ms)
	RebuildNativeTypeToScriptingClass (13ms)
	initialDomainReloadingComplete (32ms)
	LoadAllAssembliesAndSetupDomain (248ms)
		LoadAssemblies (319ms)
		RebuildTransferFunctionScriptingTraits (0ms)
		AnalyzeDomain (18ms)
			TypeCache.Refresh (9ms)
				TypeCache.ScanAssembly (0ms)
			ScanForSourceGeneratedMonoScriptInfo (0ms)
			ResolveRequiredComponents (8ms)
	FinalizeReload (1212ms)
		ReleaseScriptCaches (0ms)
		RebuildScriptCaches (0ms)
		SetupLoadedEditorAssemblies (547ms)
			LogAssemblyErrors (0ms)
			InitializePlatformSupportModulesInManaged (36ms)
			SetLoadedEditorAssemblies (6ms)
			RefreshPlugins (0ms)
			BeforeProcessingInitializeOnLoad (88ms)
			ProcessInitializeOnLoadAttributes (368ms)
			ProcessInitializeOnLoadMethodAttributes (41ms)
			AfterProcessingInitializeOnLoad (8ms)
			EditorAssembliesLoaded (0ms)
		ExecutionOrderSort2 (0ms)
		AwakeInstancesAfterBackupRestoration (18ms)
Refreshing native plugins compatible for Editor in 8.00 ms, found 4 plugins.
Preloading 0 native plugins for Editor in 0.00 ms.
Unloading 4026 Unused Serialized files (Serialized files now loaded: 0)
Unloading 42 unused Assets / (217.4 KB). Loaded Objects now: 4590.
Memory consumption went from 173.8 MB to 173.6 MB.
Total: 4.424800 ms (FindLiveObjects: 0.430100 ms CreateObjectMapping: 0.427000 ms MarkObjects: 3.358300 ms  DeleteObjects: 0.207900 ms)

Prepare: number of updated asset objects reloaded= 0
AssetImportParameters requested are different than current active one (requested -> active):
  custom:container-demuxer-ogg: 62fdf1f143b41e24485cea50d1cbac27 -> 
  custom:video-codec-MediaFoundation-h265: 746d11721c4dcdbdad8f713fa42b33f4 -> 
  custom:video-decoder-ogg-theora: a1e56fd34408186e4bbccfd4996cb3dc -> 
  custom:framework-win-MediaFoundation: 216162199b28c13a410421893ffa2e32 -> 
  custom:CustomObjectIndexerAttribute: 6d391050e5a25f67b0a2c618074f2cd9 -> 
  custom:container-demuxer-webm: 4f35f7cbe854078d1ac9338744f61a02 -> 
  custom:container-muxer-webm: aa71ff27fc2769a1b78a27578f13a17b -> 
  custom:video-decoder-webm-vp8: 9c59270c3fd7afecdb556c50c9e8de78 -> 
  custom:SearchIndexIgnoredProperties: e643bd26f0fe6173181afceb89e7c659 -> 
  custom:AudioImporter_EditorPlatform: d09bf68614088b80899f8185d706f6e7 -> 
  custom:video-encoder-webm-vp8: eb34c28f22e8b96e1ab97ce403110664 -> 
  custom:audio-decoder-ogg-vorbis: bf7c407c2cedff20999df2af8eb42d56 -> 
  custom:audio-encoder-webm-vorbis: bf7c407c2cedff20999df2af8eb42d56 -> 
========================================================================
Received Prepare
Begin MonoManager ReloadAssembly
- Loaded All Assemblies, in  0.572 seconds
Refreshing native plugins compatible for Editor in 7.79 ms, found 4 plugins.
Native extension for WindowsStandalone target not found
Native extension for Android target not found
Native extension for WebGL target not found
[Package Manager] Server::EnsureServerProcessIsRunning -- launch failed, reason: Unity was launched with the -noUpm command-line argument
[Package Manager] UpmClient::Send -- Unable to send message (not connected to UPM process).
[Package Manager] Cannot connect to Unity Package Manager local server
Mono: successfully reloaded assembly
- Finished resetting the current domain, in  1.305 seconds
Domain Reload Profiling: 1873ms
	BeginReloadAssembly (208ms)
		ExecutionOrderSort (0ms)
		DisableScriptedObjects (17ms)
		BackupInstance (0ms)
		ReleaseScriptingObjects (0ms)
		CreateAndSetChildDomain (44ms)
	RebuildCommonClasses (43ms)
	RebuildNativeTypeToScriptingClass (13ms)
	initialDomainReloadingComplete (39ms)
	LoadAllAssembliesAndSetupDomain (264ms)
		LoadAssemblies (360ms)
		RebuildTransferFunctionScriptingTraits (0ms)
		AnalyzeDomain (15ms)
			TypeCache.Refresh (7ms)
				TypeCache.ScanAssembly (0ms)
			ScanForSourceGeneratedMonoScriptInfo (0ms)
			ResolveRequiredComponents (7ms)
	FinalizeReload (1306ms)
		ReleaseScriptCaches (0ms)
		RebuildScriptCaches (0ms)
		SetupLoadedEditorAssemblies (549ms)
			LogAssemblyErrors (0ms)
			InitializePlatformSupportModulesInManaged (34ms)
			SetLoadedEditorAssemblies (6ms)
			RefreshPlugins (0ms)
			BeforeProcessingInitializeOnLoad (97ms)
			ProcessInitializeOnLoadAttributes (364ms)
			ProcessInitializeOnLoadMethodAttributes (39ms)
			AfterProcessingInitializeOnLoad (8ms)
			EditorAssembliesLoaded (0ms)
		ExecutionOrderSort2 (0ms)
		AwakeInstancesAfterBackupRestoration (15ms)
Refreshing native plugins compatible for Editor in 6.03 ms, found 4 plugins.
Preloading 0 native plugins for Editor in 0.00 ms.
Unloading 4026 Unused Serialized files (Serialized files now loaded: 0)
Unloading 42 unused Assets / (217.3 KB). Loaded Objects now: 4594.
Memory consumption went from 175.7 MB to 175.5 MB.
Total: 4.406800 ms (FindLiveObjects: 0.349400 ms CreateObjectMapping: 0.336800 ms MarkObjects: 3.476900 ms  DeleteObjects: 0.242700 ms)

Prepare: number of updated asset objects reloaded= 0
AssetImportParameters requested are different than current active one (requested -> active):
  custom:container-demuxer-ogg: 62fdf1f143b41e24485cea50d1cbac27 -> 
  custom:video-codec-MediaFoundation-h265: 746d11721c4dcdbdad8f713fa42b33f4 -> 
  custom:video-decoder-ogg-theora: a1e56fd34408186e4bbccfd4996cb3dc -> 
  custom:framework-win-MediaFoundation: 216162199b28c13a410421893ffa2e32 -> 
  custom:CustomObjectIndexerAttribute: 6d391050e5a25f67b0a2c618074f2cd9 -> 
  custom:container-demuxer-webm: 4f35f7cbe854078d1ac9338744f61a02 -> 
  custom:container-muxer-webm: aa71ff27fc2769a1b78a27578f13a17b -> 
  custom:video-decoder-webm-vp8: 9c59270c3fd7afecdb556c50c9e8de78 -> 
  custom:SearchIndexIgnoredProperties: e643bd26f0fe6173181afceb89e7c659 -> 
  custom:AudioImporter_EditorPlatform: d09bf68614088b80899f8185d706f6e7 -> 
  custom:video-encoder-webm-vp8: eb34c28f22e8b96e1ab97ce403110664 -> 
  custom:audio-decoder-ogg-vorbis: bf7c407c2cedff20999df2af8eb42d56 -> 
  custom:audio-encoder-webm-vorbis: bf7c407c2cedff20999df2af8eb42d56 -> 
========================================================================
Received Prepare
Begin MonoManager ReloadAssembly
- Loaded All Assemblies, in  0.543 seconds
Refreshing native plugins compatible for Editor in 5.12 ms, found 4 plugins.
Native extension for WindowsStandalone target not found
Native extension for Android target not found
Native extension for WebGL target not found
[Package Manager] Server::EnsureServerProcessIsRunning -- launch failed, reason: Unity was launched with the -noUpm command-line argument
[Package Manager] UpmClient::Send -- Unable to send message (not connected to UPM process).
[Package Manager] Cannot connect to Unity Package Manager local server
Mono: successfully reloaded assembly
- Finished resetting the current domain, in  1.192 seconds
Domain Reload Profiling: 1731ms
	BeginReloadAssembly (193ms)
		ExecutionOrderSort (0ms)
		DisableScriptedObjects (13ms)
		BackupInstance (0ms)
		ReleaseScriptingObjects (0ms)
		CreateAndSetChildDomain (42ms)
	RebuildCommonClasses (40ms)
	RebuildNativeTypeToScriptingClass (13ms)
	initialDomainReloadingComplete (39ms)
	LoadAllAssembliesAndSetupDomain (253ms)
		LoadAssemblies (345ms)
		RebuildTransferFunctionScriptingTraits (0ms)
		AnalyzeDomain (14ms)
			TypeCache.Refresh (6ms)
				TypeCache.ScanAssembly (0ms)
			ScanForSourceGeneratedMonoScriptInfo (0ms)
			ResolveRequiredComponents (6ms)
	FinalizeReload (1193ms)
		ReleaseScriptCaches (0ms)
		RebuildScriptCaches (0ms)
		SetupLoadedEditorAssemblies (525ms)
			LogAssemblyErrors (0ms)
			InitializePlatformSupportModulesInManaged (31ms)
			SetLoadedEditorAssemblies (4ms)
			RefreshPlugins (0ms)
			BeforeProcessingInitializeOnLoad (94ms)
			ProcessInitializeOnLoadAttributes (349ms)
			ProcessInitializeOnLoadMethodAttributes (37ms)
			AfterProcessingInitializeOnLoad (10ms)
			EditorAssembliesLoaded (0ms)
		ExecutionOrderSort2 (0ms)
		AwakeInstancesAfterBackupRestoration (17ms)
Refreshing native plugins compatible for Editor in 6.31 ms, found 4 plugins.
Preloading 0 native plugins for Editor in 0.00 ms.
Unloading 4026 Unused Serialized files (Serialized files now loaded: 0)
Unloading 42 unused Assets / (217.2 KB). Loaded Objects now: 4598.
Memory consumption went from 177.7 MB to 177.5 MB.
Total: 4.169500 ms (FindLiveObjects: 0.382900 ms CreateObjectMapping: 0.362900 ms MarkObjects: 3.192100 ms  DeleteObjects: 0.230500 ms)

Prepare: number of updated asset objects reloaded= 0
AssetImportParameters requested are different than current active one (requested -> active):
  custom:container-demuxer-ogg: 62fdf1f143b41e24485cea50d1cbac27 -> 
  custom:video-codec-MediaFoundation-h265: 746d11721c4dcdbdad8f713fa42b33f4 -> 
  custom:video-decoder-ogg-theora: a1e56fd34408186e4bbccfd4996cb3dc -> 
  custom:framework-win-MediaFoundation: 216162199b28c13a410421893ffa2e32 -> 
  custom:CustomObjectIndexerAttribute: 6d391050e5a25f67b0a2c618074f2cd9 -> 
  custom:container-demuxer-webm: 4f35f7cbe854078d1ac9338744f61a02 -> 
  custom:container-muxer-webm: aa71ff27fc2769a1b78a27578f13a17b -> 
  custom:video-decoder-webm-vp8: 9c59270c3fd7afecdb556c50c9e8de78 -> 
  custom:SearchIndexIgnoredProperties: e643bd26f0fe6173181afceb89e7c659 -> 
  custom:AudioImporter_EditorPlatform: d09bf68614088b80899f8185d706f6e7 -> 
  custom:video-encoder-webm-vp8: eb34c28f22e8b96e1ab97ce403110664 -> 
  custom:audio-decoder-ogg-vorbis: bf7c407c2cedff20999df2af8eb42d56 -> 
  custom:audio-encoder-webm-vorbis: bf7c407c2cedff20999df2af8eb42d56 -> 
========================================================================
Received Prepare
Begin MonoManager ReloadAssembly
- Loaded All Assemblies, in  0.547 seconds
Refreshing native plugins compatible for Editor in 5.44 ms, found 4 plugins.
Native extension for WindowsStandalone target not found
Native extension for Android target not found
Native extension for WebGL target not found
[Package Manager] Server::EnsureServerProcessIsRunning -- launch failed, reason: Unity was launched with the -noUpm command-line argument
[Package Manager] UpmClient::Send -- Unable to send message (not connected to UPM process).
[Package Manager] Cannot connect to Unity Package Manager local server
Mono: successfully reloaded assembly
- Finished resetting the current domain, in  1.271 seconds
Domain Reload Profiling: 1814ms
	BeginReloadAssembly (192ms)
		ExecutionOrderSort (0ms)
		DisableScriptedObjects (15ms)
		BackupInstance (0ms)
		ReleaseScriptingObjects (0ms)
		CreateAndSetChildDomain (49ms)
	RebuildCommonClasses (44ms)
	RebuildNativeTypeToScriptingClass (13ms)
	initialDomainReloadingComplete (33ms)
	LoadAllAssembliesAndSetupDomain (259ms)
		LoadAssemblies (338ms)
		RebuildTransferFunctionScriptingTraits (0ms)
		AnalyzeDomain (15ms)
			TypeCache.Refresh (7ms)
				TypeCache.ScanAssembly (0ms)
			ScanForSourceGeneratedMonoScriptInfo (0ms)
			ResolveRequiredComponents (6ms)
	FinalizeReload (1271ms)
		ReleaseScriptCaches (0ms)
		RebuildScriptCaches (0ms)
		SetupLoadedEditorAssemblies (577ms)
			LogAssemblyErrors (0ms)
			InitializePlatformSupportModulesInManaged (33ms)
			SetLoadedEditorAssemblies (5ms)
			RefreshPlugins (0ms)
			BeforeProcessingInitializeOnLoad (92ms)
			ProcessInitializeOnLoadAttributes (394ms)
			ProcessInitializeOnLoadMethodAttributes (43ms)
			AfterProcessingInitializeOnLoad (9ms)
			EditorAssembliesLoaded (0ms)
		ExecutionOrderSort2 (0ms)
		AwakeInstancesAfterBackupRestoration (18ms)
Refreshing native plugins compatible for Editor in 6.25 ms, found 4 plugins.
Preloading 0 native plugins for Editor in 0.00 ms.
Unloading 4026 Unused Serialized files (Serialized files now loaded: 0)
Unloading 42 unused Assets / (217.1 KB). Loaded Objects now: 4602.
Memory consumption went from 179.6 MB to 179.4 MB.
Total: 4.439800 ms (FindLiveObjects: 0.429000 ms CreateObjectMapping: 0.392200 ms MarkObjects: 3.286300 ms  DeleteObjects: 0.331000 ms)

Prepare: number of updated asset objects reloaded= 0
AssetImportParameters requested are different than current active one (requested -> active):
  custom:container-demuxer-ogg: 62fdf1f143b41e24485cea50d1cbac27 -> 
  custom:video-codec-MediaFoundation-h265: 746d11721c4dcdbdad8f713fa42b33f4 -> 
  custom:video-decoder-ogg-theora: a1e56fd34408186e4bbccfd4996cb3dc -> 
  custom:framework-win-MediaFoundation: 216162199b28c13a410421893ffa2e32 -> 
  custom:CustomObjectIndexerAttribute: 6d391050e5a25f67b0a2c618074f2cd9 -> 
  custom:container-demuxer-webm: 4f35f7cbe854078d1ac9338744f61a02 -> 
  custom:container-muxer-webm: aa71ff27fc2769a1b78a27578f13a17b -> 
  custom:video-decoder-webm-vp8: 9c59270c3fd7afecdb556c50c9e8de78 -> 
  custom:SearchIndexIgnoredProperties: e643bd26f0fe6173181afceb89e7c659 -> 
  custom:AudioImporter_EditorPlatform: d09bf68614088b80899f8185d706f6e7 -> 
  custom:video-encoder-webm-vp8: eb34c28f22e8b96e1ab97ce403110664 -> 
  custom:audio-decoder-ogg-vorbis: bf7c407c2cedff20999df2af8eb42d56 -> 
  custom:audio-encoder-webm-vorbis: bf7c407c2cedff20999df2af8eb42d56 -> 
========================================================================
Received Prepare
Begin MonoManager ReloadAssembly
- Loaded All Assemblies, in  0.553 seconds
Refreshing native plugins compatible for Editor in 5.09 ms, found 4 plugins.
Native extension for WindowsStandalone target not found
Native extension for Android target not found
Native extension for WebGL target not found
[Package Manager] Server::EnsureServerProcessIsRunning -- launch failed, reason: Unity was launched with the -noUpm command-line argument
[Package Manager] UpmClient::Send -- Unable to send message (not connected to UPM process).
[Package Manager] Cannot connect to Unity Package Manager local server
Mono: successfully reloaded assembly
- Finished resetting the current domain, in  1.187 seconds
Domain Reload Profiling: 1735ms
	BeginReloadAssembly (196ms)
		ExecutionOrderSort (0ms)
		DisableScriptedObjects (13ms)
		BackupInstance (0ms)
		ReleaseScriptingObjects (0ms)
		CreateAndSetChildDomain (38ms)
	RebuildCommonClasses (47ms)
	RebuildNativeTypeToScriptingClass (22ms)
	initialDomainReloadingComplete (35ms)
	LoadAllAssembliesAndSetupDomain (248ms)
		LoadAssemblies (338ms)
		RebuildTransferFunctionScriptingTraits (0ms)
		AnalyzeDomain (19ms)
			TypeCache.Refresh (8ms)
				TypeCache.ScanAssembly (0ms)
			ScanForSourceGeneratedMonoScriptInfo (0ms)
			ResolveRequiredComponents (9ms)
	FinalizeReload (1188ms)
		ReleaseScriptCaches (0ms)
		RebuildScriptCaches (0ms)
		SetupLoadedEditorAssemblies (530ms)
			LogAssemblyErrors (0ms)
			InitializePlatformSupportModulesInManaged (34ms)
			SetLoadedEditorAssemblies (6ms)
			RefreshPlugins (0ms)
			BeforeProcessingInitializeOnLoad (90ms)
			ProcessInitializeOnLoadAttributes (353ms)
			ProcessInitializeOnLoadMethodAttributes (40ms)
			AfterProcessingInitializeOnLoad (8ms)
			EditorAssembliesLoaded (0ms)
		ExecutionOrderSort2 (0ms)
		AwakeInstancesAfterBackupRestoration (16ms)
Refreshing native plugins compatible for Editor in 7.39 ms, found 4 plugins.
Preloading 0 native plugins for Editor in 0.00 ms.
Unloading 4026 Unused Serialized files (Serialized files now loaded: 0)
Unloading 42 unused Assets / (218.4 KB). Loaded Objects now: 4606.
Memory consumption went from 181.5 MB to 181.3 MB.
Total: 4.759700 ms (FindLiveObjects: 0.406700 ms CreateObjectMapping: 0.326900 ms MarkObjects: 3.811000 ms  DeleteObjects: 0.214000 ms)

Prepare: number of updated asset objects reloaded= 0
AssetImportParameters requested are different than current active one (requested -> active):
  custom:container-demuxer-ogg: 62fdf1f143b41e24485cea50d1cbac27 -> 
  custom:video-codec-MediaFoundation-h265: 746d11721c4dcdbdad8f713fa42b33f4 -> 
  custom:video-decoder-ogg-theora: a1e56fd34408186e4bbccfd4996cb3dc -> 
  custom:framework-win-MediaFoundation: 216162199b28c13a410421893ffa2e32 -> 
  custom:CustomObjectIndexerAttribute: 6d391050e5a25f67b0a2c618074f2cd9 -> 
  custom:container-demuxer-webm: 4f35f7cbe854078d1ac9338744f61a02 -> 
  custom:container-muxer-webm: aa71ff27fc2769a1b78a27578f13a17b -> 
  custom:video-decoder-webm-vp8: 9c59270c3fd7afecdb556c50c9e8de78 -> 
  custom:SearchIndexIgnoredProperties: e643bd26f0fe6173181afceb89e7c659 -> 
  custom:AudioImporter_EditorPlatform: d09bf68614088b80899f8185d706f6e7 -> 
  custom:video-encoder-webm-vp8: eb34c28f22e8b96e1ab97ce403110664 -> 
  custom:audio-decoder-ogg-vorbis: bf7c407c2cedff20999df2af8eb42d56 -> 
  custom:audio-encoder-webm-vorbis: bf7c407c2cedff20999df2af8eb42d56 -> 
========================================================================
Received Prepare
Begin MonoManager ReloadAssembly
- Loaded All Assemblies, in  0.530 seconds
Refreshing native plugins compatible for Editor in 5.49 ms, found 4 plugins.
Native extension for WindowsStandalone target not found
Native extension for Android target not found
Native extension for WebGL target not found
[Package Manager] Server::EnsureServerProcessIsRunning -- launch failed, reason: Unity was launched with the -noUpm command-line argument
[Package Manager] UpmClient::Send -- Unable to send message (not connected to UPM process).
[Package Manager] Cannot connect to Unity Package Manager local server
Mono: successfully reloaded assembly
- Finished resetting the current domain, in  1.192 seconds
Domain Reload Profiling: 1718ms
	BeginReloadAssembly (187ms)
		ExecutionOrderSort (0ms)
		DisableScriptedObjects (13ms)
		BackupInstance (0ms)
		ReleaseScriptingObjects (0ms)
		CreateAndSetChildDomain (36ms)
	RebuildCommonClasses (36ms)
	RebuildNativeTypeToScriptingClass (20ms)
	initialDomainReloadingComplete (33ms)
	LoadAllAssembliesAndSetupDomain (248ms)
		LoadAssemblies (339ms)
		RebuildTransferFunctionScriptingTraits (0ms)
		AnalyzeDomain (15ms)
			TypeCache.Refresh (7ms)
				TypeCache.ScanAssembly (0ms)
			ScanForSourceGeneratedMonoScriptInfo (0ms)
			ResolveRequiredComponents (7ms)
	FinalizeReload (1192ms)
		ReleaseScriptCaches (0ms)
		RebuildScriptCaches (0ms)
		SetupLoadedEditorAssemblies (531ms)
			LogAssemblyErrors (0ms)
			InitializePlatformSupportModulesInManaged (32ms)
			SetLoadedEditorAssemblies (4ms)
			RefreshPlugins (0ms)
			BeforeProcessingInitializeOnLoad (84ms)
			ProcessInitializeOnLoadAttributes (362ms)
			ProcessInitializeOnLoadMethodAttributes (42ms)
			AfterProcessingInitializeOnLoad (7ms)
			EditorAssembliesLoaded (0ms)
		ExecutionOrderSort2 (0ms)
		AwakeInstancesAfterBackupRestoration (17ms)
Refreshing native plugins compatible for Editor in 6.89 ms, found 4 plugins.
Preloading 0 native plugins for Editor in 0.00 ms.
Unloading 4026 Unused Serialized files (Serialized files now loaded: 0)
Unloading 42 unused Assets / (217.3 KB). Loaded Objects now: 4610.
Memory consumption went from 183.4 MB to 183.2 MB.
Total: 4.227400 ms (FindLiveObjects: 0.438600 ms CreateObjectMapping: 0.388400 ms MarkObjects: 3.066300 ms  DeleteObjects: 0.332800 ms)

Prepare: number of updated asset objects reloaded= 0
AssetImportParameters requested are different than current active one (requested -> active):
  custom:container-demuxer-ogg: 62fdf1f143b41e24485cea50d1cbac27 -> 
  custom:video-codec-MediaFoundation-h265: 746d11721c4dcdbdad8f713fa42b33f4 -> 
  custom:video-decoder-ogg-theora: a1e56fd34408186e4bbccfd4996cb3dc -> 
  custom:framework-win-MediaFoundation: 216162199b28c13a410421893ffa2e32 -> 
  custom:CustomObjectIndexerAttribute: 6d391050e5a25f67b0a2c618074f2cd9 -> 
  custom:container-demuxer-webm: 4f35f7cbe854078d1ac9338744f61a02 -> 
  custom:container-muxer-webm: aa71ff27fc2769a1b78a27578f13a17b -> 
  custom:video-decoder-webm-vp8: 9c59270c3fd7afecdb556c50c9e8de78 -> 
  custom:SearchIndexIgnoredProperties: e643bd26f0fe6173181afceb89e7c659 -> 
  custom:AudioImporter_EditorPlatform: d09bf68614088b80899f8185d706f6e7 -> 
  custom:video-encoder-webm-vp8: eb34c28f22e8b96e1ab97ce403110664 -> 
  custom:audio-decoder-ogg-vorbis: bf7c407c2cedff20999df2af8eb42d56 -> 
  custom:audio-encoder-webm-vorbis: bf7c407c2cedff20999df2af8eb42d56 -> 
========================================================================
Received Prepare
Begin MonoManager ReloadAssembly
- Loaded All Assemblies, in  0.543 seconds
Refreshing native plugins compatible for Editor in 5.39 ms, found 4 plugins.
Native extension for WindowsStandalone target not found
Native extension for Android target not found
Native extension for WebGL target not found
[Package Manager] Server::EnsureServerProcessIsRunning -- launch failed, reason: Unity was launched with the -noUpm command-line argument
[Package Manager] UpmClient::Send -- Unable to send message (not connected to UPM process).
[Package Manager] Cannot connect to Unity Package Manager local server
Mono: successfully reloaded assembly
- Finished resetting the current domain, in  1.187 seconds
Domain Reload Profiling: 1726ms
	BeginReloadAssembly (181ms)
		ExecutionOrderSort (0ms)
		DisableScriptedObjects (13ms)
		BackupInstance (0ms)
		ReleaseScriptingObjects (0ms)
		CreateAndSetChildDomain (46ms)
	RebuildCommonClasses (39ms)
	RebuildNativeTypeToScriptingClass (13ms)
	initialDomainReloadingComplete (40ms)
	LoadAllAssembliesAndSetupDomain (265ms)
		LoadAssemblies (333ms)
		RebuildTransferFunctionScriptingTraits (0ms)
		AnalyzeDomain (21ms)
			TypeCache.Refresh (9ms)
				TypeCache.ScanAssembly (0ms)
			ScanForSourceGeneratedMonoScriptInfo (0ms)
			ResolveRequiredComponents (10ms)
	FinalizeReload (1188ms)
		ReleaseScriptCaches (0ms)
		RebuildScriptCaches (0ms)
		SetupLoadedEditorAssemblies (535ms)
			LogAssemblyErrors (0ms)
			InitializePlatformSupportModulesInManaged (31ms)
			SetLoadedEditorAssemblies (5ms)
			RefreshPlugins (0ms)
			BeforeProcessingInitializeOnLoad (86ms)
			ProcessInitializeOnLoadAttributes (367ms)
			ProcessInitializeOnLoadMethodAttributes (38ms)
			AfterProcessingInitializeOnLoad (7ms)
			EditorAssembliesLoaded (0ms)
		ExecutionOrderSort2 (0ms)
		AwakeInstancesAfterBackupRestoration (16ms)
Refreshing native plugins compatible for Editor in 5.91 ms, found 4 plugins.
Preloading 0 native plugins for Editor in 0.00 ms.
Unloading 4026 Unused Serialized files (Serialized files now loaded: 0)
Unloading 42 unused Assets / (217.5 KB). Loaded Objects now: 4614.
Memory consumption went from 185.3 MB to 185.1 MB.
Total: 3.681400 ms (FindLiveObjects: 0.347800 ms CreateObjectMapping: 0.326100 ms MarkObjects: 2.803800 ms  DeleteObjects: 0.202900 ms)

Prepare: number of updated asset objects reloaded= 0
AssetImportParameters requested are different than current active one (requested -> active):
  custom:container-demuxer-ogg: 62fdf1f143b41e24485cea50d1cbac27 -> 
  custom:video-codec-MediaFoundation-h265: 746d11721c4dcdbdad8f713fa42b33f4 -> 
  custom:video-decoder-ogg-theora: a1e56fd34408186e4bbccfd4996cb3dc -> 
  custom:framework-win-MediaFoundation: 216162199b28c13a410421893ffa2e32 -> 
  custom:CustomObjectIndexerAttribute: 6d391050e5a25f67b0a2c618074f2cd9 -> 
  custom:container-demuxer-webm: 4f35f7cbe854078d1ac9338744f61a02 -> 
  custom:container-muxer-webm: aa71ff27fc2769a1b78a27578f13a17b -> 
  custom:video-decoder-webm-vp8: 9c59270c3fd7afecdb556c50c9e8de78 -> 
  custom:SearchIndexIgnoredProperties: e643bd26f0fe6173181afceb89e7c659 -> 
  custom:AudioImporter_EditorPlatform: d09bf68614088b80899f8185d706f6e7 -> 
  custom:video-encoder-webm-vp8: eb34c28f22e8b96e1ab97ce403110664 -> 
  custom:audio-decoder-ogg-vorbis: bf7c407c2cedff20999df2af8eb42d56 -> 
  custom:audio-encoder-webm-vorbis: bf7c407c2cedff20999df2af8eb42d56 -> 
========================================================================
Received Prepare
Begin MonoManager ReloadAssembly
- Loaded All Assemblies, in  0.534 seconds
Refreshing native plugins compatible for Editor in 5.57 ms, found 4 plugins.
Native extension for WindowsStandalone target not found
Native extension for Android target not found
Native extension for WebGL target not found
[Package Manager] Server::EnsureServerProcessIsRunning -- launch failed, reason: Unity was launched with the -noUpm command-line argument
[Package Manager] UpmClient::Send -- Unable to send message (not connected to UPM process).
[Package Manager] Cannot connect to Unity Package Manager local server
Mono: successfully reloaded assembly
- Finished resetting the current domain, in  1.232 seconds
Domain Reload Profiling: 1762ms
	BeginReloadAssembly (177ms)
		ExecutionOrderSort (0ms)
		DisableScriptedObjects (16ms)
		BackupInstance (0ms)
		ReleaseScriptingObjects (0ms)
		CreateAndSetChildDomain (36ms)
	RebuildCommonClasses (49ms)
	RebuildNativeTypeToScriptingClass (20ms)
	initialDomainReloadingComplete (34ms)
	LoadAllAssembliesAndSetupDomain (249ms)
		LoadAssemblies (323ms)
		RebuildTransferFunctionScriptingTraits (0ms)
		AnalyzeDomain (19ms)
			TypeCache.Refresh (7ms)
				TypeCache.ScanAssembly (0ms)
			ScanForSourceGeneratedMonoScriptInfo (0ms)
			ResolveRequiredComponents (10ms)
	FinalizeReload (1232ms)
		ReleaseScriptCaches (0ms)
		RebuildScriptCaches (0ms)
		SetupLoadedEditorAssemblies (550ms)
			LogAssemblyErrors (0ms)
			InitializePlatformSupportModulesInManaged (34ms)
			SetLoadedEditorAssemblies (4ms)
			RefreshPlugins (0ms)
			BeforeProcessingInitializeOnLoad (92ms)
			ProcessInitializeOnLoadAttributes (366ms)
			ProcessInitializeOnLoadMethodAttributes (42ms)
			AfterProcessingInitializeOnLoad (11ms)
			EditorAssembliesLoaded (0ms)
		ExecutionOrderSort2 (0ms)
		AwakeInstancesAfterBackupRestoration (18ms)
Refreshing native plugins compatible for Editor in 5.47 ms, found 4 plugins.
Preloading 0 native plugins for Editor in 0.00 ms.
Unloading 4026 Unused Serialized files (Serialized files now loaded: 0)
Unloading 42 unused Assets / (220.1 KB). Loaded Objects now: 4618.
Memory consumption went from 187.3 MB to 187.1 MB.
Total: 3.768500 ms (FindLiveObjects: 0.344100 ms CreateObjectMapping: 0.344300 ms MarkObjects: 2.868000 ms  DeleteObjects: 0.211300 ms)

Prepare: number of updated asset objects reloaded= 0
AssetImportParameters requested are different than current active one (requested -> active):
  custom:container-demuxer-ogg: 62fdf1f143b41e24485cea50d1cbac27 -> 
  custom:video-codec-MediaFoundation-h265: 746d11721c4dcdbdad8f713fa42b33f4 -> 
  custom:video-decoder-ogg-theora: a1e56fd34408186e4bbccfd4996cb3dc -> 
  custom:framework-win-MediaFoundation: 216162199b28c13a410421893ffa2e32 -> 
  custom:CustomObjectIndexerAttribute: 6d391050e5a25f67b0a2c618074f2cd9 -> 
  custom:container-demuxer-webm: 4f35f7cbe854078d1ac9338744f61a02 -> 
  custom:container-muxer-webm: aa71ff27fc2769a1b78a27578f13a17b -> 
  custom:video-decoder-webm-vp8: 9c59270c3fd7afecdb556c50c9e8de78 -> 
  custom:SearchIndexIgnoredProperties: e643bd26f0fe6173181afceb89e7c659 -> 
  custom:AudioImporter_EditorPlatform: d09bf68614088b80899f8185d706f6e7 -> 
  custom:video-encoder-webm-vp8: eb34c28f22e8b96e1ab97ce403110664 -> 
  custom:audio-decoder-ogg-vorbis: bf7c407c2cedff20999df2af8eb42d56 -> 
  custom:audio-encoder-webm-vorbis: bf7c407c2cedff20999df2af8eb42d56 -> 
========================================================================
Received Prepare
Begin MonoManager ReloadAssembly
- Loaded All Assemblies, in  0.539 seconds
Refreshing native plugins compatible for Editor in 5.47 ms, found 4 plugins.
Native extension for WindowsStandalone target not found
Native extension for Android target not found
Native extension for WebGL target not found
[Package Manager] Server::EnsureServerProcessIsRunning -- launch failed, reason: Unity was launched with the -noUpm command-line argument
[Package Manager] UpmClient::Send -- Unable to send message (not connected to UPM process).
[Package Manager] Cannot connect to Unity Package Manager local server
Mono: successfully reloaded assembly
- Finished resetting the current domain, in  1.137 seconds
Domain Reload Profiling: 1672ms
	BeginReloadAssembly (183ms)
		ExecutionOrderSort (0ms)
		DisableScriptedObjects (14ms)
		BackupInstance (0ms)
		ReleaseScriptingObjects (0ms)
		CreateAndSetChildDomain (43ms)
	RebuildCommonClasses (37ms)
	RebuildNativeTypeToScriptingClass (13ms)
	initialDomainReloadingComplete (33ms)
	LoadAllAssembliesAndSetupDomain (268ms)
		LoadAssemblies (329ms)
		RebuildTransferFunctionScriptingTraits (0ms)
		AnalyzeDomain (32ms)
			TypeCache.Refresh (11ms)
				TypeCache.ScanAssembly (0ms)
			ScanForSourceGeneratedMonoScriptInfo (13ms)
			ResolveRequiredComponents (7ms)
	FinalizeReload (1137ms)
		ReleaseScriptCaches (0ms)
		RebuildScriptCaches (0ms)
		SetupLoadedEditorAssemblies (506ms)
			LogAssemblyErrors (0ms)
			InitializePlatformSupportModulesInManaged (32ms)
			SetLoadedEditorAssemblies (4ms)
			RefreshPlugins (0ms)
			BeforeProcessingInitializeOnLoad (90ms)
			ProcessInitializeOnLoadAttributes (339ms)
			ProcessInitializeOnLoadMethodAttributes (34ms)
			AfterProcessingInitializeOnLoad (7ms)
			EditorAssembliesLoaded (0ms)
		ExecutionOrderSort2 (0ms)
		AwakeInstancesAfterBackupRestoration (13ms)
Refreshing native plugins compatible for Editor in 5.87 ms, found 4 plugins.
Preloading 0 native plugins for Editor in 0.00 ms.
Unloading 4026 Unused Serialized files (Serialized files now loaded: 0)
Unloading 42 unused Assets / (217.3 KB). Loaded Objects now: 4622.
Memory consumption went from 189.2 MB to 189.0 MB.
Total: 4.585400 ms (FindLiveObjects: 0.369600 ms CreateObjectMapping: 0.373100 ms MarkObjects: 3.611200 ms  DeleteObjects: 0.230500 ms)

Prepare: number of updated asset objects reloaded= 0
AssetImportParameters requested are different than current active one (requested -> active):
  custom:container-demuxer-ogg: 62fdf1f143b41e24485cea50d1cbac27 -> 
  custom:video-codec-MediaFoundation-h265: 746d11721c4dcdbdad8f713fa42b33f4 -> 
  custom:video-decoder-ogg-theora: a1e56fd34408186e4bbccfd4996cb3dc -> 
  custom:framework-win-MediaFoundation: 216162199b28c13a410421893ffa2e32 -> 
  custom:CustomObjectIndexerAttribute: 6d391050e5a25f67b0a2c618074f2cd9 -> 
  custom:container-demuxer-webm: 4f35f7cbe854078d1ac9338744f61a02 -> 
  custom:container-muxer-webm: aa71ff27fc2769a1b78a27578f13a17b -> 
  custom:video-decoder-webm-vp8: 9c59270c3fd7afecdb556c50c9e8de78 -> 
  custom:SearchIndexIgnoredProperties: e643bd26f0fe6173181afceb89e7c659 -> 
  custom:AudioImporter_EditorPlatform: d09bf68614088b80899f8185d706f6e7 -> 
  custom:video-encoder-webm-vp8: eb34c28f22e8b96e1ab97ce403110664 -> 
  custom:audio-decoder-ogg-vorbis: bf7c407c2cedff20999df2af8eb42d56 -> 
  custom:audio-encoder-webm-vorbis: bf7c407c2cedff20999df2af8eb42d56 -> 
========================================================================
Received Prepare
Begin MonoManager ReloadAssembly
- Loaded All Assemblies, in  0.534 seconds
Refreshing native plugins compatible for Editor in 5.71 ms, found 4 plugins.
Native extension for WindowsStandalone target not found
Native extension for Android target not found
Native extension for WebGL target not found
[Package Manager] Server::EnsureServerProcessIsRunning -- launch failed, reason: Unity was launched with the -noUpm command-line argument
[Package Manager] UpmClient::Send -- Unable to send message (not connected to UPM process).
[Package Manager] Cannot connect to Unity Package Manager local server
Mono: successfully reloaded assembly
- Finished resetting the current domain, in  1.286 seconds
Domain Reload Profiling: 1816ms
	BeginReloadAssembly (188ms)
		ExecutionOrderSort (0ms)
		DisableScriptedObjects (18ms)
		BackupInstance (0ms)
		ReleaseScriptingObjects (0ms)
		CreateAndSetChildDomain (37ms)
	RebuildCommonClasses (40ms)
	RebuildNativeTypeToScriptingClass (16ms)
	initialDomainReloadingComplete (33ms)
	LoadAllAssembliesAndSetupDomain (253ms)
		LoadAssemblies (338ms)
		RebuildTransferFunctionScriptingTraits (0ms)
		AnalyzeDomain (15ms)
			TypeCache.Refresh (7ms)
				TypeCache.ScanAssembly (0ms)
			ScanForSourceGeneratedMonoScriptInfo (0ms)
			ResolveRequiredComponents (7ms)
	FinalizeReload (1287ms)
		ReleaseScriptCaches (0ms)
		RebuildScriptCaches (0ms)
		SetupLoadedEditorAssemblies (568ms)
			LogAssemblyErrors (0ms)
			InitializePlatformSupportModulesInManaged (35ms)
			SetLoadedEditorAssemblies (4ms)
			RefreshPlugins (0ms)
			BeforeProcessingInitializeOnLoad (90ms)
			ProcessInitializeOnLoadAttributes (386ms)
			ProcessInitializeOnLoadMethodAttributes (43ms)
			AfterProcessingInitializeOnLoad (9ms)
			EditorAssembliesLoaded (0ms)
		ExecutionOrderSort2 (0ms)
		AwakeInstancesAfterBackupRestoration (18ms)
Refreshing native plugins compatible for Editor in 6.83 ms, found 4 plugins.
Preloading 0 native plugins for Editor in 0.00 ms.
Unloading 4026 Unused Serialized files (Serialized files now loaded: 0)
Unloading 42 unused Assets / (217.2 KB). Loaded Objects now: 4626.
Memory consumption went from 191.1 MB to 190.9 MB.
Total: 4.610800 ms (FindLiveObjects: 0.341600 ms CreateObjectMapping: 0.343200 ms MarkObjects: 3.597800 ms  DeleteObjects: 0.327200 ms)

Prepare: number of updated asset objects reloaded= 0
AssetImportParameters requested are different than current active one (requested -> active):
  custom:container-demuxer-ogg: 62fdf1f143b41e24485cea50d1cbac27 -> 
  custom:video-codec-MediaFoundation-h265: 746d11721c4dcdbdad8f713fa42b33f4 -> 
  custom:video-decoder-ogg-theora: a1e56fd34408186e4bbccfd4996cb3dc -> 
  custom:framework-win-MediaFoundation: 216162199b28c13a410421893ffa2e32 -> 
  custom:CustomObjectIndexerAttribute: 6d391050e5a25f67b0a2c618074f2cd9 -> 
  custom:container-demuxer-webm: 4f35f7cbe854078d1ac9338744f61a02 -> 
  custom:container-muxer-webm: aa71ff27fc2769a1b78a27578f13a17b -> 
  custom:video-decoder-webm-vp8: 9c59270c3fd7afecdb556c50c9e8de78 -> 
  custom:SearchIndexIgnoredProperties: e643bd26f0fe6173181afceb89e7c659 -> 
  custom:AudioImporter_EditorPlatform: d09bf68614088b80899f8185d706f6e7 -> 
  custom:video-encoder-webm-vp8: eb34c28f22e8b96e1ab97ce403110664 -> 
  custom:audio-decoder-ogg-vorbis: bf7c407c2cedff20999df2af8eb42d56 -> 
  custom:audio-encoder-webm-vorbis: bf7c407c2cedff20999df2af8eb42d56 -> 
========================================================================
Received Import Request.
  Time since last request: 876.023600 seconds.
  path: Assets/Coin.prefab
  artifactKey: Guid(edae4ea0ed5542c46b92809ddce1edc1) Importer(815301076,1909f56bfc062723c751e8b465ee728b)
Start importing Assets/Coin.prefab using Guid(edae4ea0ed5542c46b92809ddce1edc1) Importer(815301076,1909f56bfc062723c751e8b465ee728b)  -> (artifact id: '1c019bebcf9288d551a04a101e89f702') in 0.074649 seconds
Number of updated asset objects reloaded before import = 0
Number of asset objects unloaded after import = 9
========================================================================
Received Prepare
Begin MonoManager ReloadAssembly
- Loaded All Assemblies, in  0.568 seconds
Refreshing native plugins compatible for Editor in 6.72 ms, found 4 plugins.
Native extension for WindowsStandalone target not found
Native extension for Android target not found
Native extension for WebGL target not found
[Package Manager] Server::EnsureServerProcessIsRunning -- launch failed, reason: Unity was launched with the -noUpm command-line argument
[Package Manager] UpmClient::Send -- Unable to send message (not connected to UPM process).
[Package Manager] Cannot connect to Unity Package Manager local server
Mono: successfully reloaded assembly
- Finished resetting the current domain, in  1.186 seconds
Domain Reload Profiling: 1750ms
	BeginReloadAssembly (197ms)
		ExecutionOrderSort (0ms)
		DisableScriptedObjects (13ms)
		BackupInstance (0ms)
		ReleaseScriptingObjects (0ms)
		CreateAndSetChildDomain (43ms)
	RebuildCommonClasses (37ms)
	RebuildNativeTypeToScriptingClass (20ms)
	initialDomainReloadingComplete (33ms)
	LoadAllAssembliesAndSetupDomain (276ms)
		LoadAssemblies (352ms)
		RebuildTransferFunctionScriptingTraits (0ms)
		AnalyzeDomain (32ms)
			TypeCache.Refresh (10ms)
				TypeCache.ScanAssembly (0ms)
			ScanForSourceGeneratedMonoScriptInfo (12ms)
			ResolveRequiredComponents (7ms)
	FinalizeReload (1187ms)
		ReleaseScriptCaches (0ms)
		RebuildScriptCaches (0ms)
		SetupLoadedEditorAssemblies (503ms)
			LogAssemblyErrors (0ms)
			InitializePlatformSupportModulesInManaged (30ms)
			SetLoadedEditorAssemblies (4ms)
			RefreshPlugins (0ms)
			BeforeProcessingInitializeOnLoad (83ms)
			ProcessInitializeOnLoadAttributes (330ms)
			ProcessInitializeOnLoadMethodAttributes (43ms)
			AfterProcessingInitializeOnLoad (13ms)
			EditorAssembliesLoaded (0ms)
		ExecutionOrderSort2 (0ms)
		AwakeInstancesAfterBackupRestoration (16ms)
Refreshing native plugins compatible for Editor in 7.08 ms, found 4 plugins.
Preloading 0 native plugins for Editor in 0.00 ms.
Unloading 4025 Unused Serialized files (Serialized files now loaded: 0)
Unloading 42 unused Assets / (217.4 KB). Loaded Objects now: 4630.
Memory consumption went from 192.8 MB to 192.6 MB.
Total: 4.089800 ms (FindLiveObjects: 0.345200 ms CreateObjectMapping: 0.294000 ms MarkObjects: 3.249200 ms  DeleteObjects: 0.200300 ms)

Prepare: number of updated asset objects reloaded= 0
AssetImportParameters requested are different than current active one (requested -> active):
  custom:container-demuxer-ogg: 62fdf1f143b41e24485cea50d1cbac27 -> 
  custom:video-codec-MediaFoundation-h265: 746d11721c4dcdbdad8f713fa42b33f4 -> 
  custom:video-decoder-ogg-theora: a1e56fd34408186e4bbccfd4996cb3dc -> 
  custom:framework-win-MediaFoundation: 216162199b28c13a410421893ffa2e32 -> 
  custom:CustomObjectIndexerAttribute: 6d391050e5a25f67b0a2c618074f2cd9 -> 
  custom:container-demuxer-webm: 4f35f7cbe854078d1ac9338744f61a02 -> 
  custom:container-muxer-webm: aa71ff27fc2769a1b78a27578f13a17b -> 
  custom:video-decoder-webm-vp8: 9c59270c3fd7afecdb556c50c9e8de78 -> 
  custom:SearchIndexIgnoredProperties: e643bd26f0fe6173181afceb89e7c659 -> 
  custom:AudioImporter_EditorPlatform: d09bf68614088b80899f8185d706f6e7 -> 
  custom:video-encoder-webm-vp8: eb34c28f22e8b96e1ab97ce403110664 -> 
  custom:audio-decoder-ogg-vorbis: bf7c407c2cedff20999df2af8eb42d56 -> 
  custom:audio-encoder-webm-vorbis: bf7c407c2cedff20999df2af8eb42d56 -> 
========================================================================
Received Prepare
Begin MonoManager ReloadAssembly
- Loaded All Assemblies, in  0.515 seconds
Refreshing native plugins compatible for Editor in 6.26 ms, found 4 plugins.
Native extension for WindowsStandalone target not found
Native extension for Android target not found
Native extension for WebGL target not found
[Package Manager] Server::EnsureServerProcessIsRunning -- launch failed, reason: Unity was launched with the -noUpm command-line argument
[Package Manager] UpmClient::Send -- Unable to send message (not connected to UPM process).
[Package Manager] Cannot connect to Unity Package Manager local server
Mono: successfully reloaded assembly
- Finished resetting the current domain, in  1.184 seconds
Domain Reload Profiling: 1695ms
	BeginReloadAssembly (173ms)
		ExecutionOrderSort (0ms)
		DisableScriptedObjects (13ms)
		BackupInstance (0ms)
		ReleaseScriptingObjects (0ms)
		CreateAndSetChildDomain (33ms)
	RebuildCommonClasses (44ms)
	RebuildNativeTypeToScriptingClass (14ms)
	initialDomainReloadingComplete (34ms)
	LoadAllAssembliesAndSetupDomain (247ms)
		LoadAssemblies (325ms)
		RebuildTransferFunctionScriptingTraits (0ms)
		AnalyzeDomain (15ms)
			TypeCache.Refresh (7ms)
				TypeCache.ScanAssembly (0ms)
			ScanForSourceGeneratedMonoScriptInfo (0ms)
			ResolveRequiredComponents (7ms)
	FinalizeReload (1184ms)
		ReleaseScriptCaches (0ms)
		RebuildScriptCaches (0ms)
		SetupLoadedEditorAssemblies (514ms)
			LogAssemblyErrors (0ms)
			InitializePlatformSupportModulesInManaged (30ms)
			SetLoadedEditorAssemblies (4ms)
			RefreshPlugins (0ms)
			BeforeProcessingInitializeOnLoad (86ms)
			ProcessInitializeOnLoadAttributes (347ms)
			ProcessInitializeOnLoadMethodAttributes (38ms)
			AfterProcessingInitializeOnLoad (8ms)
			EditorAssembliesLoaded (0ms)
		ExecutionOrderSort2 (0ms)
		AwakeInstancesAfterBackupRestoration (14ms)
Refreshing native plugins compatible for Editor in 7.49 ms, found 4 plugins.
Preloading 0 native plugins for Editor in 0.00 ms.
Unloading 4026 Unused Serialized files (Serialized files now loaded: 0)
Unloading 42 unused Assets / (217.3 KB). Loaded Objects now: 4634.
Memory consumption went from 195.0 MB to 194.8 MB.
Total: 4.173100 ms (FindLiveObjects: 0.471200 ms CreateObjectMapping: 0.414100 ms MarkObjects: 3.009300 ms  DeleteObjects: 0.277500 ms)

Prepare: number of updated asset objects reloaded= 0
AssetImportParameters requested are different than current active one (requested -> active):
  custom:container-demuxer-ogg: 62fdf1f143b41e24485cea50d1cbac27 -> 
  custom:video-codec-MediaFoundation-h265: 746d11721c4dcdbdad8f713fa42b33f4 -> 
  custom:video-decoder-ogg-theora: a1e56fd34408186e4bbccfd4996cb3dc -> 
  custom:framework-win-MediaFoundation: 216162199b28c13a410421893ffa2e32 -> 
  custom:CustomObjectIndexerAttribute: 6d391050e5a25f67b0a2c618074f2cd9 -> 
  custom:container-demuxer-webm: 4f35f7cbe854078d1ac9338744f61a02 -> 
  custom:container-muxer-webm: aa71ff27fc2769a1b78a27578f13a17b -> 
  custom:video-decoder-webm-vp8: 9c59270c3fd7afecdb556c50c9e8de78 -> 
  custom:SearchIndexIgnoredProperties: e643bd26f0fe6173181afceb89e7c659 -> 
  custom:AudioImporter_EditorPlatform: d09bf68614088b80899f8185d706f6e7 -> 
  custom:video-encoder-webm-vp8: eb34c28f22e8b96e1ab97ce403110664 -> 
  custom:audio-decoder-ogg-vorbis: bf7c407c2cedff20999df2af8eb42d56 -> 
  custom:audio-encoder-webm-vorbis: bf7c407c2cedff20999df2af8eb42d56 -> 
========================================================================
Received Prepare
Begin MonoManager ReloadAssembly
- Loaded All Assemblies, in  0.513 seconds
Refreshing native plugins compatible for Editor in 5.67 ms, found 4 plugins.
Native extension for WindowsStandalone target not found
Native extension for Android target not found
Native extension for WebGL target not found
[Package Manager] Server::EnsureServerProcessIsRunning -- launch failed, reason: Unity was launched with the -noUpm command-line argument
[Package Manager] UpmClient::Send -- Unable to send message (not connected to UPM process).
[Package Manager] Cannot connect to Unity Package Manager local server
Mono: successfully reloaded assembly
- Finished resetting the current domain, in  1.340 seconds
Domain Reload Profiling: 1849ms
	BeginReloadAssembly (172ms)
		ExecutionOrderSort (0ms)
		DisableScriptedObjects (14ms)
		BackupInstance (0ms)
		ReleaseScriptingObjects (0ms)
		CreateAndSetChildDomain (36ms)
	RebuildCommonClasses (37ms)
	RebuildNativeTypeToScriptingClass (13ms)
	initialDomainReloadingComplete (43ms)
	LoadAllAssembliesAndSetupDomain (244ms)
		LoadAssemblies (316ms)
		RebuildTransferFunctionScriptingTraits (0ms)
		AnalyzeDomain (16ms)
			TypeCache.Refresh (7ms)
				TypeCache.ScanAssembly (0ms)
			ScanForSourceGeneratedMonoScriptInfo (0ms)
			ResolveRequiredComponents (7ms)
	FinalizeReload (1341ms)
		ReleaseScriptCaches (0ms)
		RebuildScriptCaches (0ms)
		SetupLoadedEditorAssemblies (578ms)
			LogAssemblyErrors (0ms)
			InitializePlatformSupportModulesInManaged (38ms)
			SetLoadedEditorAssemblies (5ms)
			RefreshPlugins (0ms)
			BeforeProcessingInitializeOnLoad (102ms)
			ProcessInitializeOnLoadAttributes (381ms)
			ProcessInitializeOnLoadMethodAttributes (43ms)
			AfterProcessingInitializeOnLoad (9ms)
			EditorAssembliesLoaded (0ms)
		ExecutionOrderSort2 (0ms)
		AwakeInstancesAfterBackupRestoration (16ms)
Refreshing native plugins compatible for Editor in 7.53 ms, found 4 plugins.
Preloading 0 native plugins for Editor in 0.00 ms.
Unloading 4026 Unused Serialized files (Serialized files now loaded: 0)
Unloading 42 unused Assets / (217.6 KB). Loaded Objects now: 4638.
Memory consumption went from 196.9 MB to 196.7 MB.
Total: 5.115300 ms (FindLiveObjects: 0.658100 ms CreateObjectMapping: 0.481600 ms MarkObjects: 3.738900 ms  DeleteObjects: 0.235400 ms)

Prepare: number of updated asset objects reloaded= 0
AssetImportParameters requested are different than current active one (requested -> active):
  custom:container-demuxer-ogg: 62fdf1f143b41e24485cea50d1cbac27 -> 
  custom:video-codec-MediaFoundation-h265: 746d11721c4dcdbdad8f713fa42b33f4 -> 
  custom:video-decoder-ogg-theora: a1e56fd34408186e4bbccfd4996cb3dc -> 
  custom:framework-win-MediaFoundation: 216162199b28c13a410421893ffa2e32 -> 
  custom:CustomObjectIndexerAttribute: 6d391050e5a25f67b0a2c618074f2cd9 -> 
  custom:container-demuxer-webm: 4f35f7cbe854078d1ac9338744f61a02 -> 
  custom:container-muxer-webm: aa71ff27fc2769a1b78a27578f13a17b -> 
  custom:video-decoder-webm-vp8: 9c59270c3fd7afecdb556c50c9e8de78 -> 
  custom:SearchIndexIgnoredProperties: e643bd26f0fe6173181afceb89e7c659 -> 
  custom:AudioImporter_EditorPlatform: d09bf68614088b80899f8185d706f6e7 -> 
  custom:video-encoder-webm-vp8: eb34c28f22e8b96e1ab97ce403110664 -> 
  custom:audio-decoder-ogg-vorbis: bf7c407c2cedff20999df2af8eb42d56 -> 
  custom:audio-encoder-webm-vorbis: bf7c407c2cedff20999df2af8eb42d56 -> 
========================================================================
Received Prepare
Begin MonoManager ReloadAssembly
- Loaded All Assemblies, in  0.518 seconds
Refreshing native plugins compatible for Editor in 5.50 ms, found 4 plugins.
Native extension for WindowsStandalone target not found
Native extension for Android target not found
Native extension for WebGL target not found
[Package Manager] Server::EnsureServerProcessIsRunning -- launch failed, reason: Unity was launched with the -noUpm command-line argument
[Package Manager] UpmClient::Send -- Unable to send message (not connected to UPM process).
[Package Manager] Cannot connect to Unity Package Manager local server
Mono: successfully reloaded assembly
- Finished resetting the current domain, in  1.250 seconds
Domain Reload Profiling: 1765ms
	BeginReloadAssembly (178ms)
		ExecutionOrderSort (0ms)
		DisableScriptedObjects (13ms)
		BackupInstance (0ms)
		ReleaseScriptingObjects (0ms)
		CreateAndSetChildDomain (37ms)
	RebuildCommonClasses (36ms)
	RebuildNativeTypeToScriptingClass (14ms)
	initialDomainReloadingComplete (34ms)
	LoadAllAssembliesAndSetupDomain (252ms)
		LoadAssemblies (328ms)
		RebuildTransferFunctionScriptingTraits (0ms)
		AnalyzeDomain (15ms)
			TypeCache.Refresh (7ms)
				TypeCache.ScanAssembly (0ms)
			ScanForSourceGeneratedMonoScriptInfo (0ms)
			ResolveRequiredComponents (7ms)
	FinalizeReload (1251ms)
		ReleaseScriptCaches (0ms)
		RebuildScriptCaches (0ms)
		SetupLoadedEditorAssemblies (572ms)
			LogAssemblyErrors (0ms)
			InitializePlatformSupportModulesInManaged (35ms)
			SetLoadedEditorAssemblies (6ms)
			RefreshPlugins (0ms)
			BeforeProcessingInitializeOnLoad (91ms)
			ProcessInitializeOnLoadAttributes (388ms)
			ProcessInitializeOnLoadMethodAttributes (43ms)
			AfterProcessingInitializeOnLoad (9ms)
			EditorAssembliesLoaded (0ms)
		ExecutionOrderSort2 (0ms)
		AwakeInstancesAfterBackupRestoration (16ms)
Refreshing native plugins compatible for Editor in 7.07 ms, found 4 plugins.
Preloading 0 native plugins for Editor in 0.00 ms.
Unloading 4026 Unused Serialized files (Serialized files now loaded: 0)
Unloading 42 unused Assets / (217.4 KB). Loaded Objects now: 4642.
Memory consumption went from 198.8 MB to 198.6 MB.
Total: 5.471400 ms (FindLiveObjects: 0.533000 ms CreateObjectMapping: 0.450400 ms MarkObjects: 4.170900 ms  DeleteObjects: 0.315800 ms)

Prepare: number of updated asset objects reloaded= 0
AssetImportParameters requested are different than current active one (requested -> active):
  custom:container-demuxer-ogg: 62fdf1f143b41e24485cea50d1cbac27 -> 
  custom:video-codec-MediaFoundation-h265: 746d11721c4dcdbdad8f713fa42b33f4 -> 
  custom:video-decoder-ogg-theora: a1e56fd34408186e4bbccfd4996cb3dc -> 
  custom:framework-win-MediaFoundation: 216162199b28c13a410421893ffa2e32 -> 
  custom:CustomObjectIndexerAttribute: 6d391050e5a25f67b0a2c618074f2cd9 -> 
  custom:container-demuxer-webm: 4f35f7cbe854078d1ac9338744f61a02 -> 
  custom:container-muxer-webm: aa71ff27fc2769a1b78a27578f13a17b -> 
  custom:video-decoder-webm-vp8: 9c59270c3fd7afecdb556c50c9e8de78 -> 
  custom:SearchIndexIgnoredProperties: e643bd26f0fe6173181afceb89e7c659 -> 
  custom:AudioImporter_EditorPlatform: d09bf68614088b80899f8185d706f6e7 -> 
  custom:video-encoder-webm-vp8: eb34c28f22e8b96e1ab97ce403110664 -> 
  custom:audio-decoder-ogg-vorbis: bf7c407c2cedff20999df2af8eb42d56 -> 
  custom:audio-encoder-webm-vorbis: bf7c407c2cedff20999df2af8eb42d56 -> 
========================================================================
Received Prepare
Begin MonoManager ReloadAssembly
- Loaded All Assemblies, in  0.540 seconds
Refreshing native plugins compatible for Editor in 5.65 ms, found 4 plugins.
Native extension for WindowsStandalone target not found
Native extension for Android target not found
Native extension for WebGL target not found
[Package Manager] Server::EnsureServerProcessIsRunning -- launch failed, reason: Unity was launched with the -noUpm command-line argument
[Package Manager] UpmClient::Send -- Unable to send message (not connected to UPM process).
[Package Manager] Cannot connect to Unity Package Manager local server
Mono: successfully reloaded assembly
- Finished resetting the current domain, in  1.152 seconds
Domain Reload Profiling: 1688ms
	BeginReloadAssembly (183ms)
		ExecutionOrderSort (0ms)
		DisableScriptedObjects (13ms)
		BackupInstance (0ms)
		ReleaseScriptingObjects (0ms)
		CreateAndSetChildDomain (44ms)
	RebuildCommonClasses (37ms)
	RebuildNativeTypeToScriptingClass (13ms)
	initialDomainReloadingComplete (33ms)
	LoadAllAssembliesAndSetupDomain (269ms)
		LoadAssemblies (347ms)
		RebuildTransferFunctionScriptingTraits (0ms)
		AnalyzeDomain (15ms)
			TypeCache.Refresh (7ms)
				TypeCache.ScanAssembly (0ms)
			ScanForSourceGeneratedMonoScriptInfo (0ms)
			ResolveRequiredComponents (6ms)
	FinalizeReload (1153ms)
		ReleaseScriptCaches (0ms)
		RebuildScriptCaches (0ms)
		SetupLoadedEditorAssemblies (499ms)
			LogAssemblyErrors (0ms)
			InitializePlatformSupportModulesInManaged (28ms)
			SetLoadedEditorAssemblies (4ms)
			RefreshPlugins (0ms)
			BeforeProcessingInitializeOnLoad (78ms)
			ProcessInitializeOnLoadAttributes (348ms)
			ProcessInitializeOnLoadMethodAttributes (33ms)
			AfterProcessingInitializeOnLoad (8ms)
			EditorAssembliesLoaded (0ms)
		ExecutionOrderSort2 (0ms)
		AwakeInstancesAfterBackupRestoration (13ms)
Refreshing native plugins compatible for Editor in 5.80 ms, found 4 plugins.
Preloading 0 native plugins for Editor in 0.00 ms.
Unloading 4026 Unused Serialized files (Serialized files now loaded: 0)
Unloading 42 unused Assets / (217.6 KB). Loaded Objects now: 4646.
Memory consumption went from 200.7 MB to 200.5 MB.
Total: 4.018200 ms (FindLiveObjects: 0.433400 ms CreateObjectMapping: 0.351700 ms MarkObjects: 3.013900 ms  DeleteObjects: 0.217900 ms)

Prepare: number of updated asset objects reloaded= 0
AssetImportParameters requested are different than current active one (requested -> active):
  custom:container-demuxer-ogg: 62fdf1f143b41e24485cea50d1cbac27 -> 
  custom:video-codec-MediaFoundation-h265: 746d11721c4dcdbdad8f713fa42b33f4 -> 
  custom:video-decoder-ogg-theora: a1e56fd34408186e4bbccfd4996cb3dc -> 
  custom:framework-win-MediaFoundation: 216162199b28c13a410421893ffa2e32 -> 
  custom:CustomObjectIndexerAttribute: 6d391050e5a25f67b0a2c618074f2cd9 -> 
  custom:container-demuxer-webm: 4f35f7cbe854078d1ac9338744f61a02 -> 
  custom:container-muxer-webm: aa71ff27fc2769a1b78a27578f13a17b -> 
  custom:video-decoder-webm-vp8: 9c59270c3fd7afecdb556c50c9e8de78 -> 
  custom:SearchIndexIgnoredProperties: e643bd26f0fe6173181afceb89e7c659 -> 
  custom:AudioImporter_EditorPlatform: d09bf68614088b80899f8185d706f6e7 -> 
  custom:video-encoder-webm-vp8: eb34c28f22e8b96e1ab97ce403110664 -> 
  custom:audio-decoder-ogg-vorbis: bf7c407c2cedff20999df2af8eb42d56 -> 
  custom:audio-encoder-webm-vorbis: bf7c407c2cedff20999df2af8eb42d56 -> 
========================================================================
Received Prepare
Begin MonoManager ReloadAssembly
- Loaded All Assemblies, in  0.562 seconds
Refreshing native plugins compatible for Editor in 6.37 ms, found 4 plugins.
Native extension for WindowsStandalone target not found
Native extension for Android target not found
Native extension for WebGL target not found
[Package Manager] Server::EnsureServerProcessIsRunning -- launch failed, reason: Unity was launched with the -noUpm command-line argument
[Package Manager] UpmClient::Send -- Unable to send message (not connected to UPM process).
[Package Manager] Cannot connect to Unity Package Manager local server
Mono: successfully reloaded assembly
- Finished resetting the current domain, in  1.417 seconds
Domain Reload Profiling: 1976ms
	BeginReloadAssembly (199ms)
		ExecutionOrderSort (0ms)
		DisableScriptedObjects (16ms)
		BackupInstance (0ms)
		ReleaseScriptingObjects (0ms)
		CreateAndSetChildDomain (42ms)
	RebuildCommonClasses (36ms)
	RebuildNativeTypeToScriptingClass (13ms)
	initialDomainReloadingComplete (34ms)
	LoadAllAssembliesAndSetupDomain (276ms)
		LoadAssemblies (358ms)
		RebuildTransferFunctionScriptingTraits (0ms)
		AnalyzeDomain (19ms)
			TypeCache.Refresh (8ms)
				TypeCache.ScanAssembly (0ms)
			ScanForSourceGeneratedMonoScriptInfo (0ms)
			ResolveRequiredComponents (9ms)
	FinalizeReload (1418ms)
		ReleaseScriptCaches (0ms)
		RebuildScriptCaches (0ms)
		SetupLoadedEditorAssemblies (581ms)
			LogAssemblyErrors (0ms)
			InitializePlatformSupportModulesInManaged (35ms)
			SetLoadedEditorAssemblies (4ms)
			RefreshPlugins (0ms)
			BeforeProcessingInitializeOnLoad (95ms)
			ProcessInitializeOnLoadAttributes (391ms)
			ProcessInitializeOnLoadMethodAttributes (45ms)
			AfterProcessingInitializeOnLoad (11ms)
			EditorAssembliesLoaded (0ms)
		ExecutionOrderSort2 (0ms)
		AwakeInstancesAfterBackupRestoration (19ms)
Refreshing native plugins compatible for Editor in 6.35 ms, found 4 plugins.
Preloading 0 native plugins for Editor in 0.00 ms.
Unloading 4026 Unused Serialized files (Serialized files now loaded: 0)
Unloading 42 unused Assets / (217.3 KB). Loaded Objects now: 4650.
Memory consumption went from 202.7 MB to 202.4 MB.
Total: 4.314800 ms (FindLiveObjects: 0.360300 ms CreateObjectMapping: 0.361300 ms MarkObjects: 3.286400 ms  DeleteObjects: 0.305800 ms)

Prepare: number of updated asset objects reloaded= 0
AssetImportParameters requested are different than current active one (requested -> active):
  custom:container-demuxer-ogg: 62fdf1f143b41e24485cea50d1cbac27 -> 
  custom:video-codec-MediaFoundation-h265: 746d11721c4dcdbdad8f713fa42b33f4 -> 
  custom:video-decoder-ogg-theora: a1e56fd34408186e4bbccfd4996cb3dc -> 
  custom:framework-win-MediaFoundation: 216162199b28c13a410421893ffa2e32 -> 
  custom:CustomObjectIndexerAttribute: 6d391050e5a25f67b0a2c618074f2cd9 -> 
  custom:container-demuxer-webm: 4f35f7cbe854078d1ac9338744f61a02 -> 
  custom:container-muxer-webm: aa71ff27fc2769a1b78a27578f13a17b -> 
  custom:video-decoder-webm-vp8: 9c59270c3fd7afecdb556c50c9e8de78 -> 
  custom:SearchIndexIgnoredProperties: e643bd26f0fe6173181afceb89e7c659 -> 
  custom:AudioImporter_EditorPlatform: d09bf68614088b80899f8185d706f6e7 -> 
  custom:video-encoder-webm-vp8: eb34c28f22e8b96e1ab97ce403110664 -> 
  custom:audio-decoder-ogg-vorbis: bf7c407c2cedff20999df2af8eb42d56 -> 
  custom:audio-encoder-webm-vorbis: bf7c407c2cedff20999df2af8eb42d56 -> 
========================================================================
Received Import Request.
  Time since last request: 743.666324 seconds.
  path: Assets/NextSceneUI.cs
  artifactKey: Guid(3959ed1c3a618e344b880f8bc607dd77) Importer(815301076,1909f56bfc062723c751e8b465ee728b)
Start importing Assets/NextSceneUI.cs using Guid(3959ed1c3a618e344b880f8bc607dd77) Importer(815301076,1909f56bfc062723c751e8b465ee728b)  -> (artifact id: 'fc83da1449bf85b142cfdeb4fb7dbac5') in 0.002342 seconds
Number of updated asset objects reloaded before import = 0
Number of asset objects unloaded after import = 0
========================================================================
Received Prepare
Begin MonoManager ReloadAssembly
- Loaded All Assemblies, in  0.666 seconds
Refreshing native plugins compatible for Editor in 5.65 ms, found 4 plugins.
Native extension for WindowsStandalone target not found
Native extension for Android target not found
Native extension for WebGL target not found
[Package Manager] Server::EnsureServerProcessIsRunning -- launch failed, reason: Unity was launched with the -noUpm command-line argument
[Package Manager] UpmClient::Send -- Unable to send message (not connected to UPM process).
[Package Manager] Cannot connect to Unity Package Manager local server
Mono: successfully reloaded assembly
- Finished resetting the current domain, in  1.149 seconds
Domain Reload Profiling: 1809ms
	BeginReloadAssembly (193ms)
		ExecutionOrderSort (0ms)
		DisableScriptedObjects (13ms)
		BackupInstance (0ms)
		ReleaseScriptingObjects (0ms)
		CreateAndSetChildDomain (43ms)
	RebuildCommonClasses (53ms)
	RebuildNativeTypeToScriptingClass (22ms)
	initialDomainReloadingComplete (51ms)
	LoadAllAssembliesAndSetupDomain (340ms)
		LoadAssemblies (406ms)
		RebuildTransferFunctionScriptingTraits (0ms)
		AnalyzeDomain (34ms)
			TypeCache.Refresh (12ms)
				TypeCache.ScanAssembly (0ms)
			ScanForSourceGeneratedMonoScriptInfo (13ms)
			ResolveRequiredComponents (7ms)
	FinalizeReload (1150ms)
		ReleaseScriptCaches (0ms)
		RebuildScriptCaches (0ms)
		SetupLoadedEditorAssemblies (514ms)
			LogAssemblyErrors (0ms)
			InitializePlatformSupportModulesInManaged (31ms)
			SetLoadedEditorAssemblies (4ms)
			RefreshPlugins (0ms)
			BeforeProcessingInitializeOnLoad (79ms)
			ProcessInitializeOnLoadAttributes (346ms)
			ProcessInitializeOnLoadMethodAttributes (43ms)
			AfterProcessingInitializeOnLoad (11ms)
			EditorAssembliesLoaded (0ms)
		ExecutionOrderSort2 (0ms)
		AwakeInstancesAfterBackupRestoration (14ms)
Refreshing native plugins compatible for Editor in 6.20 ms, found 4 plugins.
Preloading 0 native plugins for Editor in 0.00 ms.
Unloading 4026 Unused Serialized files (Serialized files now loaded: 0)
Unloading 42 unused Assets / (217.4 KB). Loaded Objects now: 4655.
Memory consumption went from 204.3 MB to 204.1 MB.
Total: 3.872000 ms (FindLiveObjects: 0.353500 ms CreateObjectMapping: 0.316200 ms MarkObjects: 2.981700 ms  DeleteObjects: 0.219600 ms)

Prepare: number of updated asset objects reloaded= 0
AssetImportParameters requested are different than current active one (requested -> active):
  custom:container-demuxer-ogg: 62fdf1f143b41e24485cea50d1cbac27 -> 
  custom:video-codec-MediaFoundation-h265: 746d11721c4dcdbdad8f713fa42b33f4 -> 
  custom:video-decoder-ogg-theora: a1e56fd34408186e4bbccfd4996cb3dc -> 
  custom:framework-win-MediaFoundation: 216162199b28c13a410421893ffa2e32 -> 
  custom:CustomObjectIndexerAttribute: 6d391050e5a25f67b0a2c618074f2cd9 -> 
  custom:container-demuxer-webm: 4f35f7cbe854078d1ac9338744f61a02 -> 
  custom:container-muxer-webm: aa71ff27fc2769a1b78a27578f13a17b -> 
  custom:video-decoder-webm-vp8: 9c59270c3fd7afecdb556c50c9e8de78 -> 
  custom:SearchIndexIgnoredProperties: e643bd26f0fe6173181afceb89e7c659 -> 
  custom:AudioImporter_EditorPlatform: d09bf68614088b80899f8185d706f6e7 -> 
  custom:video-encoder-webm-vp8: eb34c28f22e8b96e1ab97ce403110664 -> 
  custom:audio-decoder-ogg-vorbis: bf7c407c2cedff20999df2af8eb42d56 -> 
  custom:audio-encoder-webm-vorbis: bf7c407c2cedff20999df2af8eb42d56 -> 
========================================================================
Received Import Request.
  Time since last request: 8.337925 seconds.
  path: Assets/NextSceneUI.cs
  artifactKey: Guid(3959ed1c3a618e344b880f8bc607dd77) Importer(815301076,1909f56bfc062723c751e8b465ee728b)
Start importing Assets/NextSceneUI.cs using Guid(3959ed1c3a618e344b880f8bc607dd77) Importer(815301076,1909f56bfc062723c751e8b465ee728b)  -> (artifact id: '863bcc91b9e84d1dc50a0cd8820da5e2') in 0.002400 seconds
Number of updated asset objects reloaded before import = 0
Number of asset objects unloaded after import = 0
========================================================================
Received Import Request.
  Time since last request: 6.938347 seconds.
  path: Assets/NextSceneUI.cs
  artifactKey: Guid(3959ed1c3a618e344b880f8bc607dd77) Importer(815301076,1909f56bfc062723c751e8b465ee728b)
Start importing Assets/NextSceneUI.cs using Guid(3959ed1c3a618e344b880f8bc607dd77) Importer(815301076,1909f56bfc062723c751e8b465ee728b)  -> (artifact id: '5feac88caf553434c12134389fa46fb5') in 0.001581 seconds
Number of updated asset objects reloaded before import = 0
Number of asset objects unloaded after import = 0
========================================================================
Received Prepare
Begin MonoManager ReloadAssembly
- Loaded All Assemblies, in  0.568 seconds
Refreshing native plugins compatible for Editor in 6.76 ms, found 4 plugins.
Native extension for WindowsStandalone target not found
Native extension for Android target not found
Native extension for WebGL target not found
[Package Manager] Server::EnsureServerProcessIsRunning -- launch failed, reason: Unity was launched with the -noUpm command-line argument
[Package Manager] UpmClient::Send -- Unable to send message (not connected to UPM process).
[Package Manager] Cannot connect to Unity Package Manager local server
Mono: successfully reloaded assembly
- Finished resetting the current domain, in  1.168 seconds
Domain Reload Profiling: 1732ms
	BeginReloadAssembly (195ms)
		ExecutionOrderSort (0ms)
		DisableScriptedObjects (13ms)
		BackupInstance (0ms)
		ReleaseScriptingObjects (0ms)
		CreateAndSetChildDomain (44ms)
	RebuildCommonClasses (37ms)
	RebuildNativeTypeToScriptingClass (13ms)
	initialDomainReloadingComplete (33ms)
	LoadAllAssembliesAndSetupDomain (285ms)
		LoadAssemblies (349ms)
		RebuildTransferFunctionScriptingTraits (0ms)
		AnalyzeDomain (40ms)
			TypeCache.Refresh (15ms)
				TypeCache.ScanAssembly (1ms)
			ScanForSourceGeneratedMonoScriptInfo (16ms)
			ResolveRequiredComponents (8ms)
	FinalizeReload (1169ms)
		ReleaseScriptCaches (0ms)
		RebuildScriptCaches (0ms)
		SetupLoadedEditorAssemblies (490ms)
			LogAssemblyErrors (0ms)
			InitializePlatformSupportModulesInManaged (28ms)
			SetLoadedEditorAssemblies (4ms)
			RefreshPlugins (0ms)
			BeforeProcessingInitializeOnLoad (89ms)
			ProcessInitializeOnLoadAttributes (328ms)
			ProcessInitializeOnLoadMethodAttributes (34ms)
			AfterProcessingInitializeOnLoad (7ms)
			EditorAssembliesLoaded (0ms)
		ExecutionOrderSort2 (0ms)
		AwakeInstancesAfterBackupRestoration (19ms)
Refreshing native plugins compatible for Editor in 6.90 ms, found 4 plugins.
Preloading 0 native plugins for Editor in 0.00 ms.
Unloading 4026 Unused Serialized files (Serialized files now loaded: 0)
Unloading 42 unused Assets / (217.5 KB). Loaded Objects now: 4659.
Memory consumption went from 206.3 MB to 206.0 MB.
Total: 4.064700 ms (FindLiveObjects: 0.342500 ms CreateObjectMapping: 0.278300 ms MarkObjects: 3.238500 ms  DeleteObjects: 0.204400 ms)

Prepare: number of updated asset objects reloaded= 0
AssetImportParameters requested are different than current active one (requested -> active):
  custom:container-demuxer-ogg: 62fdf1f143b41e24485cea50d1cbac27 -> 
  custom:video-codec-MediaFoundation-h265: 746d11721c4dcdbdad8f713fa42b33f4 -> 
  custom:video-decoder-ogg-theora: a1e56fd34408186e4bbccfd4996cb3dc -> 
  custom:framework-win-MediaFoundation: 216162199b28c13a410421893ffa2e32 -> 
  custom:CustomObjectIndexerAttribute: 6d391050e5a25f67b0a2c618074f2cd9 -> 
  custom:container-demuxer-webm: 4f35f7cbe854078d1ac9338744f61a02 -> 
  custom:container-muxer-webm: aa71ff27fc2769a1b78a27578f13a17b -> 
  custom:video-decoder-webm-vp8: 9c59270c3fd7afecdb556c50c9e8de78 -> 
  custom:SearchIndexIgnoredProperties: e643bd26f0fe6173181afceb89e7c659 -> 
  custom:AudioImporter_EditorPlatform: d09bf68614088b80899f8185d706f6e7 -> 
  custom:video-encoder-webm-vp8: eb34c28f22e8b96e1ab97ce403110664 -> 
  custom:audio-decoder-ogg-vorbis: bf7c407c2cedff20999df2af8eb42d56 -> 
  custom:audio-encoder-webm-vorbis: bf7c407c2cedff20999df2af8eb42d56 -> 
========================================================================
Received Prepare
Begin MonoManager ReloadAssembly
- Loaded All Assemblies, in  0.529 seconds
Refreshing native plugins compatible for Editor in 6.66 ms, found 4 plugins.
Native extension for WindowsStandalone target not found
Native extension for Android target not found
Native extension for WebGL target not found
[Package Manager] Server::EnsureServerProcessIsRunning -- launch failed, reason: Unity was launched with the -noUpm command-line argument
[Package Manager] UpmClient::Send -- Unable to send message (not connected to UPM process).
[Package Manager] Cannot connect to Unity Package Manager local server
Mono: successfully reloaded assembly
- Finished resetting the current domain, in  1.327 seconds
Domain Reload Profiling: 1850ms
	BeginReloadAssembly (172ms)
		ExecutionOrderSort (0ms)
		DisableScriptedObjects (13ms)
		BackupInstance (0ms)
		ReleaseScriptingObjects (0ms)
		CreateAndSetChildDomain (35ms)
	RebuildCommonClasses (37ms)
	RebuildNativeTypeToScriptingClass (17ms)
	initialDomainReloadingComplete (33ms)
	LoadAllAssembliesAndSetupDomain (263ms)
		LoadAssemblies (338ms)
		RebuildTransferFunctionScriptingTraits (0ms)
		AnalyzeDomain (17ms)
			TypeCache.Refresh (6ms)
				TypeCache.ScanAssembly (0ms)
			ScanForSourceGeneratedMonoScriptInfo (0ms)
			ResolveRequiredComponents (8ms)
	FinalizeReload (1327ms)
		ReleaseScriptCaches (0ms)
		RebuildScriptCaches (0ms)
		SetupLoadedEditorAssemblies (570ms)
			LogAssemblyErrors (0ms)
			InitializePlatformSupportModulesInManaged (35ms)
			SetLoadedEditorAssemblies (5ms)
			RefreshPlugins (0ms)
			BeforeProcessingInitializeOnLoad (90ms)
			ProcessInitializeOnLoadAttributes (388ms)
			ProcessInitializeOnLoadMethodAttributes (44ms)
			AfterProcessingInitializeOnLoad (8ms)
			EditorAssembliesLoaded (0ms)
		ExecutionOrderSort2 (0ms)
		AwakeInstancesAfterBackupRestoration (19ms)
Refreshing native plugins compatible for Editor in 6.95 ms, found 4 plugins.
Preloading 0 native plugins for Editor in 0.00 ms.
Unloading 4027 Unused Serialized files (Serialized files now loaded: 0)
Unloading 42 unused Assets / (218.7 KB). Loaded Objects now: 4663.
Memory consumption went from 208.4 MB to 208.2 MB.
Total: 4.554200 ms (FindLiveObjects: 0.513300 ms CreateObjectMapping: 0.392500 ms MarkObjects: 3.434000 ms  DeleteObjects: 0.213200 ms)

Prepare: number of updated asset objects reloaded= 0
AssetImportParameters requested are different than current active one (requested -> active):
  custom:container-demuxer-ogg: 62fdf1f143b41e24485cea50d1cbac27 -> 
  custom:video-codec-MediaFoundation-h265: 746d11721c4dcdbdad8f713fa42b33f4 -> 
  custom:video-decoder-ogg-theora: a1e56fd34408186e4bbccfd4996cb3dc -> 
  custom:framework-win-MediaFoundation: 216162199b28c13a410421893ffa2e32 -> 
  custom:CustomObjectIndexerAttribute: 6d391050e5a25f67b0a2c618074f2cd9 -> 
  custom:container-demuxer-webm: 4f35f7cbe854078d1ac9338744f61a02 -> 
  custom:container-muxer-webm: aa71ff27fc2769a1b78a27578f13a17b -> 
  custom:video-decoder-webm-vp8: 9c59270c3fd7afecdb556c50c9e8de78 -> 
  custom:SearchIndexIgnoredProperties: e643bd26f0fe6173181afceb89e7c659 -> 
  custom:AudioImporter_EditorPlatform: d09bf68614088b80899f8185d706f6e7 -> 
  custom:video-encoder-webm-vp8: eb34c28f22e8b96e1ab97ce403110664 -> 
  custom:audio-decoder-ogg-vorbis: bf7c407c2cedff20999df2af8eb42d56 -> 
  custom:audio-encoder-webm-vorbis: bf7c407c2cedff20999df2af8eb42d56 -> 
========================================================================
Received Prepare
Begin MonoManager ReloadAssembly
- Loaded All Assemblies, in  0.569 seconds
Refreshing native plugins compatible for Editor in 5.80 ms, found 4 plugins.
Native extension for WindowsStandalone target not found
Native extension for Android target not found
Native extension for WebGL target not found
[Package Manager] Server::EnsureServerProcessIsRunning -- launch failed, reason: Unity was launched with the -noUpm command-line argument
[Package Manager] UpmClient::Send -- Unable to send message (not connected to UPM process).
[Package Manager] Cannot connect to Unity Package Manager local server
Mono: successfully reloaded assembly
- Finished resetting the current domain, in  1.176 seconds
Domain Reload Profiling: 1742ms
	BeginReloadAssembly (205ms)
		ExecutionOrderSort (0ms)
		DisableScriptedObjects (13ms)
		BackupInstance (0ms)
		ReleaseScriptingObjects (0ms)
		CreateAndSetChildDomain (54ms)
	RebuildCommonClasses (36ms)
	RebuildNativeTypeToScriptingClass (13ms)
	initialDomainReloadingComplete (40ms)
	LoadAllAssembliesAndSetupDomain (270ms)
		LoadAssemblies (339ms)
		RebuildTransferFunctionScriptingTraits (0ms)
		AnalyzeDomain (33ms)
			TypeCache.Refresh (12ms)
				TypeCache.ScanAssembly (0ms)
			ScanForSourceGeneratedMonoScriptInfo (13ms)
			ResolveRequiredComponents (7ms)
	FinalizeReload (1177ms)
		ReleaseScriptCaches (0ms)
		RebuildScriptCaches (0ms)
		SetupLoadedEditorAssemblies (493ms)
			LogAssemblyErrors (0ms)
			InitializePlatformSupportModulesInManaged (28ms)
			SetLoadedEditorAssemblies (4ms)
			RefreshPlugins (0ms)
			BeforeProcessingInitializeOnLoad (82ms)
			ProcessInitializeOnLoadAttributes (339ms)
			ProcessInitializeOnLoadMethodAttributes (34ms)
			AfterProcessingInitializeOnLoad (7ms)
			EditorAssembliesLoaded (0ms)
		ExecutionOrderSort2 (0ms)
		AwakeInstancesAfterBackupRestoration (14ms)
Refreshing native plugins compatible for Editor in 6.46 ms, found 4 plugins.
Preloading 0 native plugins for Editor in 0.00 ms.
Unloading 4027 Unused Serialized files (Serialized files now loaded: 0)
Unloading 42 unused Assets / (217.3 KB). Loaded Objects now: 4667.
Memory consumption went from 210.3 MB to 210.1 MB.
Total: 4.591600 ms (FindLiveObjects: 0.369000 ms CreateObjectMapping: 0.382300 ms MarkObjects: 3.615800 ms  DeleteObjects: 0.223500 ms)

Prepare: number of updated asset objects reloaded= 0
AssetImportParameters requested are different than current active one (requested -> active):
  custom:container-demuxer-ogg: 62fdf1f143b41e24485cea50d1cbac27 -> 
  custom:video-codec-MediaFoundation-h265: 746d11721c4dcdbdad8f713fa42b33f4 -> 
  custom:video-decoder-ogg-theora: a1e56fd34408186e4bbccfd4996cb3dc -> 
  custom:framework-win-MediaFoundation: 216162199b28c13a410421893ffa2e32 -> 
  custom:CustomObjectIndexerAttribute: 6d391050e5a25f67b0a2c618074f2cd9 -> 
  custom:container-demuxer-webm: 4f35f7cbe854078d1ac9338744f61a02 -> 
  custom:container-muxer-webm: aa71ff27fc2769a1b78a27578f13a17b -> 
  custom:video-decoder-webm-vp8: 9c59270c3fd7afecdb556c50c9e8de78 -> 
  custom:SearchIndexIgnoredProperties: e643bd26f0fe6173181afceb89e7c659 -> 
  custom:AudioImporter_EditorPlatform: d09bf68614088b80899f8185d706f6e7 -> 
  custom:video-encoder-webm-vp8: eb34c28f22e8b96e1ab97ce403110664 -> 
  custom:audio-decoder-ogg-vorbis: bf7c407c2cedff20999df2af8eb42d56 -> 
  custom:audio-encoder-webm-vorbis: bf7c407c2cedff20999df2af8eb42d56 -> 
========================================================================
Received Prepare
Begin MonoManager ReloadAssembly
- Loaded All Assemblies, in  0.559 seconds
Refreshing native plugins compatible for Editor in 5.86 ms, found 4 plugins.
Native extension for WindowsStandalone target not found
Native extension for Android target not found
Native extension for WebGL target not found
[Package Manager] Server::EnsureServerProcessIsRunning -- launch failed, reason: Unity was launched with the -noUpm command-line argument
[Package Manager] UpmClient::Send -- Unable to send message (not connected to UPM process).
[Package Manager] Cannot connect to Unity Package Manager local server
Mono: successfully reloaded assembly
- Finished resetting the current domain, in  1.329 seconds
Domain Reload Profiling: 1885ms
	BeginReloadAssembly (200ms)
		ExecutionOrderSort (0ms)
		DisableScriptedObjects (15ms)
		BackupInstance (0ms)
		ReleaseScriptingObjects (0ms)
		CreateAndSetChildDomain (47ms)
	RebuildCommonClasses (44ms)
	RebuildNativeTypeToScriptingClass (20ms)
	initialDomainReloadingComplete (33ms)
	LoadAllAssembliesAndSetupDomain (258ms)
		LoadAssemblies (345ms)
		RebuildTransferFunctionScriptingTraits (0ms)
		AnalyzeDomain (15ms)
			TypeCache.Refresh (7ms)
				TypeCache.ScanAssembly (0ms)
			ScanForSourceGeneratedMonoScriptInfo (0ms)
			ResolveRequiredComponents (7ms)
	FinalizeReload (1330ms)
		ReleaseScriptCaches (0ms)
		RebuildScriptCaches (0ms)
		SetupLoadedEditorAssemblies (583ms)
			LogAssemblyErrors (0ms)
			InitializePlatformSupportModulesInManaged (34ms)
			SetLoadedEditorAssemblies (5ms)
			RefreshPlugins (0ms)
			BeforeProcessingInitializeOnLoad (100ms)
			ProcessInitializeOnLoadAttributes (388ms)
			ProcessInitializeOnLoadMethodAttributes (46ms)
			AfterProcessingInitializeOnLoad (11ms)
			EditorAssembliesLoaded (0ms)
		ExecutionOrderSort2 (0ms)
		AwakeInstancesAfterBackupRestoration (18ms)
Refreshing native plugins compatible for Editor in 6.52 ms, found 4 plugins.
Preloading 0 native plugins for Editor in 0.00 ms.
Unloading 4027 Unused Serialized files (Serialized files now loaded: 0)
Unloading 42 unused Assets / (217.6 KB). Loaded Objects now: 4671.
Memory consumption went from 212.3 MB to 212.1 MB.
Total: 4.808100 ms (FindLiveObjects: 0.484200 ms CreateObjectMapping: 0.392100 ms MarkObjects: 3.713600 ms  DeleteObjects: 0.217000 ms)

Prepare: number of updated asset objects reloaded= 0
AssetImportParameters requested are different than current active one (requested -> active):
  custom:container-demuxer-ogg: 62fdf1f143b41e24485cea50d1cbac27 -> 
  custom:video-codec-MediaFoundation-h265: 746d11721c4dcdbdad8f713fa42b33f4 -> 
  custom:video-decoder-ogg-theora: a1e56fd34408186e4bbccfd4996cb3dc -> 
  custom:framework-win-MediaFoundation: 216162199b28c13a410421893ffa2e32 -> 
  custom:CustomObjectIndexerAttribute: 6d391050e5a25f67b0a2c618074f2cd9 -> 
  custom:container-demuxer-webm: 4f35f7cbe854078d1ac9338744f61a02 -> 
  custom:container-muxer-webm: aa71ff27fc2769a1b78a27578f13a17b -> 
  custom:video-decoder-webm-vp8: 9c59270c3fd7afecdb556c50c9e8de78 -> 
  custom:SearchIndexIgnoredProperties: e643bd26f0fe6173181afceb89e7c659 -> 
  custom:AudioImporter_EditorPlatform: d09bf68614088b80899f8185d706f6e7 -> 
  custom:video-encoder-webm-vp8: eb34c28f22e8b96e1ab97ce403110664 -> 
  custom:audio-decoder-ogg-vorbis: bf7c407c2cedff20999df2af8eb42d56 -> 
  custom:audio-encoder-webm-vorbis: bf7c407c2cedff20999df2af8eb42d56 -> 
========================================================================
Received Prepare
Begin MonoManager ReloadAssembly
- Loaded All Assemblies, in  0.554 seconds
Refreshing native plugins compatible for Editor in 6.74 ms, found 4 plugins.
Native extension for WindowsStandalone target not found
Native extension for Android target not found
Native extension for WebGL target not found
[Package Manager] Server::EnsureServerProcessIsRunning -- launch failed, reason: Unity was launched with the -noUpm command-line argument
[Package Manager] UpmClient::Send -- Unable to send message (not connected to UPM process).
[Package Manager] Cannot connect to Unity Package Manager local server
Mono: successfully reloaded assembly
- Finished resetting the current domain, in  1.148 seconds
Domain Reload Profiling: 1697ms
	BeginReloadAssembly (186ms)
		ExecutionOrderSort (0ms)
		DisableScriptedObjects (13ms)
		BackupInstance (0ms)
		ReleaseScriptingObjects (0ms)
		CreateAndSetChildDomain (38ms)
	RebuildCommonClasses (41ms)
	RebuildNativeTypeToScriptingClass (15ms)
	initialDomainReloadingComplete (33ms)
	LoadAllAssembliesAndSetupDomain (273ms)
		LoadAssemblies (341ms)
		RebuildTransferFunctionScriptingTraits (0ms)
		AnalyzeDomain (32ms)
			TypeCache.Refresh (11ms)
				TypeCache.ScanAssembly (0ms)
			ScanForSourceGeneratedMonoScriptInfo (13ms)
			ResolveRequiredComponents (7ms)
	FinalizeReload (1148ms)
		ReleaseScriptCaches (0ms)
		RebuildScriptCaches (0ms)
		SetupLoadedEditorAssemblies (491ms)
			LogAssemblyErrors (0ms)
			InitializePlatformSupportModulesInManaged (27ms)
			SetLoadedEditorAssemblies (6ms)
			RefreshPlugins (0ms)
			BeforeProcessingInitializeOnLoad (91ms)
			ProcessInitializeOnLoadAttributes (325ms)
			ProcessInitializeOnLoadMethodAttributes (34ms)
			AfterProcessingInitializeOnLoad (8ms)
			EditorAssembliesLoaded (0ms)
		ExecutionOrderSort2 (0ms)
		AwakeInstancesAfterBackupRestoration (14ms)
Refreshing native plugins compatible for Editor in 5.93 ms, found 4 plugins.
Preloading 0 native plugins for Editor in 0.00 ms.
Unloading 4027 Unused Serialized files (Serialized files now loaded: 0)
Unloading 42 unused Assets / (217.3 KB). Loaded Objects now: 4675.
Memory consumption went from 214.2 MB to 214.0 MB.
Total: 3.994300 ms (FindLiveObjects: 0.338800 ms CreateObjectMapping: 0.331700 ms MarkObjects: 3.124900 ms  DeleteObjects: 0.197900 ms)

Prepare: number of updated asset objects reloaded= 0
AssetImportParameters requested are different than current active one (requested -> active):
  custom:container-demuxer-ogg: 62fdf1f143b41e24485cea50d1cbac27 -> 
  custom:video-codec-MediaFoundation-h265: 746d11721c4dcdbdad8f713fa42b33f4 -> 
  custom:video-decoder-ogg-theora: a1e56fd34408186e4bbccfd4996cb3dc -> 
  custom:framework-win-MediaFoundation: 216162199b28c13a410421893ffa2e32 -> 
  custom:CustomObjectIndexerAttribute: 6d391050e5a25f67b0a2c618074f2cd9 -> 
  custom:container-demuxer-webm: 4f35f7cbe854078d1ac9338744f61a02 -> 
  custom:container-muxer-webm: aa71ff27fc2769a1b78a27578f13a17b -> 
  custom:video-decoder-webm-vp8: 9c59270c3fd7afecdb556c50c9e8de78 -> 
  custom:SearchIndexIgnoredProperties: e643bd26f0fe6173181afceb89e7c659 -> 
  custom:AudioImporter_EditorPlatform: d09bf68614088b80899f8185d706f6e7 -> 
  custom:video-encoder-webm-vp8: eb34c28f22e8b96e1ab97ce403110664 -> 
  custom:audio-decoder-ogg-vorbis: bf7c407c2cedff20999df2af8eb42d56 -> 
  custom:audio-encoder-webm-vorbis: bf7c407c2cedff20999df2af8eb42d56 -> 
========================================================================
Received Prepare
Begin MonoManager ReloadAssembly
- Loaded All Assemblies, in  0.554 seconds
Refreshing native plugins compatible for Editor in 5.58 ms, found 4 plugins.
Native extension for WindowsStandalone target not found
Native extension for Android target not found
Native extension for WebGL target not found
[Package Manager] Server::EnsureServerProcessIsRunning -- launch failed, reason: Unity was launched with the -noUpm command-line argument
[Package Manager] UpmClient::Send -- Unable to send message (not connected to UPM process).
[Package Manager] Cannot connect to Unity Package Manager local server
Mono: successfully reloaded assembly
- Finished resetting the current domain, in  1.253 seconds
Domain Reload Profiling: 1803ms
	BeginReloadAssembly (192ms)
		ExecutionOrderSort (0ms)
		DisableScriptedObjects (15ms)
		BackupInstance (0ms)
		ReleaseScriptingObjects (0ms)
		CreateAndSetChildDomain (43ms)
	RebuildCommonClasses (47ms)
	RebuildNativeTypeToScriptingClass (22ms)
	initialDomainReloadingComplete (37ms)
	LoadAllAssembliesAndSetupDomain (252ms)
		LoadAssemblies (333ms)
		RebuildTransferFunctionScriptingTraits (0ms)
		AnalyzeDomain (16ms)
			TypeCache.Refresh (8ms)
				TypeCache.ScanAssembly (0ms)
			ScanForSourceGeneratedMonoScriptInfo (0ms)
			ResolveRequiredComponents (7ms)
	FinalizeReload (1254ms)
		ReleaseScriptCaches (0ms)
		RebuildScriptCaches (0ms)
		SetupLoadedEditorAssemblies (539ms)
			LogAssemblyErrors (0ms)
			InitializePlatformSupportModulesInManaged (32ms)
			SetLoadedEditorAssemblies (4ms)
			RefreshPlugins (0ms)
			BeforeProcessingInitializeOnLoad (87ms)
			ProcessInitializeOnLoadAttributes (363ms)
			ProcessInitializeOnLoadMethodAttributes (41ms)
			AfterProcessingInitializeOnLoad (11ms)
			EditorAssembliesLoaded (0ms)
		ExecutionOrderSort2 (0ms)
		AwakeInstancesAfterBackupRestoration (18ms)
Refreshing native plugins compatible for Editor in 6.06 ms, found 4 plugins.
Preloading 0 native plugins for Editor in 0.00 ms.
Unloading 4027 Unused Serialized files (Serialized files now loaded: 0)
Unloading 42 unused Assets / (217.1 KB). Loaded Objects now: 4679.
Memory consumption went from 216.1 MB to 215.9 MB.
Total: 4.549600 ms (FindLiveObjects: 0.470700 ms CreateObjectMapping: 0.358400 ms MarkObjects: 3.501000 ms  DeleteObjects: 0.214400 ms)

Prepare: number of updated asset objects reloaded= 0
AssetImportParameters requested are different than current active one (requested -> active):
  custom:container-demuxer-ogg: 62fdf1f143b41e24485cea50d1cbac27 -> 
  custom:video-codec-MediaFoundation-h265: 746d11721c4dcdbdad8f713fa42b33f4 -> 
  custom:video-decoder-ogg-theora: a1e56fd34408186e4bbccfd4996cb3dc -> 
  custom:framework-win-MediaFoundation: 216162199b28c13a410421893ffa2e32 -> 
  custom:CustomObjectIndexerAttribute: 6d391050e5a25f67b0a2c618074f2cd9 -> 
  custom:container-demuxer-webm: 4f35f7cbe854078d1ac9338744f61a02 -> 
  custom:container-muxer-webm: aa71ff27fc2769a1b78a27578f13a17b -> 
  custom:video-decoder-webm-vp8: 9c59270c3fd7afecdb556c50c9e8de78 -> 
  custom:SearchIndexIgnoredProperties: e643bd26f0fe6173181afceb89e7c659 -> 
  custom:AudioImporter_EditorPlatform: d09bf68614088b80899f8185d706f6e7 -> 
  custom:video-encoder-webm-vp8: eb34c28f22e8b96e1ab97ce403110664 -> 
  custom:audio-decoder-ogg-vorbis: bf7c407c2cedff20999df2af8eb42d56 -> 
  custom:audio-encoder-webm-vorbis: bf7c407c2cedff20999df2af8eb42d56 -> 
========================================================================
Received Prepare
Begin MonoManager ReloadAssembly
- Loaded All Assemblies, in  0.569 seconds
Refreshing native plugins compatible for Editor in 5.50 ms, found 4 plugins.
Native extension for WindowsStandalone target not found
Native extension for Android target not found
Native extension for WebGL target not found
[Package Manager] Server::EnsureServerProcessIsRunning -- launch failed, reason: Unity was launched with the -noUpm command-line argument
[Package Manager] UpmClient::Send -- Unable to send message (not connected to UPM process).
[Package Manager] Cannot connect to Unity Package Manager local server
Mono: successfully reloaded assembly
- Finished resetting the current domain, in  1.408 seconds
Domain Reload Profiling: 1973ms
	BeginReloadAssembly (204ms)
		ExecutionOrderSort (0ms)
		DisableScriptedObjects (15ms)
		BackupInstance (0ms)
		ReleaseScriptingObjects (0ms)
		CreateAndSetChildDomain (43ms)
	RebuildCommonClasses (43ms)
	RebuildNativeTypeToScriptingClass (21ms)
	initialDomainReloadingComplete (37ms)
	LoadAllAssembliesAndSetupDomain (260ms)
		LoadAssemblies (351ms)
		RebuildTransferFunctionScriptingTraits (0ms)
		AnalyzeDomain (20ms)
			TypeCache.Refresh (9ms)
				TypeCache.ScanAssembly (0ms)
			ScanForSourceGeneratedMonoScriptInfo (0ms)
			ResolveRequiredComponents (10ms)
	FinalizeReload (1408ms)
		ReleaseScriptCaches (0ms)
		RebuildScriptCaches (0ms)
		SetupLoadedEditorAssemblies (622ms)
			LogAssemblyErrors (0ms)
			InitializePlatformSupportModulesInManaged (43ms)
			SetLoadedEditorAssemblies (4ms)
			RefreshPlugins (0ms)
			BeforeProcessingInitializeOnLoad (114ms)
			ProcessInitializeOnLoadAttributes (397ms)
			ProcessInitializeOnLoadMethodAttributes (53ms)
			AfterProcessingInitializeOnLoad (11ms)
			EditorAssembliesLoaded (0ms)
		ExecutionOrderSort2 (0ms)
		AwakeInstancesAfterBackupRestoration (21ms)
Refreshing native plugins compatible for Editor in 6.81 ms, found 4 plugins.
Preloading 0 native plugins for Editor in 0.00 ms.
Unloading 4027 Unused Serialized files (Serialized files now loaded: 0)
Unloading 42 unused Assets / (217.4 KB). Loaded Objects now: 4683.
Memory consumption went from 218.0 MB to 217.8 MB.
Total: 4.749400 ms (FindLiveObjects: 0.417700 ms CreateObjectMapping: 0.409800 ms MarkObjects: 3.675600 ms  DeleteObjects: 0.244700 ms)

Prepare: number of updated asset objects reloaded= 0
AssetImportParameters requested are different than current active one (requested -> active):
  custom:container-demuxer-ogg: 62fdf1f143b41e24485cea50d1cbac27 -> 
  custom:video-codec-MediaFoundation-h265: 746d11721c4dcdbdad8f713fa42b33f4 -> 
  custom:video-decoder-ogg-theora: a1e56fd34408186e4bbccfd4996cb3dc -> 
  custom:framework-win-MediaFoundation: 216162199b28c13a410421893ffa2e32 -> 
  custom:CustomObjectIndexerAttribute: 6d391050e5a25f67b0a2c618074f2cd9 -> 
  custom:container-demuxer-webm: 4f35f7cbe854078d1ac9338744f61a02 -> 
  custom:container-muxer-webm: aa71ff27fc2769a1b78a27578f13a17b -> 
  custom:video-decoder-webm-vp8: 9c59270c3fd7afecdb556c50c9e8de78 -> 
  custom:SearchIndexIgnoredProperties: e643bd26f0fe6173181afceb89e7c659 -> 
  custom:AudioImporter_EditorPlatform: d09bf68614088b80899f8185d706f6e7 -> 
  custom:video-encoder-webm-vp8: eb34c28f22e8b96e1ab97ce403110664 -> 
  custom:audio-decoder-ogg-vorbis: bf7c407c2cedff20999df2af8eb42d56 -> 
  custom:audio-encoder-webm-vorbis: bf7c407c2cedff20999df2af8eb42d56 -> 
========================================================================
Received Prepare
Begin MonoManager ReloadAssembly
- Loaded All Assemblies, in  0.539 seconds
Refreshing native plugins compatible for Editor in 5.56 ms, found 4 plugins.
Native extension for WindowsStandalone target not found
Native extension for Android target not found
Native extension for WebGL target not found
[Package Manager] Server::EnsureServerProcessIsRunning -- launch failed, reason: Unity was launched with the -noUpm command-line argument
[Package Manager] UpmClient::Send -- Unable to send message (not connected to UPM process).
[Package Manager] Cannot connect to Unity Package Manager local server
Mono: successfully reloaded assembly
- Finished resetting the current domain, in  1.275 seconds
Domain Reload Profiling: 1810ms
	BeginReloadAssembly (182ms)
		ExecutionOrderSort (0ms)
		DisableScriptedObjects (15ms)
		BackupInstance (0ms)
		ReleaseScriptingObjects (0ms)
		CreateAndSetChildDomain (37ms)
	RebuildCommonClasses (44ms)
	RebuildNativeTypeToScriptingClass (13ms)
	initialDomainReloadingComplete (38ms)
	LoadAllAssembliesAndSetupDomain (257ms)
		LoadAssemblies (338ms)
		RebuildTransferFunctionScriptingTraits (0ms)
		AnalyzeDomain (15ms)
			TypeCache.Refresh (7ms)
				TypeCache.ScanAssembly (0ms)
			ScanForSourceGeneratedMonoScriptInfo (0ms)
			ResolveRequiredComponents (6ms)
	FinalizeReload (1276ms)
		ReleaseScriptCaches (0ms)
		RebuildScriptCaches (0ms)
		SetupLoadedEditorAssemblies (556ms)
			LogAssemblyErrors (0ms)
			InitializePlatformSupportModulesInManaged (35ms)
			SetLoadedEditorAssemblies (4ms)
			RefreshPlugins (0ms)
			BeforeProcessingInitializeOnLoad (94ms)
			ProcessInitializeOnLoadAttributes (370ms)
			ProcessInitializeOnLoadMethodAttributes (42ms)
			AfterProcessingInitializeOnLoad (9ms)
			EditorAssembliesLoaded (0ms)
		ExecutionOrderSort2 (0ms)
		AwakeInstancesAfterBackupRestoration (17ms)
Refreshing native plugins compatible for Editor in 5.36 ms, found 4 plugins.
Preloading 0 native plugins for Editor in 0.00 ms.
Unloading 4027 Unused Serialized files (Serialized files now loaded: 0)
Unloading 42 unused Assets / (217.2 KB). Loaded Objects now: 4687.
Memory consumption went from 219.9 MB to 219.7 MB.
Total: 3.787300 ms (FindLiveObjects: 0.378300 ms CreateObjectMapping: 0.370300 ms MarkObjects: 2.837300 ms  DeleteObjects: 0.200300 ms)

Prepare: number of updated asset objects reloaded= 0
AssetImportParameters requested are different than current active one (requested -> active):
  custom:container-demuxer-ogg: 62fdf1f143b41e24485cea50d1cbac27 -> 
  custom:video-codec-MediaFoundation-h265: 746d11721c4dcdbdad8f713fa42b33f4 -> 
  custom:video-decoder-ogg-theora: a1e56fd34408186e4bbccfd4996cb3dc -> 
  custom:framework-win-MediaFoundation: 216162199b28c13a410421893ffa2e32 -> 
  custom:CustomObjectIndexerAttribute: 6d391050e5a25f67b0a2c618074f2cd9 -> 
  custom:container-demuxer-webm: 4f35f7cbe854078d1ac9338744f61a02 -> 
  custom:container-muxer-webm: aa71ff27fc2769a1b78a27578f13a17b -> 
  custom:video-decoder-webm-vp8: 9c59270c3fd7afecdb556c50c9e8de78 -> 
  custom:SearchIndexIgnoredProperties: e643bd26f0fe6173181afceb89e7c659 -> 
  custom:AudioImporter_EditorPlatform: d09bf68614088b80899f8185d706f6e7 -> 
  custom:video-encoder-webm-vp8: eb34c28f22e8b96e1ab97ce403110664 -> 
  custom:audio-decoder-ogg-vorbis: bf7c407c2cedff20999df2af8eb42d56 -> 
  custom:audio-encoder-webm-vorbis: bf7c407c2cedff20999df2af8eb42d56 -> 
========================================================================
Received Prepare
Begin MonoManager ReloadAssembly
- Loaded All Assemblies, in  0.551 seconds
Refreshing native plugins compatible for Editor in 5.91 ms, found 4 plugins.
Native extension for WindowsStandalone target not found
Native extension for Android target not found
Native extension for WebGL target not found
[Package Manager] Server::EnsureServerProcessIsRunning -- launch failed, reason: Unity was launched with the -noUpm command-line argument
[Package Manager] UpmClient::Send -- Unable to send message (not connected to UPM process).
[Package Manager] Cannot connect to Unity Package Manager local server
Mono: successfully reloaded assembly
- Finished resetting the current domain, in  1.295 seconds
Domain Reload Profiling: 1842ms
	BeginReloadAssembly (179ms)
		ExecutionOrderSort (0ms)
		DisableScriptedObjects (13ms)
		BackupInstance (0ms)
		ReleaseScriptingObjects (0ms)
		CreateAndSetChildDomain (36ms)
	RebuildCommonClasses (44ms)
	RebuildNativeTypeToScriptingClass (13ms)
	initialDomainReloadingComplete (41ms)
	LoadAllAssembliesAndSetupDomain (270ms)
		LoadAssemblies (336ms)
		RebuildTransferFunctionScriptingTraits (0ms)
		AnalyzeDomain (31ms)
			TypeCache.Refresh (10ms)
				TypeCache.ScanAssembly (0ms)
			ScanForSourceGeneratedMonoScriptInfo (12ms)
			ResolveRequiredComponents (6ms)
	FinalizeReload (1296ms)
		ReleaseScriptCaches (0ms)
		RebuildScriptCaches (0ms)
		SetupLoadedEditorAssemblies (562ms)
			LogAssemblyErrors (0ms)
			InitializePlatformSupportModulesInManaged (35ms)
			SetLoadedEditorAssemblies (4ms)
			RefreshPlugins (0ms)
			BeforeProcessingInitializeOnLoad (96ms)
			ProcessInitializeOnLoadAttributes (375ms)
			ProcessInitializeOnLoadMethodAttributes (43ms)
			AfterProcessingInitializeOnLoad (9ms)
			EditorAssembliesLoaded (0ms)
		ExecutionOrderSort2 (0ms)
		AwakeInstancesAfterBackupRestoration (15ms)
Refreshing native plugins compatible for Editor in 5.74 ms, found 4 plugins.
Preloading 0 native plugins for Editor in 0.00 ms.
Unloading 4027 Unused Serialized files (Serialized files now loaded: 0)
Unloading 42 unused Assets / (217.3 KB). Loaded Objects now: 4691.
Memory consumption went from 221.9 MB to 221.7 MB.
Total: 4.156000 ms (FindLiveObjects: 0.355800 ms CreateObjectMapping: 0.360800 ms MarkObjects: 3.221600 ms  DeleteObjects: 0.216800 ms)

Prepare: number of updated asset objects reloaded= 0
AssetImportParameters requested are different than current active one (requested -> active):
  custom:container-demuxer-ogg: 62fdf1f143b41e24485cea50d1cbac27 -> 
  custom:video-codec-MediaFoundation-h265: 746d11721c4dcdbdad8f713fa42b33f4 -> 
  custom:video-decoder-ogg-theora: a1e56fd34408186e4bbccfd4996cb3dc -> 
  custom:framework-win-MediaFoundation: 216162199b28c13a410421893ffa2e32 -> 
  custom:CustomObjectIndexerAttribute: 6d391050e5a25f67b0a2c618074f2cd9 -> 
  custom:container-demuxer-webm: 4f35f7cbe854078d1ac9338744f61a02 -> 
  custom:container-muxer-webm: aa71ff27fc2769a1b78a27578f13a17b -> 
  custom:video-decoder-webm-vp8: 9c59270c3fd7afecdb556c50c9e8de78 -> 
  custom:SearchIndexIgnoredProperties: e643bd26f0fe6173181afceb89e7c659 -> 
  custom:AudioImporter_EditorPlatform: d09bf68614088b80899f8185d706f6e7 -> 
  custom:video-encoder-webm-vp8: eb34c28f22e8b96e1ab97ce403110664 -> 
  custom:audio-decoder-ogg-vorbis: bf7c407c2cedff20999df2af8eb42d56 -> 
  custom:audio-encoder-webm-vorbis: bf7c407c2cedff20999df2af8eb42d56 -> 
========================================================================
Received Prepare
Begin MonoManager ReloadAssembly
- Loaded All Assemblies, in  0.531 seconds
Refreshing native plugins compatible for Editor in 6.48 ms, found 4 plugins.
Native extension for WindowsStandalone target not found
Native extension for Android target not found
Native extension for WebGL target not found
[Package Manager] Server::EnsureServerProcessIsRunning -- launch failed, reason: Unity was launched with the -noUpm command-line argument
[Package Manager] UpmClient::Send -- Unable to send message (not connected to UPM process).
[Package Manager] Cannot connect to Unity Package Manager local server
Mono: successfully reloaded assembly
- Finished resetting the current domain, in  1.265 seconds
Domain Reload Profiling: 1793ms
	BeginReloadAssembly (185ms)
		ExecutionOrderSort (0ms)
		DisableScriptedObjects (13ms)
		BackupInstance (0ms)
		ReleaseScriptingObjects (0ms)
		CreateAndSetChildDomain (39ms)
	RebuildCommonClasses (37ms)
	RebuildNativeTypeToScriptingClass (20ms)
	initialDomainReloadingComplete (33ms)
	LoadAllAssembliesAndSetupDomain (252ms)
		LoadAssemblies (334ms)
		RebuildTransferFunctionScriptingTraits (0ms)
		AnalyzeDomain (17ms)
			TypeCache.Refresh (7ms)
				TypeCache.ScanAssembly (0ms)
			ScanForSourceGeneratedMonoScriptInfo (0ms)
			ResolveRequiredComponents (8ms)
	FinalizeReload (1266ms)
		ReleaseScriptCaches (0ms)
		RebuildScriptCaches (0ms)
		SetupLoadedEditorAssemblies (553ms)
			LogAssemblyErrors (0ms)
			InitializePlatformSupportModulesInManaged (33ms)
			SetLoadedEditorAssemblies (4ms)
			RefreshPlugins (0ms)
			BeforeProcessingInitializeOnLoad (92ms)
			ProcessInitializeOnLoadAttributes (371ms)
			ProcessInitializeOnLoadMethodAttributes (43ms)
			AfterProcessingInitializeOnLoad (9ms)
			EditorAssembliesLoaded (0ms)
		ExecutionOrderSort2 (0ms)
		AwakeInstancesAfterBackupRestoration (15ms)
Refreshing native plugins compatible for Editor in 5.78 ms, found 4 plugins.
Preloading 0 native plugins for Editor in 0.00 ms.
Unloading 4027 Unused Serialized files (Serialized files now loaded: 0)
Unloading 42 unused Assets / (217.5 KB). Loaded Objects now: 4695.
Memory consumption went from 223.8 MB to 223.6 MB.
Total: 4.335100 ms (FindLiveObjects: 0.395500 ms CreateObjectMapping: 0.404000 ms MarkObjects: 3.316900 ms  DeleteObjects: 0.217800 ms)

Prepare: number of updated asset objects reloaded= 0
AssetImportParameters requested are different than current active one (requested -> active):
  custom:container-demuxer-ogg: 62fdf1f143b41e24485cea50d1cbac27 -> 
  custom:video-codec-MediaFoundation-h265: 746d11721c4dcdbdad8f713fa42b33f4 -> 
  custom:video-decoder-ogg-theora: a1e56fd34408186e4bbccfd4996cb3dc -> 
  custom:framework-win-MediaFoundation: 216162199b28c13a410421893ffa2e32 -> 
  custom:CustomObjectIndexerAttribute: 6d391050e5a25f67b0a2c618074f2cd9 -> 
  custom:container-demuxer-webm: 4f35f7cbe854078d1ac9338744f61a02 -> 
  custom:container-muxer-webm: aa71ff27fc2769a1b78a27578f13a17b -> 
  custom:video-decoder-webm-vp8: 9c59270c3fd7afecdb556c50c9e8de78 -> 
  custom:SearchIndexIgnoredProperties: e643bd26f0fe6173181afceb89e7c659 -> 
  custom:AudioImporter_EditorPlatform: d09bf68614088b80899f8185d706f6e7 -> 
  custom:video-encoder-webm-vp8: eb34c28f22e8b96e1ab97ce403110664 -> 
  custom:audio-decoder-ogg-vorbis: bf7c407c2cedff20999df2af8eb42d56 -> 
  custom:audio-encoder-webm-vorbis: bf7c407c2cedff20999df2af8eb42d56 -> 
========================================================================
Received Prepare
Begin MonoManager ReloadAssembly
- Loaded All Assemblies, in  0.541 seconds
Refreshing native plugins compatible for Editor in 5.92 ms, found 4 plugins.
Native extension for WindowsStandalone target not found
Native extension for Android target not found
Native extension for WebGL target not found
[Package Manager] Server::EnsureServerProcessIsRunning -- launch failed, reason: Unity was launched with the -noUpm command-line argument
[Package Manager] UpmClient::Send -- Unable to send message (not connected to UPM process).
[Package Manager] Cannot connect to Unity Package Manager local server
Mono: successfully reloaded assembly
- Finished resetting the current domain, in  1.458 seconds
Domain Reload Profiling: 1996ms
	BeginReloadAssembly (180ms)
		ExecutionOrderSort (0ms)
		DisableScriptedObjects (18ms)
		BackupInstance (0ms)
		ReleaseScriptingObjects (0ms)
		CreateAndSetChildDomain (34ms)
	RebuildCommonClasses (44ms)
	RebuildNativeTypeToScriptingClass (18ms)
	initialDomainReloadingComplete (33ms)
	LoadAllAssembliesAndSetupDomain (262ms)
		LoadAssemblies (333ms)
		RebuildTransferFunctionScriptingTraits (0ms)
		AnalyzeDomain (22ms)
			TypeCache.Refresh (9ms)
				TypeCache.ScanAssembly (0ms)
			ScanForSourceGeneratedMonoScriptInfo (0ms)
			ResolveRequiredComponents (11ms)
	FinalizeReload (1459ms)
		ReleaseScriptCaches (0ms)
		RebuildScriptCaches (0ms)
		SetupLoadedEditorAssemblies (638ms)
			LogAssemblyErrors (0ms)
			InitializePlatformSupportModulesInManaged (40ms)
			SetLoadedEditorAssemblies (5ms)
			RefreshPlugins (0ms)
			BeforeProcessingInitializeOnLoad (109ms)
			ProcessInitializeOnLoadAttributes (423ms)
			ProcessInitializeOnLoadMethodAttributes (50ms)
			AfterProcessingInitializeOnLoad (11ms)
			EditorAssembliesLoaded (0ms)
		ExecutionOrderSort2 (0ms)
		AwakeInstancesAfterBackupRestoration (20ms)
Refreshing native plugins compatible for Editor in 6.76 ms, found 4 plugins.
Preloading 0 native plugins for Editor in 0.00 ms.
Unloading 4027 Unused Serialized files (Serialized files now loaded: 0)
Unloading 42 unused Assets / (217.4 KB). Loaded Objects now: 4699.
Memory consumption went from 225.7 MB to 225.5 MB.
Total: 4.969100 ms (FindLiveObjects: 0.430800 ms CreateObjectMapping: 0.443300 ms MarkObjects: 3.772800 ms  DeleteObjects: 0.321100 ms)

Prepare: number of updated asset objects reloaded= 0
AssetImportParameters requested are different than current active one (requested -> active):
  custom:container-demuxer-ogg: 62fdf1f143b41e24485cea50d1cbac27 -> 
  custom:video-codec-MediaFoundation-h265: 746d11721c4dcdbdad8f713fa42b33f4 -> 
  custom:video-decoder-ogg-theora: a1e56fd34408186e4bbccfd4996cb3dc -> 
  custom:framework-win-MediaFoundation: 216162199b28c13a410421893ffa2e32 -> 
  custom:CustomObjectIndexerAttribute: 6d391050e5a25f67b0a2c618074f2cd9 -> 
  custom:container-demuxer-webm: 4f35f7cbe854078d1ac9338744f61a02 -> 
  custom:container-muxer-webm: aa71ff27fc2769a1b78a27578f13a17b -> 
  custom:video-decoder-webm-vp8: 9c59270c3fd7afecdb556c50c9e8de78 -> 
  custom:SearchIndexIgnoredProperties: e643bd26f0fe6173181afceb89e7c659 -> 
  custom:AudioImporter_EditorPlatform: d09bf68614088b80899f8185d706f6e7 -> 
  custom:video-encoder-webm-vp8: eb34c28f22e8b96e1ab97ce403110664 -> 
  custom:audio-decoder-ogg-vorbis: bf7c407c2cedff20999df2af8eb42d56 -> 
  custom:audio-encoder-webm-vorbis: bf7c407c2cedff20999df2af8eb42d56 -> 
========================================================================
Received Import Request.
  Time since last request: 1083.016994 seconds.
  path: Assets/Coin.prefab
  artifactKey: Guid(edae4ea0ed5542c46b92809ddce1edc1) Importer(815301076,1909f56bfc062723c751e8b465ee728b)
Start importing Assets/Coin.prefab using Guid(edae4ea0ed5542c46b92809ddce1edc1) Importer(815301076,1909f56bfc062723c751e8b465ee728b)  -> (artifact id: '4db702344ce1707a47ab930545ac617e') in 0.065091 seconds
Number of updated asset objects reloaded before import = 0
Number of asset objects unloaded after import = 9
========================================================================
Received Import Request.
  Time since last request: 12.460694 seconds.
  path: Assets/Coin.cs
  artifactKey: Guid(4b93e31b39f257e4a8472527c3256d1b) Importer(815301076,1909f56bfc062723c751e8b465ee728b)
Start importing Assets/Coin.cs using Guid(4b93e31b39f257e4a8472527c3256d1b) Importer(815301076,1909f56bfc062723c751e8b465ee728b)  -> (artifact id: '8dd28762089b09910d742318ddb998c1') in 0.001056 seconds
Number of updated asset objects reloaded before import = 0
Number of asset objects unloaded after import = 0
========================================================================
Received Prepare
Begin MonoManager ReloadAssembly
- Loaded All Assemblies, in  0.682 seconds
Refreshing native plugins compatible for Editor in 5.90 ms, found 4 plugins.
Native extension for WindowsStandalone target not found
Native extension for Android target not found
Native extension for WebGL target not found
[Package Manager] Server::EnsureServerProcessIsRunning -- launch failed, reason: Unity was launched with the -noUpm command-line argument
[Package Manager] UpmClient::Send -- Unable to send message (not connected to UPM process).
[Package Manager] Cannot connect to Unity Package Manager local server
Mono: successfully reloaded assembly
- Finished resetting the current domain, in  2.283 seconds
Domain Reload Profiling: 2959ms
	BeginReloadAssembly (185ms)
		ExecutionOrderSort (0ms)
		DisableScriptedObjects (15ms)
		BackupInstance (0ms)
		ReleaseScriptingObjects (0ms)
		CreateAndSetChildDomain (39ms)
	RebuildCommonClasses (40ms)
	RebuildNativeTypeToScriptingClass (14ms)
	initialDomainReloadingComplete (40ms)
	LoadAllAssembliesAndSetupDomain (397ms)
		LoadAssemblies (457ms)
		RebuildTransferFunctionScriptingTraits (0ms)
		AnalyzeDomain (34ms)
			TypeCache.Refresh (12ms)
				TypeCache.ScanAssembly (0ms)
			ScanForSourceGeneratedMonoScriptInfo (13ms)
			ResolveRequiredComponents (7ms)
	FinalizeReload (2283ms)
		ReleaseScriptCaches (0ms)
		RebuildScriptCaches (0ms)
		SetupLoadedEditorAssemblies (501ms)
			LogAssemblyErrors (0ms)
			InitializePlatformSupportModulesInManaged (30ms)
			SetLoadedEditorAssemblies (4ms)
			RefreshPlugins (0ms)
			BeforeProcessingInitializeOnLoad (81ms)
			ProcessInitializeOnLoadAttributes (341ms)
			ProcessInitializeOnLoadMethodAttributes (36ms)
			AfterProcessingInitializeOnLoad (8ms)
			EditorAssembliesLoaded (0ms)
		ExecutionOrderSort2 (0ms)
		AwakeInstancesAfterBackupRestoration (15ms)
Refreshing native plugins compatible for Editor in 6.35 ms, found 4 plugins.
Preloading 0 native plugins for Editor in 0.00 ms.
Unloading 4026 Unused Serialized files (Serialized files now loaded: 0)
Unloading 42 unused Assets / (217.4 KB). Loaded Objects now: 4703.
Memory consumption went from 227.4 MB to 227.2 MB.
Total: 4.449000 ms (FindLiveObjects: 0.406500 ms CreateObjectMapping: 0.373000 ms MarkObjects: 3.438400 ms  DeleteObjects: 0.229700 ms)

Prepare: number of updated asset objects reloaded= 0
AssetImportParameters requested are different than current active one (requested -> active):
  custom:container-demuxer-ogg: 62fdf1f143b41e24485cea50d1cbac27 -> 
  custom:video-codec-MediaFoundation-h265: 746d11721c4dcdbdad8f713fa42b33f4 -> 
  custom:video-decoder-ogg-theora: a1e56fd34408186e4bbccfd4996cb3dc -> 
  custom:framework-win-MediaFoundation: 216162199b28c13a410421893ffa2e32 -> 
  custom:CustomObjectIndexerAttribute: 6d391050e5a25f67b0a2c618074f2cd9 -> 
  custom:container-demuxer-webm: 4f35f7cbe854078d1ac9338744f61a02 -> 
  custom:container-muxer-webm: aa71ff27fc2769a1b78a27578f13a17b -> 
  custom:video-decoder-webm-vp8: 9c59270c3fd7afecdb556c50c9e8de78 -> 
  custom:SearchIndexIgnoredProperties: e643bd26f0fe6173181afceb89e7c659 -> 
  custom:AudioImporter_EditorPlatform: d09bf68614088b80899f8185d706f6e7 -> 
  custom:video-encoder-webm-vp8: eb34c28f22e8b96e1ab97ce403110664 -> 
  custom:audio-decoder-ogg-vorbis: bf7c407c2cedff20999df2af8eb42d56 -> 
  custom:audio-encoder-webm-vorbis: bf7c407c2cedff20999df2af8eb42d56 -> 
========================================================================
Received Prepare
Begin MonoManager ReloadAssembly
- Loaded All Assemblies, in  0.588 seconds
Refreshing native plugins compatible for Editor in 5.99 ms, found 4 plugins.
Native extension for WindowsStandalone target not found
Native extension for Android target not found
Native extension for WebGL target not found
[Package Manager] Server::EnsureServerProcessIsRunning -- launch failed, reason: Unity was launched with the -noUpm command-line argument
[Package Manager] UpmClient::Send -- Unable to send message (not connected to UPM process).
[Package Manager] Cannot connect to Unity Package Manager local server
Mono: successfully reloaded assembly
- Finished resetting the current domain, in  1.431 seconds
Domain Reload Profiling: 2013ms
	BeginReloadAssembly (180ms)
		ExecutionOrderSort (0ms)
		DisableScriptedObjects (15ms)
		BackupInstance (0ms)
		ReleaseScriptingObjects (0ms)
		CreateAndSetChildDomain (36ms)
	RebuildCommonClasses (51ms)
	RebuildNativeTypeToScriptingClass (22ms)
	initialDomainReloadingComplete (46ms)
	LoadAllAssembliesAndSetupDomain (282ms)
		LoadAssemblies (359ms)
		RebuildTransferFunctionScriptingTraits (0ms)
		AnalyzeDomain (18ms)
			TypeCache.Refresh (8ms)
				TypeCache.ScanAssembly (0ms)
			ScanForSourceGeneratedMonoScriptInfo (0ms)
			ResolveRequiredComponents (8ms)
	FinalizeReload (1432ms)
		ReleaseScriptCaches (0ms)
		RebuildScriptCaches (0ms)
		SetupLoadedEditorAssemblies (524ms)
			LogAssemblyErrors (0ms)
			InitializePlatformSupportModulesInManaged (29ms)
			SetLoadedEditorAssemblies (4ms)
			RefreshPlugins (0ms)
			BeforeProcessingInitializeOnLoad (88ms)
			ProcessInitializeOnLoadAttributes (354ms)
			ProcessInitializeOnLoadMethodAttributes (42ms)
			AfterProcessingInitializeOnLoad (8ms)
			EditorAssembliesLoaded (0ms)
		ExecutionOrderSort2 (0ms)
		AwakeInstancesAfterBackupRestoration (15ms)
Refreshing native plugins compatible for Editor in 5.76 ms, found 4 plugins.
Preloading 0 native plugins for Editor in 0.00 ms.
Unloading 4027 Unused Serialized files (Serialized files now loaded: 0)
Unloading 42 unused Assets / (217.5 KB). Loaded Objects now: 4707.
Memory consumption went from 229.6 MB to 229.3 MB.
Total: 4.206100 ms (FindLiveObjects: 0.377500 ms CreateObjectMapping: 0.329800 ms MarkObjects: 3.186800 ms  DeleteObjects: 0.310900 ms)

Prepare: number of updated asset objects reloaded= 0
AssetImportParameters requested are different than current active one (requested -> active):
  custom:container-demuxer-ogg: 62fdf1f143b41e24485cea50d1cbac27 -> 
  custom:video-codec-MediaFoundation-h265: 746d11721c4dcdbdad8f713fa42b33f4 -> 
  custom:video-decoder-ogg-theora: a1e56fd34408186e4bbccfd4996cb3dc -> 
  custom:framework-win-MediaFoundation: 216162199b28c13a410421893ffa2e32 -> 
  custom:CustomObjectIndexerAttribute: 6d391050e5a25f67b0a2c618074f2cd9 -> 
  custom:container-demuxer-webm: 4f35f7cbe854078d1ac9338744f61a02 -> 
  custom:container-muxer-webm: aa71ff27fc2769a1b78a27578f13a17b -> 
  custom:video-decoder-webm-vp8: 9c59270c3fd7afecdb556c50c9e8de78 -> 
  custom:SearchIndexIgnoredProperties: e643bd26f0fe6173181afceb89e7c659 -> 
  custom:AudioImporter_EditorPlatform: d09bf68614088b80899f8185d706f6e7 -> 
  custom:video-encoder-webm-vp8: eb34c28f22e8b96e1ab97ce403110664 -> 
  custom:audio-decoder-ogg-vorbis: bf7c407c2cedff20999df2af8eb42d56 -> 
  custom:audio-encoder-webm-vorbis: bf7c407c2cedff20999df2af8eb42d56 -> 
========================================================================
Received Import Request.
  Time since last request: 148.580260 seconds.
  path: Assets/Player.prefab
  artifactKey: Guid(9c4eab1bbdb7347429a57341f22b5308) Importer(815301076,1909f56bfc062723c751e8b465ee728b)
Start importing Assets/Player.prefab using Guid(9c4eab1bbdb7347429a57341f22b5308) Importer(815301076,1909f56bfc062723c751e8b465ee728b)  -> (artifact id: '5c1ad84d8631f76cf741cde67ca778c9') in 0.130377 seconds
Number of updated asset objects reloaded before import = 0
Number of asset objects unloaded after import = 82
========================================================================
Received Prepare
Begin MonoManager ReloadAssembly
- Loaded All Assemblies, in  0.629 seconds
Refreshing native plugins compatible for Editor in 8.46 ms, found 4 plugins.
Native extension for WindowsStandalone target not found
Native extension for Android target not found
Native extension for WebGL target not found
[Package Manager] Server::EnsureServerProcessIsRunning -- launch failed, reason: Unity was launched with the -noUpm command-line argument
[Package Manager] UpmClient::Send -- Unable to send message (not connected to UPM process).
[Package Manager] Cannot connect to Unity Package Manager local server
Mono: successfully reloaded assembly
- Finished resetting the current domain, in  2.017 seconds
Domain Reload Profiling: 2642ms
	BeginReloadAssembly (201ms)
		ExecutionOrderSort (0ms)
		DisableScriptedObjects (13ms)
		BackupInstance (0ms)
		ReleaseScriptingObjects (0ms)
		CreateAndSetChildDomain (51ms)
	RebuildCommonClasses (46ms)
	RebuildNativeTypeToScriptingClass (14ms)
	initialDomainReloadingComplete (34ms)
	LoadAllAssembliesAndSetupDomain (331ms)
		LoadAssemblies (413ms)
		RebuildTransferFunctionScriptingTraits (0ms)
		AnalyzeDomain (19ms)
			TypeCache.Refresh (7ms)
				TypeCache.ScanAssembly (0ms)
			ScanForSourceGeneratedMonoScriptInfo (0ms)
			ResolveRequiredComponents (7ms)
	FinalizeReload (2017ms)
		ReleaseScriptCaches (0ms)
		RebuildScriptCaches (0ms)
		SetupLoadedEditorAssemblies (638ms)
			LogAssemblyErrors (0ms)
			InitializePlatformSupportModulesInManaged (38ms)
			SetLoadedEditorAssemblies (5ms)
			RefreshPlugins (0ms)
			BeforeProcessingInitializeOnLoad (106ms)
			ProcessInitializeOnLoadAttributes (424ms)
			ProcessInitializeOnLoadMethodAttributes (54ms)
			AfterProcessingInitializeOnLoad (11ms)
			EditorAssembliesLoaded (0ms)
		ExecutionOrderSort2 (0ms)
		AwakeInstancesAfterBackupRestoration (18ms)
Refreshing native plugins compatible for Editor in 6.44 ms, found 4 plugins.
Preloading 0 native plugins for Editor in 0.00 ms.
Unloading 4026 Unused Serialized files (Serialized files now loaded: 0)
Unloading 42 unused Assets / (217.5 KB). Loaded Objects now: 4711.
Memory consumption went from 231.3 MB to 231.0 MB.
Total: 4.155500 ms (FindLiveObjects: 0.358500 ms CreateObjectMapping: 0.325000 ms MarkObjects: 3.143900 ms  DeleteObjects: 0.326800 ms)

Prepare: number of updated asset objects reloaded= 0
AssetImportParameters requested are different than current active one (requested -> active):
  custom:container-demuxer-ogg: 62fdf1f143b41e24485cea50d1cbac27 -> 
  custom:video-codec-MediaFoundation-h265: 746d11721c4dcdbdad8f713fa42b33f4 -> 
  custom:video-decoder-ogg-theora: a1e56fd34408186e4bbccfd4996cb3dc -> 
  custom:framework-win-MediaFoundation: 216162199b28c13a410421893ffa2e32 -> 
  custom:CustomObjectIndexerAttribute: 6d391050e5a25f67b0a2c618074f2cd9 -> 
  custom:container-demuxer-webm: 4f35f7cbe854078d1ac9338744f61a02 -> 
  custom:container-muxer-webm: aa71ff27fc2769a1b78a27578f13a17b -> 
  custom:video-decoder-webm-vp8: 9c59270c3fd7afecdb556c50c9e8de78 -> 
  custom:SearchIndexIgnoredProperties: e643bd26f0fe6173181afceb89e7c659 -> 
  custom:AudioImporter_EditorPlatform: d09bf68614088b80899f8185d706f6e7 -> 
  custom:video-encoder-webm-vp8: eb34c28f22e8b96e1ab97ce403110664 -> 
  custom:audio-decoder-ogg-vorbis: bf7c407c2cedff20999df2af8eb42d56 -> 
  custom:audio-encoder-webm-vorbis: bf7c407c2cedff20999df2af8eb42d56 -> 
========================================================================
Received Import Request.
  Time since last request: 212.012865 seconds.
  path: Assets/Attack.anim
  artifactKey: Guid(cc5b22ec8399df64c91cd8a2d0561d1f) Importer(2089858483,0ecaa5967403d082aa24f35e1b516d23)
Start importing Assets/Attack.anim using Guid(cc5b22ec8399df64c91cd8a2d0561d1f) Importer(2089858483,0ecaa5967403d082aa24f35e1b516d23) Generated GUIDs only implemented for interfaces!
 -> (artifact id: '70aa0ed6cd2ad6a3fa5beedad77d678a') in 0.129278 seconds
Number of updated asset objects reloaded before import = 0
Number of asset objects unloaded after import = 1
========================================================================
Received Import Request.
  Time since last request: 0.000023 seconds.
  path: Assets/2D Pixel Item Pack/Heavy Outline/S_ItemHeavyOutline_JarGold_01.png
  artifactKey: Guid(24fd49e15c47ec54ab455b14c2430b67) Importer(2089858483,0ecaa5967403d082aa24f35e1b516d23)
Start importing Assets/2D Pixel Item Pack/Heavy Outline/S_ItemHeavyOutline_JarGold_01.png using Guid(24fd49e15c47ec54ab455b14c2430b67) Importer(2089858483,0ecaa5967403d082aa24f35e1b516d23) Generated GUIDs only implemented for interfaces!
 -> (artifact id: '22cce609bae27354cab446526785a8a9') in 0.080843 seconds
Number of updated asset objects reloaded before import = 0
Number of asset objects unloaded after import = 3
========================================================================
Received Import Request.
  Time since last request: 0.000018 seconds.
  path: Assets/2D Pixel Item Pack/Heavy Outline/S_ItemHeavyOutline_CoinRed_00.png
  artifactKey: Guid(436d8a990a1a0ad4fa3e3239c39a361f) Importer(2089858483,0ecaa5967403d082aa24f35e1b516d23)
Start importing Assets/2D Pixel Item Pack/Heavy Outline/S_ItemHeavyOutline_CoinRed_00.png using Guid(436d8a990a1a0ad4fa3e3239c39a361f) Importer(2089858483,0ecaa5967403d082aa24f35e1b516d23) Generated GUIDs only implemented for interfaces!
 -> (artifact id: '2899179e9baf47a237c6640dae24a39b') in 0.034698 seconds
Number of updated asset objects reloaded before import = 0
Number of asset objects unloaded after import = 3
========================================================================
Received Import Request.
  Time since last request: 0.000027 seconds.
  path: Assets/2D Pixel Item Pack/Heavy Outline/S_ItemHeavyOutline_BarrelGreen_00.png
  artifactKey: Guid(e250d79a240c2af489323def30452048) Importer(2089858483,0ecaa5967403d082aa24f35e1b516d23)
Start importing Assets/2D Pixel Item Pack/Heavy Outline/S_ItemHeavyOutline_BarrelGreen_00.png using Guid(e250d79a240c2af489323def30452048) Importer(2089858483,0ecaa5967403d082aa24f35e1b516d23) Generated GUIDs only implemented for interfaces!
 -> (artifact id: '22a79e768f019e80945d85e3317696bd') in 0.037987 seconds
Number of updated asset objects reloaded before import = 0
Number of asset objects unloaded after import = 3
========================================================================
Received Import Request.
  Time since last request: 0.000021 seconds.
  path: Assets/Goal.prefab
  artifactKey: Guid(2ceb0f7743913ad43af94698f8505092) Importer(2089858483,0ecaa5967403d082aa24f35e1b516d23)
Start importing Assets/Goal.prefab using Guid(2ceb0f7743913ad43af94698f8505092) Importer(2089858483,0ecaa5967403d082aa24f35e1b516d23) Generated GUIDs only implemented for interfaces!
 -> (artifact id: 'a645d36da757e07d8153a6beb286bd91') in 0.035658 seconds
Number of updated asset objects reloaded before import = 0
Number of asset objects unloaded after import = 13
========================================================================
Received Import Request.
  Time since last request: 0.000016 seconds.
  path: Assets/Dragon Warrior Files/Read Me.txt
  artifactKey: Guid(563ebafee49d57d4bba6c289e16ec57e) Importer(2089858483,0ecaa5967403d082aa24f35e1b516d23)
Start importing Assets/Dragon Warrior Files/Read Me.txt using Guid(563ebafee49d57d4bba6c289e16ec57e) Importer(2089858483,0ecaa5967403d082aa24f35e1b516d23) Generated GUIDs only implemented for interfaces!
 -> (artifact id: '9731cbd5a92e74671662dca2afaf2349') in 0.018779 seconds
Number of updated asset objects reloaded before import = 0
Number of asset objects unloaded after import = 1
========================================================================
Received Import Request.
  Time since last request: 0.000019 seconds.
  path: Assets/Death.anim
  artifactKey: Guid(e9bed31327c0af1429e47444b18b09e1) Importer(2089858483,0ecaa5967403d082aa24f35e1b516d23)
Start importing Assets/Death.anim using Guid(e9bed31327c0af1429e47444b18b09e1) Importer(2089858483,0ecaa5967403d082aa24f35e1b516d23) Generated GUIDs only implemented for interfaces!
 -> (artifact id: '87b7bc0163aa2fdfa809188062683eeb') in 0.014413 seconds
Number of updated asset objects reloaded before import = 0
Number of asset objects unloaded after import = 1
========================================================================
Received Import Request.
  Time since last request: 0.000016 seconds.
  path: Assets/Grass.prefab
  artifactKey: Guid(3b254ace8a7201a4cbceba16e699c2e1) Importer(2089858483,0ecaa5967403d082aa24f35e1b516d23)
Start importing Assets/Grass.prefab using Guid(3b254ace8a7201a4cbceba16e699c2e1) Importer(2089858483,0ecaa5967403d082aa24f35e1b516d23) Generated GUIDs only implemented for interfaces!
 -> (artifact id: 'a968f7583ab7914f2e339d978759026e') in 0.023190 seconds
Number of updated asset objects reloaded before import = 0
Number of asset objects unloaded after import = 8
========================================================================
Received Import Request.
  Time since last request: 0.000019 seconds.
  path: Assets/2D Pixel Item Pack/Heavy Outline/S_ItemHeavyOutline_CoinGreen_00.png
  artifactKey: Guid(e0d237a6d693d244ab936f97209438d1) Importer(2089858483,0ecaa5967403d082aa24f35e1b516d23)
Start importing Assets/2D Pixel Item Pack/Heavy Outline/S_ItemHeavyOutline_CoinGreen_00.png using Guid(e0d237a6d693d244ab936f97209438d1) Importer(2089858483,0ecaa5967403d082aa24f35e1b516d23) Generated GUIDs only implemented for interfaces!
 -> (artifact id: '3e57f0756c4afb3fca604422a0407797') in 0.039248 seconds
Number of updated asset objects reloaded before import = 0
Number of asset objects unloaded after import = 3
========================================================================
Received Import Request.
  Time since last request: 0.000018 seconds.
  path: Assets/NextSceneUI.cs
  artifactKey: Guid(3959ed1c3a618e344b880f8bc607dd77) Importer(2089858483,0ecaa5967403d082aa24f35e1b516d23)
Start importing Assets/NextSceneUI.cs using Guid(3959ed1c3a618e344b880f8bc607dd77) Importer(2089858483,0ecaa5967403d082aa24f35e1b516d23) Generated GUIDs only implemented for interfaces!
 -> (artifact id: 'ee0daa7efa93f3ccdc1d461dc116f5d5') in 0.011862 seconds
Number of updated asset objects reloaded before import = 0
Number of asset objects unloaded after import = 1
========================================================================
Received Import Request.
  Time since last request: 0.000032 seconds.
  path: Assets/Scenes/GameOverScene.unity
  artifactKey: Guid(3a269c2b1a8be874ca97969dfd4568b0) Importer(2089858483,0ecaa5967403d082aa24f35e1b516d23)
Start importing Assets/Scenes/GameOverScene.unity using Guid(3a269c2b1a8be874ca97969dfd4568b0) Importer(2089858483,0ecaa5967403d082aa24f35e1b516d23) Generated GUIDs only implemented for interfaces!
 -> (artifact id: 'df04599bf8b1393bb8dde3403f2e8fec') in 0.012809 seconds
Number of updated asset objects reloaded before import = 0
Number of asset objects unloaded after import = 1
========================================================================
Received Import Request.
  Time since last request: 0.000023 seconds.
  path: Assets/2D Pixel Item Pack/Heavy Outline/S_ItemHeavyOutline_JarPurple_01.png
  artifactKey: Guid(e3d1eaf805bf5fd49bc8281bac4848b0) Importer(2089858483,0ecaa5967403d082aa24f35e1b516d23)
Start importing Assets/2D Pixel Item Pack/Heavy Outline/S_ItemHeavyOutline_JarPurple_01.png using Guid(e3d1eaf805bf5fd49bc8281bac4848b0) Importer(2089858483,0ecaa5967403d082aa24f35e1b516d23) Generated GUIDs only implemented for interfaces!
 -> (artifact id: 'ddafae9a4c8576ed659ea59ab550279d') in 0.037327 seconds
Number of updated asset objects reloaded before import = 0
Number of asset objects unloaded after import = 3
========================================================================
Received Import Request.
  Time since last request: 0.000025 seconds.
  path: Assets/Idle.anim
  artifactKey: Guid(1ba8f267d8e11ef4e964c02e8c133abe) Importer(2089858483,0ecaa5967403d082aa24f35e1b516d23)
Start importing Assets/Idle.anim using Guid(1ba8f267d8e11ef4e964c02e8c133abe) Importer(2089858483,0ecaa5967403d082aa24f35e1b516d23) Generated GUIDs only implemented for interfaces!
 -> (artifact id: '3534fb39101ba5251e91d0d098100ae2') in 0.014535 seconds
Number of updated asset objects reloaded before import = 0
Number of asset objects unloaded after import = 1
========================================================================
Received Import Request.
  Time since last request: 0.000021 seconds.
  path: Assets/2D Pixel Item Pack/Heavy Outline/S_ItemHeavyOutline_HeartGreen_00.png
  artifactKey: Guid(df20f90b61468cf46ac30fb4d258bdc1) Importer(2089858483,0ecaa5967403d082aa24f35e1b516d23)
Start importing Assets/2D Pixel Item Pack/Heavy Outline/S_ItemHeavyOutline_HeartGreen_00.png using Guid(df20f90b61468cf46ac30fb4d258bdc1) Importer(2089858483,0ecaa5967403d082aa24f35e1b516d23) Generated GUIDs only implemented for interfaces!
 -> (artifact id: '980bbe0a6f0088f07b6bbb4c15286a56') in 0.040513 seconds
Number of updated asset objects reloaded before import = 0
Number of asset objects unloaded after import = 3
========================================================================
Received Import Request.
  Time since last request: 0.000017 seconds.
  path: Assets/2D Pixel Item Pack/Heavy Outline/S_ItemHeavyOutline_JarPurple_00.png
  artifactKey: Guid(f0c791a61d836134ebacb8eed2c6c122) Importer(2089858483,0ecaa5967403d082aa24f35e1b516d23)
Start importing Assets/2D Pixel Item Pack/Heavy Outline/S_ItemHeavyOutline_JarPurple_00.png using Guid(f0c791a61d836134ebacb8eed2c6c122) Importer(2089858483,0ecaa5967403d082aa24f35e1b516d23) Generated GUIDs only implemented for interfaces!
 -> (artifact id: 'a64b97e96e48309ebffc4034c7429ff7') in 0.038825 seconds
Number of updated asset objects reloaded before import = 0
Number of asset objects unloaded after import = 3
========================================================================
Received Import Request.
  Time since last request: 0.000024 seconds.
  path: Assets/Mace Preview.png
  artifactKey: Guid(fd2bcdf3e54ea53458d24db0284940c2) Importer(2089858483,0ecaa5967403d082aa24f35e1b516d23)
Start importing Assets/Mace Preview.png using Guid(fd2bcdf3e54ea53458d24db0284940c2) Importer(2089858483,0ecaa5967403d082aa24f35e1b516d23) Generated GUIDs only implemented for interfaces!
 -> (artifact id: '921169d95081b841511d2d16d7d644d6') in 0.047015 seconds
Number of updated asset objects reloaded before import = 0
Number of asset objects unloaded after import = 3
========================================================================
Received Import Request.
  Time since last request: 0.000018 seconds.
  path: Assets/SpawnPoint.prefab
  artifactKey: Guid(467b99cc879a92641b6bbea5a1ffedda) Importer(2089858483,0ecaa5967403d082aa24f35e1b516d23)
Start importing Assets/SpawnPoint.prefab using Guid(467b99cc879a92641b6bbea5a1ffedda) Importer(2089858483,0ecaa5967403d082aa24f35e1b516d23) Generated GUIDs only implemented for interfaces!
 -> (artifact id: '2b936f28e24ef2b368ccddecfce96f1b') in 0.020542 seconds
Number of updated asset objects reloaded before import = 0
Number of asset objects unloaded after import = 4
========================================================================
Received Import Request.
  Time since last request: 0.000051 seconds.
  path: Assets/Scenes/Level1.unity
  artifactKey: Guid(d741a0ff80310584e8ae5eced59552ee) Importer(2089858483,0ecaa5967403d082aa24f35e1b516d23)
Start importing Assets/Scenes/Level1.unity using Guid(d741a0ff80310584e8ae5eced59552ee) Importer(2089858483,0ecaa5967403d082aa24f35e1b516d23) Generated GUIDs only implemented for interfaces!
 -> (artifact id: '0765a11baea80f365ab2899d2e951461') in 0.016620 seconds
Number of updated asset objects reloaded before import = 0
Number of asset objects unloaded after import = 1
========================================================================
Received Import Request.
  Time since last request: 0.000026 seconds.
  path: Assets/SnowGrass.prefab
  artifactKey: Guid(3bcd3d13eeac9d34897835fa7f66a2ed) Importer(2089858483,0ecaa5967403d082aa24f35e1b516d23)
Start importing Assets/SnowGrass.prefab using Guid(3bcd3d13eeac9d34897835fa7f66a2ed) Importer(2089858483,0ecaa5967403d082aa24f35e1b516d23) Generated GUIDs only implemented for interfaces!
 -> (artifact id: 'e68590afce8b6f4e46449c6a503c6493') in 0.020033 seconds
Number of updated asset objects reloaded before import = 0
Number of asset objects unloaded after import = 11
========================================================================
Received Import Request.
  Time since last request: 0.000023 seconds.
  path: Assets/blue-pattern.jpg
  artifactKey: Guid(3058c6c7e52078343badc085e3c8dfaa) Importer(2089858483,0ecaa5967403d082aa24f35e1b516d23)
Start importing Assets/blue-pattern.jpg using Guid(3058c6c7e52078343badc085e3c8dfaa) Importer(2089858483,0ecaa5967403d082aa24f35e1b516d23) Generated GUIDs only implemented for interfaces!
 -> (artifact id: '3b4366540b018bdef2700b4cd742311c') in 0.048329 seconds
Number of updated asset objects reloaded before import = 0
Number of asset objects unloaded after import = 3
========================================================================
Received Import Request.
  Time since last request: 0.000035 seconds.
  path: Assets/2D Pixel Item Pack/Heavy Outline/S_ItemHeavyOutline_BarrelGold_00.png
  artifactKey: Guid(cfb9534e88f2cca4f998d9620eccbdf9) Importer(2089858483,0ecaa5967403d082aa24f35e1b516d23)
Start importing Assets/2D Pixel Item Pack/Heavy Outline/S_ItemHeavyOutline_BarrelGold_00.png using Guid(cfb9534e88f2cca4f998d9620eccbdf9) Importer(2089858483,0ecaa5967403d082aa24f35e1b516d23) Generated GUIDs only implemented for interfaces!
 -> (artifact id: 'cac470a624ad4d90421934d0a25fdc0f') in 0.041644 seconds
Number of updated asset objects reloaded before import = 0
Number of asset objects unloaded after import = 3
========================================================================
Received Import Request.
  Time since last request: 0.000019 seconds.
  path: Assets/SmallEnemyPlatform.prefab
  artifactKey: Guid(3e2cc15c7cd9f364a8a2101169875fa4) Importer(2089858483,0ecaa5967403d082aa24f35e1b516d23)
Start importing Assets/SmallEnemyPlatform.prefab using Guid(3e2cc15c7cd9f364a8a2101169875fa4) Importer(2089858483,0ecaa5967403d082aa24f35e1b516d23) Generated GUIDs only implemented for interfaces!
 -> (artifact id: 'ce2884ca6cce85af68c8fbf7fe5b9922') in 0.020184 seconds
Number of updated asset objects reloaded before import = 0
Number of asset objects unloaded after import = 48
========================================================================
Received Import Request.
  Time since last request: 0.000022 seconds.
  path: Assets/DesertHill.prefab
  artifactKey: Guid(94ecdec8c8cb330488324f9c9e8f293a) Importer(2089858483,0ecaa5967403d082aa24f35e1b516d23)
Start importing Assets/DesertHill.prefab using Guid(94ecdec8c8cb330488324f9c9e8f293a) Importer(2089858483,0ecaa5967403d082aa24f35e1b516d23) Generated GUIDs only implemented for interfaces!
 -> (artifact id: 'b051fa6d6053dcb503a10f9c3e08a684') in 0.025230 seconds
Number of updated asset objects reloaded before import = 0
Number of asset objects unloaded after import = 26
========================================================================
Received Import Request.
  Time since last request: 0.000024 seconds.
  path: Assets/DesertFloor.prefab
  artifactKey: Guid(f887fec5ad6e9c24eb824303818b47d8) Importer(2089858483,0ecaa5967403d082aa24f35e1b516d23)
Start importing Assets/DesertFloor.prefab using Guid(f887fec5ad6e9c24eb824303818b47d8) Importer(2089858483,0ecaa5967403d082aa24f35e1b516d23) Generated GUIDs only implemented for interfaces!
 -> (artifact id: '088da1f7215ede75f8f453246aacada6') in 0.023184 seconds
Number of updated asset objects reloaded before import = 0
Number of asset objects unloaded after import = 21
========================================================================
Received Import Request.
  Time since last request: 0.000032 seconds.
  path: Assets/2D Pixel Item Pack/Heavy Outline/S_ItemHeavyOutline_CoinBlue_00.png
  artifactKey: Guid(4e70cd05a0e304940aeeaa167e472f22) Importer(2089858483,0ecaa5967403d082aa24f35e1b516d23)
Start importing Assets/2D Pixel Item Pack/Heavy Outline/S_ItemHeavyOutline_CoinBlue_00.png using Guid(4e70cd05a0e304940aeeaa167e472f22) Importer(2089858483,0ecaa5967403d082aa24f35e1b516d23) Generated GUIDs only implemented for interfaces!
 -> (artifact id: '6bc56fd281f8a6d3eefcffef5537c237') in 0.036491 seconds
Number of updated asset objects reloaded before import = 0
Number of asset objects unloaded after import = 3
========================================================================
Received Import Request.
  Time since last request: 0.000018 seconds.
  path: Assets/2D Pixel Item Pack/Heavy Outline/S_ItemHeavyOutline_JarGold_00.png
  artifactKey: Guid(5775109fdaceec14bacc8fa0025883a4) Importer(2089858483,0ecaa5967403d082aa24f35e1b516d23)
Start importing Assets/2D Pixel Item Pack/Heavy Outline/S_ItemHeavyOutline_JarGold_00.png using Guid(5775109fdaceec14bacc8fa0025883a4) Importer(2089858483,0ecaa5967403d082aa24f35e1b516d23) Generated GUIDs only implemented for interfaces!
 -> (artifact id: 'ad85ccd4745b095fdb4c9a243a0af184') in 0.038526 seconds
Number of updated asset objects reloaded before import = 0
Number of asset objects unloaded after import = 3
========================================================================
Received Import Request.
  Time since last request: 0.000023 seconds.
  path: Assets/2D Pixel Item Pack/Heavy Outline/S_ItemHeavyOutline_JarGreen_00.png
  artifactKey: Guid(6d66159f201fc9d4ab6edf9f5ccc0414) Importer(2089858483,0ecaa5967403d082aa24f35e1b516d23)
Start importing Assets/2D Pixel Item Pack/Heavy Outline/S_ItemHeavyOutline_JarGreen_00.png using Guid(6d66159f201fc9d4ab6edf9f5ccc0414) Importer(2089858483,0ecaa5967403d082aa24f35e1b516d23) Generated GUIDs only implemented for interfaces!
 -> (artifact id: '99edc4f446573d0b04144cdda42c86e4') in 0.041961 seconds
Number of updated asset objects reloaded before import = 0
Number of asset objects unloaded after import = 3
========================================================================
Received Import Request.
  Time since last request: 0.000019 seconds.
  path: Assets/Coin.prefab
  artifactKey: Guid(edae4ea0ed5542c46b92809ddce1edc1) Importer(2089858483,0ecaa5967403d082aa24f35e1b516d23)
Start importing Assets/Coin.prefab using Guid(edae4ea0ed5542c46b92809ddce1edc1) Importer(2089858483,0ecaa5967403d082aa24f35e1b516d23) Generated GUIDs only implemented for interfaces!
 -> (artifact id: 'de8356f19491638668ab822bd3487f86') in 0.023493 seconds
Number of updated asset objects reloaded before import = 0
Number of asset objects unloaded after import = 9
========================================================================
Received Import Request.
  Time since last request: 0.000034 seconds.
  path: Assets/Menu.cs
  artifactKey: Guid(1c4a1ea9de2dbb04bba0be7efb02906a) Importer(2089858483,0ecaa5967403d082aa24f35e1b516d23)
Start importing Assets/Menu.cs using Guid(1c4a1ea9de2dbb04bba0be7efb02906a) Importer(2089858483,0ecaa5967403d082aa24f35e1b516d23) Generated GUIDs only implemented for interfaces!
 -> (artifact id: 'cec6a4282a3e2793e5f85e25f1fbf372') in 0.012281 seconds
Number of updated asset objects reloaded before import = 0
Number of asset objects unloaded after import = 1
========================================================================
Received Import Request.
  Time since last request: 0.000018 seconds.
  path: Assets/SmallMace.prefab
  artifactKey: Guid(0a539369f4bd9bc4daf78d7afce092f6) Importer(2089858483,0ecaa5967403d082aa24f35e1b516d23)
Start importing Assets/SmallMace.prefab using Guid(0a539369f4bd9bc4daf78d7afce092f6) Importer(2089858483,0ecaa5967403d082aa24f35e1b516d23) Generated GUIDs only implemented for interfaces!
 -> (artifact id: '2a4f401ef1798755c06b0192d1cc339f') in 0.013794 seconds
Number of updated asset objects reloaded before import = 0
Number of asset objects unloaded after import = 18
========================================================================
Received Import Request.
  Time since last request: 0.000024 seconds.
  path: Assets/SnowMovableBlock.prefab
  artifactKey: Guid(cc8ca3263308899448ee6616dc9c4fcd) Importer(2089858483,0ecaa5967403d082aa24f35e1b516d23)
Start importing Assets/SnowMovableBlock.prefab using Guid(cc8ca3263308899448ee6616dc9c4fcd) Importer(2089858483,0ecaa5967403d082aa24f35e1b516d23) Generated GUIDs only implemented for interfaces!
 -> (artifact id: 'f0a839fa5a335cead9487194ed3d8a3f') in 0.018215 seconds
Number of updated asset objects reloaded before import = 0
Number of asset objects unloaded after import = 24
========================================================================
Received Import Request.
  Time since last request: 0.000027 seconds.
  path: Assets/BigMace.prefab
  artifactKey: Guid(363d6f62083982940b6152fff338f033) Importer(2089858483,0ecaa5967403d082aa24f35e1b516d23)
Start importing Assets/BigMace.prefab using Guid(363d6f62083982940b6152fff338f033) Importer(2089858483,0ecaa5967403d082aa24f35e1b516d23) Generated GUIDs only implemented for interfaces!
 -> (artifact id: '2a1dd8b1684c71636bd26b070d9d9b3c') in 0.017145 seconds
Number of updated asset objects reloaded before import = 0
Number of asset objects unloaded after import = 18
========================================================================
Received Import Request.
  Time since last request: 0.000019 seconds.
  path: Assets/2D Pixel Item Pack/Heavy Outline/S_ItemHeavyOutline_ChestGreen_00.png
  artifactKey: Guid(8efcec33cbef00a4891b69af35df1b97) Importer(2089858483,0ecaa5967403d082aa24f35e1b516d23)
Start importing Assets/2D Pixel Item Pack/Heavy Outline/S_ItemHeavyOutline_ChestGreen_00.png using Guid(8efcec33cbef00a4891b69af35df1b97) Importer(2089858483,0ecaa5967403d082aa24f35e1b516d23) Generated GUIDs only implemented for interfaces!
 -> (artifact id: '814e51bdccc412d8cb3f8f3186c72e71') in 0.036128 seconds
Number of updated asset objects reloaded before import = 0
Number of asset objects unloaded after import = 3
========================================================================
Received Import Request.
  Time since last request: 0.000022 seconds.
  path: Assets/DesertGrass.prefab
  artifactKey: Guid(c350c008f4d85d04cac662c7d0331291) Importer(2089858483,0ecaa5967403d082aa24f35e1b516d23)
Start importing Assets/DesertGrass.prefab using Guid(c350c008f4d85d04cac662c7d0331291) Importer(2089858483,0ecaa5967403d082aa24f35e1b516d23) Generated GUIDs only implemented for interfaces!
 -> (artifact id: '7df37ba70137d1929b69bfb1ffd4a73e') in 0.018347 seconds
Number of updated asset objects reloaded before import = 0
Number of asset objects unloaded after import = 11
========================================================================
Received Import Request.
  Time since last request: 0.000017 seconds.
  path: Assets/2D Pixel Item Pack/Heavy Outline/S_ItemHeavyOutline_HeartRed_00.png
  artifactKey: Guid(15cc575b0d9a36846838578bfb080819) Importer(2089858483,0ecaa5967403d082aa24f35e1b516d23)
Start importing Assets/2D Pixel Item Pack/Heavy Outline/S_ItemHeavyOutline_HeartRed_00.png using Guid(15cc575b0d9a36846838578bfb080819) Importer(2089858483,0ecaa5967403d082aa24f35e1b516d23) Generated GUIDs only implemented for interfaces!
 -> (artifact id: 'f340d7b4704a18d97594e9158f0e2e23') in 0.037652 seconds
Number of updated asset objects reloaded before import = 0
Number of asset objects unloaded after import = 3
========================================================================
Received Import Request.
  Time since last request: 0.000022 seconds.
  path: Assets/GameOverController.cs
  artifactKey: Guid(37cc25c2911bae142a2a9a73813c0a37) Importer(2089858483,0ecaa5967403d082aa24f35e1b516d23)
Start importing Assets/GameOverController.cs using Guid(37cc25c2911bae142a2a9a73813c0a37) Importer(2089858483,0ecaa5967403d082aa24f35e1b516d23) Generated GUIDs only implemented for interfaces!
 -> (artifact id: '0da5d549b12e36f7cb1c74aa60490d2f') in 0.012511 seconds
Number of updated asset objects reloaded before import = 0
Number of asset objects unloaded after import = 1
========================================================================
Received Import Request.
  Time since last request: 0.000039 seconds.
  path: Assets/ScoreManager.cs
  artifactKey: Guid(85ed172f785269a4dbc82bfea0d67814) Importer(2089858483,0ecaa5967403d082aa24f35e1b516d23)
Start importing Assets/ScoreManager.cs using Guid(85ed172f785269a4dbc82bfea0d67814) Importer(2089858483,0ecaa5967403d082aa24f35e1b516d23) Generated GUIDs only implemented for interfaces!
 -> (artifact id: 'bd1febe9358be43d4bffeddab9d7af7f') in 0.011711 seconds
Number of updated asset objects reloaded before import = 0
Number of asset objects unloaded after import = 1
========================================================================
Received Import Request.
  Time since last request: 0.000030 seconds.
  path: Assets/2D Pixel Item Pack/Heavy Outline/S_ItemHeavyOutline_BarrelRed_00.png
  artifactKey: Guid(15fd679098c39bd4890d7e0cd1d49d15) Importer(2089858483,0ecaa5967403d082aa24f35e1b516d23)
Start importing Assets/2D Pixel Item Pack/Heavy Outline/S_ItemHeavyOutline_BarrelRed_00.png using Guid(15fd679098c39bd4890d7e0cd1d49d15) Importer(2089858483,0ecaa5967403d082aa24f35e1b516d23) Generated GUIDs only implemented for interfaces!
 -> (artifact id: 'b510386c9d2a818ed6ee91b713162419') in 0.034384 seconds
Number of updated asset objects reloaded before import = 0
Number of asset objects unloaded after import = 3
========================================================================
Received Import Request.
  Time since last request: 0.000024 seconds.
  path: Assets/FireballController.cs
  artifactKey: Guid(8b80bbfd45f27bd4694afd0119e71db7) Importer(2089858483,0ecaa5967403d082aa24f35e1b516d23)
Start importing Assets/FireballController.cs using Guid(8b80bbfd45f27bd4694afd0119e71db7) Importer(2089858483,0ecaa5967403d082aa24f35e1b516d23) Generated GUIDs only implemented for interfaces!
 -> (artifact id: '4c4c3abaed8b4a6e9a39879a52d7e815') in 0.012028 seconds
Number of updated asset objects reloaded before import = 0
Number of asset objects unloaded after import = 1
========================================================================
Received Import Request.
  Time since last request: 0.000089 seconds.
  path: Assets/EnemyDragon.controller
  artifactKey: Guid(65dcce125c3208b40aba7bcd64c7a404) Importer(2089858483,0ecaa5967403d082aa24f35e1b516d23)
Start importing Assets/EnemyDragon.controller using Guid(65dcce125c3208b40aba7bcd64c7a404) Importer(2089858483,0ecaa5967403d082aa24f35e1b516d23) Generated GUIDs only implemented for interfaces!
 -> (artifact id: '23c4eb7933078c8f94897abd6719d4d2') in 0.012736 seconds
Number of updated asset objects reloaded before import = 0
Number of asset objects unloaded after import = 13
========================================================================
Received Import Request.
  Time since last request: 0.000016 seconds.
  path: Assets/Fireball.anim
  artifactKey: Guid(9d8c4d6d7a51b9641801b0d7404aef56) Importer(2089858483,0ecaa5967403d082aa24f35e1b516d23)
Start importing Assets/Fireball.anim using Guid(9d8c4d6d7a51b9641801b0d7404aef56) Importer(2089858483,0ecaa5967403d082aa24f35e1b516d23) Generated GUIDs only implemented for interfaces!
 -> (artifact id: '07e0016b4c240b1a5305e8e89a49f28b') in 0.014960 seconds
Number of updated asset objects reloaded before import = 0
Number of asset objects unloaded after import = 1
========================================================================
Received Import Request.
  Time since last request: 0.000017 seconds.
  path: Assets/TowerMP.prefab
  artifactKey: Guid(18c9c9b082f52bd418e93065a62196e1) Importer(2089858483,0ecaa5967403d082aa24f35e1b516d23)
Start importing Assets/TowerMP.prefab using Guid(18c9c9b082f52bd418e93065a62196e1) Importer(2089858483,0ecaa5967403d082aa24f35e1b516d23) Generated GUIDs only implemented for interfaces!
 -> (artifact id: 'da8e0603c7525cab27df027ef947344b') in 0.013140 seconds
Number of updated asset objects reloaded before import = 0
Number of asset objects unloaded after import = 33
========================================================================
Received Import Request.
  Time since last request: 0.000017 seconds.
  path: Assets/Coin.cs
  artifactKey: Guid(4b93e31b39f257e4a8472527c3256d1b) Importer(2089858483,0ecaa5967403d082aa24f35e1b516d23)
Start importing Assets/Coin.cs using Guid(4b93e31b39f257e4a8472527c3256d1b) Importer(2089858483,0ecaa5967403d082aa24f35e1b516d23) Generated GUIDs only implemented for interfaces!
 -> (artifact id: '546ab087defc889635bbeb73affb55a8') in 0.010521 seconds
Number of updated asset objects reloaded before import = 0
Number of asset objects unloaded after import = 1
========================================================================
Received Import Request.
  Time since last request: 0.000129 seconds.
  path: Assets/TowerMMEnemy.prefab
  artifactKey: Guid(bf2afc804c308f24eae554aa4f3cff5c) Importer(2089858483,0ecaa5967403d082aa24f35e1b516d23)
Start importing Assets/TowerMMEnemy.prefab using Guid(bf2afc804c308f24eae554aa4f3cff5c) Importer(2089858483,0ecaa5967403d082aa24f35e1b516d23) Generated GUIDs only implemented for interfaces!
 -> (artifact id: 'fab11ab20f4a0258ff0c0454f61f0f50') in 0.011131 seconds
Number of updated asset objects reloaded before import = 0
Number of asset objects unloaded after import = 54
========================================================================
Received Import Request.
  Time since last request: 0.000017 seconds.
  path: Assets/2D Pixel Item Pack/Heavy Outline/S_ItemHeavyOutline_BarrelBlue_00.png
  artifactKey: Guid(4fb9f67910e50d44ca9c91a218593b79) Importer(2089858483,0ecaa5967403d082aa24f35e1b516d23)
Start importing Assets/2D Pixel Item Pack/Heavy Outline/S_ItemHeavyOutline_BarrelBlue_00.png using Guid(4fb9f67910e50d44ca9c91a218593b79) Importer(2089858483,0ecaa5967403d082aa24f35e1b516d23) Generated GUIDs only implemented for interfaces!
 -> (artifact id: '3e9d464b00d12c1a089cea0377bd20c5') in 0.035320 seconds
Number of updated asset objects reloaded before import = 0
Number of asset objects unloaded after import = 3
========================================================================
Received Import Request.
  Time since last request: 0.000017 seconds.
  path: Assets/2D Pixel Item Pack/Heavy Outline/S_ItemHeavyOutline_HeartBlue_00.png
  artifactKey: Guid(11497421820b4c44f8fa0bd0cc98f1fd) Importer(2089858483,0ecaa5967403d082aa24f35e1b516d23)
Start importing Assets/2D Pixel Item Pack/Heavy Outline/S_ItemHeavyOutline_HeartBlue_00.png using Guid(11497421820b4c44f8fa0bd0cc98f1fd) Importer(2089858483,0ecaa5967403d082aa24f35e1b516d23) Generated GUIDs only implemented for interfaces!
 -> (artifact id: '80833d1d581fdbf0a73027819d9e4fde') in 0.036965 seconds
Number of updated asset objects reloaded before import = 0
Number of asset objects unloaded after import = 3
========================================================================
Received Import Request.
  Time since last request: 0.000018 seconds.
  path: Assets/EnemyDragon.cs
  artifactKey: Guid(06c944156a6a19549bbd1ae63c54477c) Importer(2089858483,0ecaa5967403d082aa24f35e1b516d23)
Start importing Assets/EnemyDragon.cs using Guid(06c944156a6a19549bbd1ae63c54477c) Importer(2089858483,0ecaa5967403d082aa24f35e1b516d23) Generated GUIDs only implemented for interfaces!
 -> (artifact id: '109aeaf555ca8c79c7966bf8b02d11b1') in 0.012513 seconds
Number of updated asset objects reloaded before import = 0
Number of asset objects unloaded after import = 1
========================================================================
Received Import Request.
  Time since last request: 0.000020 seconds.
  path: Assets/ScoreController.prefab
  artifactKey: Guid(d194dc5c208c74e49a4414ef84935201) Importer(2089858483,0ecaa5967403d082aa24f35e1b516d23)
Start importing Assets/ScoreController.prefab using Guid(d194dc5c208c74e49a4414ef84935201) Importer(2089858483,0ecaa5967403d082aa24f35e1b516d23) Generated GUIDs only implemented for interfaces!
 -> (artifact id: 'e5a6c3357c88a562ad251a76b18d4819') in 0.012596 seconds
Number of updated asset objects reloaded before import = 0
Number of asset objects unloaded after import = 5
========================================================================
Received Import Request.
  Time since last request: 0.000018 seconds.
  path: Assets/2D Pixel Item Pack/Heavy Outline/S_ItemHeavyOutline_PotionBlue_00.png
  artifactKey: Guid(16a19be914363964790a17ef8b0bb192) Importer(2089858483,0ecaa5967403d082aa24f35e1b516d23)
Start importing Assets/2D Pixel Item Pack/Heavy Outline/S_ItemHeavyOutline_PotionBlue_00.png using Guid(16a19be914363964790a17ef8b0bb192) Importer(2089858483,0ecaa5967403d082aa24f35e1b516d23) Generated GUIDs only implemented for interfaces!
 -> (artifact id: '6cc18b3f5e832e449fa6e4305773ba6b') in 0.037244 seconds
Number of updated asset objects reloaded before import = 0
Number of asset objects unloaded after import = 3
========================================================================
Received Import Request.
  Time since last request: 0.735267 seconds.
  path: Assets/2D Pixel Item Pack/Heavy Outline/S_ItemHeavyOutline_PotionBlue_02.png
  artifactKey: Guid(496254eaa192f7946a180ced39f4ffe3) Importer(2089858483,0ecaa5967403d082aa24f35e1b516d23)
Start importing Assets/2D Pixel Item Pack/Heavy Outline/S_ItemHeavyOutline_PotionBlue_02.png using Guid(496254eaa192f7946a180ced39f4ffe3) Importer(2089858483,0ecaa5967403d082aa24f35e1b516d23) Generated GUIDs only implemented for interfaces!
 -> (artifact id: 'cb7651a67c2554e8728eb8a4bcb249d1') in 0.030979 seconds
Number of updated asset objects reloaded before import = 0
Number of asset objects unloaded after import = 3
========================================================================
Received Import Request.
  Time since last request: 0.000025 seconds.
  path: Assets/2D Pixel Item Pack/No Outline/S_ItemNoOutline_PotionBlue_02.png
  artifactKey: Guid(3167e107b47c92e45a9374f88953048f) Importer(2089858483,0ecaa5967403d082aa24f35e1b516d23)
Start importing Assets/2D Pixel Item Pack/No Outline/S_ItemNoOutline_PotionBlue_02.png using Guid(3167e107b47c92e45a9374f88953048f) Importer(2089858483,0ecaa5967403d082aa24f35e1b516d23) Generated GUIDs only implemented for interfaces!
 -> (artifact id: '9c4a298e4a48dfcab93e19f13a6ffc8f') in 0.037143 seconds
Number of updated asset objects reloaded before import = 0
Number of asset objects unloaded after import = 3
========================================================================
Received Import Request.
  Time since last request: 0.000020 seconds.
  path: Assets/2D Pixel Item Pack/No Outline/S_ItemNoOutline_BarrelBlue_00.png
  artifactKey: Guid(f723f733b9289b5489cab1fac4d6a1c9) Importer(2089858483,0ecaa5967403d082aa24f35e1b516d23)
Start importing Assets/2D Pixel Item Pack/No Outline/S_ItemNoOutline_BarrelBlue_00.png using Guid(f723f733b9289b5489cab1fac4d6a1c9) Importer(2089858483,0ecaa5967403d082aa24f35e1b516d23) Generated GUIDs only implemented for interfaces!
 -> (artifact id: 'cb4d077fe08c4e10140d29881f965900') in 0.039510 seconds
Number of updated asset objects reloaded before import = 0
Number of asset objects unloaded after import = 3
========================================================================
Received Import Request.
  Time since last request: 0.000018 seconds.
  path: Assets/2D Pixel Item Pack/No Outline/S_ItemNoOutline_PotionGreen_00.png
  artifactKey: Guid(94d06af37f640cb46abbec58f544e4f3) Importer(2089858483,0ecaa5967403d082aa24f35e1b516d23)
Start importing Assets/2D Pixel Item Pack/No Outline/S_ItemNoOutline_PotionGreen_00.png using Guid(94d06af37f640cb46abbec58f544e4f3) Importer(2089858483,0ecaa5967403d082aa24f35e1b516d23) Generated GUIDs only implemented for interfaces!
 -> (artifact id: '676eb775ab4a96361f04581bd0ddc781') in 0.037957 seconds
Number of updated asset objects reloaded before import = 0
Number of asset objects unloaded after import = 3
========================================================================
Received Import Request.
  Time since last request: 0.000031 seconds.
  path: Assets/2D Pixel Item Pack/No Outline/S_ItemNoOutline_PotionPurple_01.png
  artifactKey: Guid(1db171dfa076c734ea11134720a7609d) Importer(2089858483,0ecaa5967403d082aa24f35e1b516d23)
Start importing Assets/2D Pixel Item Pack/No Outline/S_ItemNoOutline_PotionPurple_01.png using Guid(1db171dfa076c734ea11134720a7609d) Importer(2089858483,0ecaa5967403d082aa24f35e1b516d23) Generated GUIDs only implemented for interfaces!
 -> (artifact id: 'fbb9c40a4643b45f4f772054b192a096') in 0.039629 seconds
Number of updated asset objects reloaded before import = 0
Number of asset objects unloaded after import = 3
========================================================================
Received Import Request.
  Time since last request: 0.000019 seconds.
  path: Assets/2D Pixel Item Pack/No Outline/S_ItemNoOutline_PotionPurple_02.png
  artifactKey: Guid(3dfa7f6656ff88646a1ee3ff95805426) Importer(2089858483,0ecaa5967403d082aa24f35e1b516d23)
Start importing Assets/2D Pixel Item Pack/No Outline/S_ItemNoOutline_PotionPurple_02.png using Guid(3dfa7f6656ff88646a1ee3ff95805426) Importer(2089858483,0ecaa5967403d082aa24f35e1b516d23) Generated GUIDs only implemented for interfaces!
 -> (artifact id: 'b5fc99b0b31e1fb3c1f052f58d0149cf') in 0.040051 seconds
Number of updated asset objects reloaded before import = 0
Number of asset objects unloaded after import = 3
========================================================================
Received Import Request.
  Time since last request: 0.000022 seconds.
  path: Assets/2D Pixel Item Pack/Light Outline/S_ItemLightOutline_JarGold_00.png
  artifactKey: Guid(8f1eb9295cb78b44bbdfbfcc04681612) Importer(2089858483,0ecaa5967403d082aa24f35e1b516d23)
Start importing Assets/2D Pixel Item Pack/Light Outline/S_ItemLightOutline_JarGold_00.png using Guid(8f1eb9295cb78b44bbdfbfcc04681612) Importer(2089858483,0ecaa5967403d082aa24f35e1b516d23) Generated GUIDs only implemented for interfaces!
 -> (artifact id: 'ad24f1e579b8d8669d2f766e4f991f7b') in 0.036725 seconds
Number of updated asset objects reloaded before import = 0
Number of asset objects unloaded after import = 3
========================================================================
Received Import Request.
  Time since last request: 0.000020 seconds.
  path: Assets/2D Pixel Item Pack/Heavy Outline/S_ItemHeavyOutline_PotionGold_01.png
  artifactKey: Guid(896b834b8d11cca4b8293dd8e75d2e74) Importer(2089858483,0ecaa5967403d082aa24f35e1b516d23)
Start importing Assets/2D Pixel Item Pack/Heavy Outline/S_ItemHeavyOutline_PotionGold_01.png using Guid(896b834b8d11cca4b8293dd8e75d2e74) Importer(2089858483,0ecaa5967403d082aa24f35e1b516d23) Generated GUIDs only implemented for interfaces!
 -> (artifact id: '079af8db26391d720b960bebaac1355f') in 0.035216 seconds
Number of updated asset objects reloaded before import = 0
Number of asset objects unloaded after import = 3
========================================================================
Received Import Request.
  Time since last request: 0.000021 seconds.
  path: Assets/2D Pixel Item Pack/No Outline/S_ItemNoOutline_PotionGold_00.png
  artifactKey: Guid(85345332a6c9ae74c820aad6486f1b00) Importer(2089858483,0ecaa5967403d082aa24f35e1b516d23)
Start importing Assets/2D Pixel Item Pack/No Outline/S_ItemNoOutline_PotionGold_00.png using Guid(85345332a6c9ae74c820aad6486f1b00) Importer(2089858483,0ecaa5967403d082aa24f35e1b516d23) Generated GUIDs only implemented for interfaces!
 -> (artifact id: '7db08e60737ffb3d384b1e55fe27c3f8') in 0.036643 seconds
Number of updated asset objects reloaded before import = 0
Number of asset objects unloaded after import = 3
========================================================================
Received Import Request.
  Time since last request: 0.000018 seconds.
  path: Assets/2D Pixel Item Pack/Heavy Outline/S_ItemHeavyOutline_PotionRed_02.png
  artifactKey: Guid(ea665887fc114a1419626aa55d7eb60c) Importer(2089858483,0ecaa5967403d082aa24f35e1b516d23)
Start importing Assets/2D Pixel Item Pack/Heavy Outline/S_ItemHeavyOutline_PotionRed_02.png using Guid(ea665887fc114a1419626aa55d7eb60c) Importer(2089858483,0ecaa5967403d082aa24f35e1b516d23) Generated GUIDs only implemented for interfaces!
 -> (artifact id: 'b637a943bf77dc46b2d9ed1a6c8ba718') in 0.038832 seconds
Number of updated asset objects reloaded before import = 0
Number of asset objects unloaded after import = 3
========================================================================
Received Import Request.
  Time since last request: 0.000028 seconds.
  path: Assets/2D Pixel Item Pack/Light Outline/S_ItemLightOutline_HeartGold_00.png
  artifactKey: Guid(e54c6acda6f477d4e98b6e6068d68226) Importer(2089858483,0ecaa5967403d082aa24f35e1b516d23)
Start importing Assets/2D Pixel Item Pack/Light Outline/S_ItemLightOutline_HeartGold_00.png using Guid(e54c6acda6f477d4e98b6e6068d68226) Importer(2089858483,0ecaa5967403d082aa24f35e1b516d23) Generated GUIDs only implemented for interfaces!
 -> (artifact id: 'b5bb33bd0f229ff52d1a7b74e0b9f61e') in 0.033941 seconds
Number of updated asset objects reloaded before import = 0
Number of asset objects unloaded after import = 3
========================================================================
Received Import Request.
  Time since last request: 0.009618 seconds.
  path: Assets/2D Pixel Item Pack/No Outline/S_ItemNoOutline_JarBlue_01.png
  artifactKey: Guid(a1ec6f9c7dfcba144b65d9ae74c1b33f) Importer(2089858483,0ecaa5967403d082aa24f35e1b516d23)
Start importing Assets/2D Pixel Item Pack/No Outline/S_ItemNoOutline_JarBlue_01.png using Guid(a1ec6f9c7dfcba144b65d9ae74c1b33f) Importer(2089858483,0ecaa5967403d082aa24f35e1b516d23) Generated GUIDs only implemented for interfaces!
 -> (artifact id: 'b5ee40b63766982e42a2d701a5cd676c') in 0.038081 seconds
Number of updated asset objects reloaded before import = 0
Number of asset objects unloaded after import = 3
========================================================================
Received Import Request.
  Time since last request: 0.000023 seconds.
  path: Assets/2D Pixel Item Pack/Light Outline/S_ItemLightOutline_ChestGreen_00.png
  artifactKey: Guid(ab41f89bf5328bf4ebe8ed404f1542a9) Importer(2089858483,0ecaa5967403d082aa24f35e1b516d23)
Start importing Assets/2D Pixel Item Pack/Light Outline/S_ItemLightOutline_ChestGreen_00.png using Guid(ab41f89bf5328bf4ebe8ed404f1542a9) Importer(2089858483,0ecaa5967403d082aa24f35e1b516d23) Generated GUIDs only implemented for interfaces!
 -> (artifact id: 'e41e12a7d7dd892a89512553cfdf2e00') in 0.035309 seconds
Number of updated asset objects reloaded before import = 0
Number of asset objects unloaded after import = 3
========================================================================
Received Import Request.
  Time since last request: 0.000018 seconds.
  path: Assets/2D Pixel Item Pack/Light Outline/S_ItemLightOutline_HeartBlue_00.png
  artifactKey: Guid(150281c69eb43b94b9c15cae75464a57) Importer(2089858483,0ecaa5967403d082aa24f35e1b516d23)
Start importing Assets/2D Pixel Item Pack/Light Outline/S_ItemLightOutline_HeartBlue_00.png using Guid(150281c69eb43b94b9c15cae75464a57) Importer(2089858483,0ecaa5967403d082aa24f35e1b516d23) Generated GUIDs only implemented for interfaces!
 -> (artifact id: 'd7a160798aa0e11de05f478a0383f231') in 0.037614 seconds
Number of updated asset objects reloaded before import = 0
Number of asset objects unloaded after import = 3
========================================================================
Received Import Request.
  Time since last request: 0.000017 seconds.
  path: Assets/2D Pixel Item Pack/Light Outline/S_ItemLightOutline_PotionGold_00.png
  artifactKey: Guid(c8bdd335029a8294689a5fb138a9cfd9) Importer(2089858483,0ecaa5967403d082aa24f35e1b516d23)
Start importing Assets/2D Pixel Item Pack/Light Outline/S_ItemLightOutline_PotionGold_00.png using Guid(c8bdd335029a8294689a5fb138a9cfd9) Importer(2089858483,0ecaa5967403d082aa24f35e1b516d23) Generated GUIDs only implemented for interfaces!
 -> (artifact id: 'd5a99ea9ba12f4dedc0e233c08ae6910') in 0.033819 seconds
Number of updated asset objects reloaded before import = 0
Number of asset objects unloaded after import = 3
========================================================================
Received Import Request.
  Time since last request: 0.000017 seconds.
  path: Assets/2D Pixel Item Pack/No Outline/S_ItemNoOutline_ChestGreen_00.png
  artifactKey: Guid(140eecf15b8d8724d974cfbdc86c5629) Importer(2089858483,0ecaa5967403d082aa24f35e1b516d23)
Start importing Assets/2D Pixel Item Pack/No Outline/S_ItemNoOutline_ChestGreen_00.png using Guid(140eecf15b8d8724d974cfbdc86c5629) Importer(2089858483,0ecaa5967403d082aa24f35e1b516d23) Generated GUIDs only implemented for interfaces!
 -> (artifact id: 'edd10df15629cbc4b3f34e40d04ed7d7') in 0.039785 seconds
Number of updated asset objects reloaded before import = 0
Number of asset objects unloaded after import = 3
========================================================================
Received Import Request.
  Time since last request: 0.000020 seconds.
  path: Assets/2D Pixel Item Pack/No Outline/S_ItemNoOutline_CoinBlue_00.png
  artifactKey: Guid(e51331a95da8f4c4f93a1172063345fb) Importer(2089858483,0ecaa5967403d082aa24f35e1b516d23)
Start importing Assets/2D Pixel Item Pack/No Outline/S_ItemNoOutline_CoinBlue_00.png using Guid(e51331a95da8f4c4f93a1172063345fb) Importer(2089858483,0ecaa5967403d082aa24f35e1b516d23) Generated GUIDs only implemented for interfaces!
 -> (artifact id: 'f0da279c1d5b633f412fe111f0296471') in 0.040192 seconds
Number of updated asset objects reloaded before import = 0
Number of asset objects unloaded after import = 3
========================================================================
Received Import Request.
  Time since last request: 0.000018 seconds.
  path: Assets/2D Pixel Item Pack/Heavy Outline/S_ItemHeavyOutline_PotionRed_00.png
  artifactKey: Guid(2f605f8487435b64780f2f663cc01c4c) Importer(2089858483,0ecaa5967403d082aa24f35e1b516d23)
Start importing Assets/2D Pixel Item Pack/Heavy Outline/S_ItemHeavyOutline_PotionRed_00.png using Guid(2f605f8487435b64780f2f663cc01c4c) Importer(2089858483,0ecaa5967403d082aa24f35e1b516d23) Generated GUIDs only implemented for interfaces!
 -> (artifact id: 'de639afbcc7678716ca5088d3a4d104d') in 0.040941 seconds
Number of updated asset objects reloaded before import = 0
Number of asset objects unloaded after import = 3
========================================================================
Received Import Request.
  Time since last request: 0.000034 seconds.
  path: Assets/2D Pixel Item Pack/No Outline/S_ItemNoOutline_BarrelGold_00.png
  artifactKey: Guid(98e36223d41719f4886df57f3836bed9) Importer(2089858483,0ecaa5967403d082aa24f35e1b516d23)
Start importing Assets/2D Pixel Item Pack/No Outline/S_ItemNoOutline_BarrelGold_00.png using Guid(98e36223d41719f4886df57f3836bed9) Importer(2089858483,0ecaa5967403d082aa24f35e1b516d23) Generated GUIDs only implemented for interfaces!
 -> (artifact id: '368df1b48e2866e2ec64ecc9f9c4a532') in 0.035074 seconds
Number of updated asset objects reloaded before import = 0
Number of asset objects unloaded after import = 3
========================================================================
Received Import Request.
  Time since last request: 0.000023 seconds.
  path: Assets/2D Pixel Item Pack/No Outline/S_ItemNoOutline_JarGold_01.png
  artifactKey: Guid(2d9f2cf1e49d6e441ae1a83d842e2722) Importer(2089858483,0ecaa5967403d082aa24f35e1b516d23)
Start importing Assets/2D Pixel Item Pack/No Outline/S_ItemNoOutline_JarGold_01.png using Guid(2d9f2cf1e49d6e441ae1a83d842e2722) Importer(2089858483,0ecaa5967403d082aa24f35e1b516d23) Generated GUIDs only implemented for interfaces!
 -> (artifact id: '8027162212a7211f74975e9007258a6c') in 0.035972 seconds
Number of updated asset objects reloaded before import = 0
Number of asset objects unloaded after import = 3
========================================================================
Received Import Request.
  Time since last request: 0.000017 seconds.
  path: Assets/2D Pixel Item Pack/Light Outline/S_ItemLightOutline_JarGreen_01.png
  artifactKey: Guid(ebbd9788d7d24684cb34b55dad9c1a34) Importer(2089858483,0ecaa5967403d082aa24f35e1b516d23)
Start importing Assets/2D Pixel Item Pack/Light Outline/S_ItemLightOutline_JarGreen_01.png using Guid(ebbd9788d7d24684cb34b55dad9c1a34) Importer(2089858483,0ecaa5967403d082aa24f35e1b516d23) Generated GUIDs only implemented for interfaces!
 -> (artifact id: '9eab4b1bd7bb8418ada2098b3cde773f') in 0.038760 seconds
Number of updated asset objects reloaded before import = 0
Number of asset objects unloaded after import = 3
========================================================================
Received Import Request.
  Time since last request: 0.000017 seconds.
  path: Assets/2D Pixel Item Pack/No Outline/S_ItemNoOutline_JarPurple_01.png
  artifactKey: Guid(1212ba15464c71842a6f2058818990e5) Importer(2089858483,0ecaa5967403d082aa24f35e1b516d23)
Start importing Assets/2D Pixel Item Pack/No Outline/S_ItemNoOutline_JarPurple_01.png using Guid(1212ba15464c71842a6f2058818990e5) Importer(2089858483,0ecaa5967403d082aa24f35e1b516d23) Generated GUIDs only implemented for interfaces!
 -> (artifact id: '0ebf30f876798df646dc6efa4ca19b5c') in 0.042202 seconds
Number of updated asset objects reloaded before import = 0
Number of asset objects unloaded after import = 3
========================================================================
Received Import Request.
  Time since last request: 0.000017 seconds.
  path: Assets/2D Pixel Item Pack/Light Outline/S_ItemLightOutline_PotionGreen_01.png
  artifactKey: Guid(f041a6e4a68d2ac43a7f7b81cbc324a0) Importer(2089858483,0ecaa5967403d082aa24f35e1b516d23)
Start importing Assets/2D Pixel Item Pack/Light Outline/S_ItemLightOutline_PotionGreen_01.png using Guid(f041a6e4a68d2ac43a7f7b81cbc324a0) Importer(2089858483,0ecaa5967403d082aa24f35e1b516d23) Generated GUIDs only implemented for interfaces!
 -> (artifact id: 'b2d9ac93aab34acfaeea5fe9b6978874') in 0.036958 seconds
Number of updated asset objects reloaded before import = 0
Number of asset objects unloaded after import = 3
========================================================================
Received Import Request.
  Time since last request: 0.000022 seconds.
  path: Assets/2D Pixel Item Pack/Heavy Outline/S_ItemHeavyOutline_PotionPurple_01.png
  artifactKey: Guid(aea25ed5f86cab246ac2abb823cb999b) Importer(2089858483,0ecaa5967403d082aa24f35e1b516d23)
Start importing Assets/2D Pixel Item Pack/Heavy Outline/S_ItemHeavyOutline_PotionPurple_01.png using Guid(aea25ed5f86cab246ac2abb823cb999b) Importer(2089858483,0ecaa5967403d082aa24f35e1b516d23) Generated GUIDs only implemented for interfaces!
 -> (artifact id: 'dcb961c9a5d760e1dbc2e32a785e41f0') in 0.038024 seconds
Number of updated asset objects reloaded before import = 0
Number of asset objects unloaded after import = 3
========================================================================
Received Import Request.
  Time since last request: 0.000024 seconds.
  path: Assets/2D Pixel Item Pack/Heavy Outline/S_ItemHeavyOutline_PotionPurple_00.png
  artifactKey: Guid(40ec6c6ab3fa68a478a5092ae1598716) Importer(2089858483,0ecaa5967403d082aa24f35e1b516d23)
Start importing Assets/2D Pixel Item Pack/Heavy Outline/S_ItemHeavyOutline_PotionPurple_00.png using Guid(40ec6c6ab3fa68a478a5092ae1598716) Importer(2089858483,0ecaa5967403d082aa24f35e1b516d23) Generated GUIDs only implemented for interfaces!
 -> (artifact id: '1191adb843f8d3f981d657b2b8c7cead') in 0.039450 seconds
Number of updated asset objects reloaded before import = 0
Number of asset objects unloaded after import = 3
========================================================================
Received Import Request.
  Time since last request: 0.000036 seconds.
  path: Assets/2D Pixel Item Pack/No Outline/S_ItemNoOutline_PotionGold_01.png
  artifactKey: Guid(d025807e31d980c4db269d7f9f094bce) Importer(2089858483,0ecaa5967403d082aa24f35e1b516d23)
Start importing Assets/2D Pixel Item Pack/No Outline/S_ItemNoOutline_PotionGold_01.png using Guid(d025807e31d980c4db269d7f9f094bce) Importer(2089858483,0ecaa5967403d082aa24f35e1b516d23) Generated GUIDs only implemented for interfaces!
 -> (artifact id: '4681393b5c9123a1e3153fa6ad88a4bc') in 0.037840 seconds
Number of updated asset objects reloaded before import = 0
Number of asset objects unloaded after import = 3
========================================================================
Received Import Request.
  Time since last request: 0.000024 seconds.
  path: Assets/2D Pixel Item Pack/No Outline/S_ItemNoOutline_ChestPurple_00.png
  artifactKey: Guid(1175232d0440d9f44a4f4908e974b2d5) Importer(2089858483,0ecaa5967403d082aa24f35e1b516d23)
Start importing Assets/2D Pixel Item Pack/No Outline/S_ItemNoOutline_ChestPurple_00.png using Guid(1175232d0440d9f44a4f4908e974b2d5) Importer(2089858483,0ecaa5967403d082aa24f35e1b516d23) Generated GUIDs only implemented for interfaces!
 -> (artifact id: '34e5952ff93ae652da47ee47b410c7ef') in 0.042601 seconds
Number of updated asset objects reloaded before import = 0
Number of asset objects unloaded after import = 3
========================================================================
Received Import Request.
  Time since last request: 0.000051 seconds.
  path: Assets/2D Pixel Item Pack/Light Outline/S_ItemLightOutline_PotionRed_01.png
  artifactKey: Guid(dd86867da9990584a9dc706d08a29150) Importer(2089858483,0ecaa5967403d082aa24f35e1b516d23)
Start importing Assets/2D Pixel Item Pack/Light Outline/S_ItemLightOutline_PotionRed_01.png using Guid(dd86867da9990584a9dc706d08a29150) Importer(2089858483,0ecaa5967403d082aa24f35e1b516d23) Generated GUIDs only implemented for interfaces!
 -> (artifact id: '33d323aee50c807742cb0cc729341ae9') in 0.042891 seconds
Number of updated asset objects reloaded before import = 0
Number of asset objects unloaded after import = 3
========================================================================
Received Import Request.
  Time since last request: 0.000024 seconds.
  path: Assets/2D Pixel Item Pack/No Outline/S_ItemNoOutline_ChestRed_00.png
  artifactKey: Guid(d374c104b2b43c5449b430081e3d117e) Importer(2089858483,0ecaa5967403d082aa24f35e1b516d23)
Start importing Assets/2D Pixel Item Pack/No Outline/S_ItemNoOutline_ChestRed_00.png using Guid(d374c104b2b43c5449b430081e3d117e) Importer(2089858483,0ecaa5967403d082aa24f35e1b516d23) Generated GUIDs only implemented for interfaces!
 -> (artifact id: '2a1dc0b5d0cd8c961f940b348ab7519e') in 0.039637 seconds
Number of updated asset objects reloaded before import = 0
Number of asset objects unloaded after import = 3
========================================================================
Received Import Request.
  Time since last request: 0.000022 seconds.
  path: Assets/2D Pixel Item Pack/Light Outline/S_ItemLightOutline_JarGreen_00.png
  artifactKey: Guid(a1fbccd8f2527154da31359cf7bf87be) Importer(2089858483,0ecaa5967403d082aa24f35e1b516d23)
Start importing Assets/2D Pixel Item Pack/Light Outline/S_ItemLightOutline_JarGreen_00.png using Guid(a1fbccd8f2527154da31359cf7bf87be) Importer(2089858483,0ecaa5967403d082aa24f35e1b516d23) Generated GUIDs only implemented for interfaces!
 -> (artifact id: '3d95d6c2f84d5c7638ee5736e303eb05') in 0.039634 seconds
Number of updated asset objects reloaded before import = 0
Number of asset objects unloaded after import = 3
========================================================================
Received Import Request.
  Time since last request: 0.000024 seconds.
  path: Assets/Dragon Warrior Files/Dragon Warrior PNG/walk_06.png
  artifactKey: Guid(f20355d64c1efe249bc0de4d35a8cf0f) Importer(2089858483,0ecaa5967403d082aa24f35e1b516d23)
Start importing Assets/Dragon Warrior Files/Dragon Warrior PNG/walk_06.png using Guid(f20355d64c1efe249bc0de4d35a8cf0f) Importer(2089858483,0ecaa5967403d082aa24f35e1b516d23) Generated GUIDs only implemented for interfaces!
 -> (artifact id: '586204abb3e9e9fe485f51ead1cdab97') in 0.041907 seconds
Number of updated asset objects reloaded before import = 0
Number of asset objects unloaded after import = 3
========================================================================
Received Import Request.
  Time since last request: 0.000042 seconds.
  path: Assets/Free 2D Cartoon Parallax Background/!_Moutain/Layer_4.png
  artifactKey: Guid(17729fe1353b2f247bf96445ab7798b1) Importer(2089858483,0ecaa5967403d082aa24f35e1b516d23)
Start importing Assets/Free 2D Cartoon Parallax Background/!_Moutain/Layer_4.png using Guid(17729fe1353b2f247bf96445ab7798b1) Importer(2089858483,0ecaa5967403d082aa24f35e1b516d23) Generated GUIDs only implemented for interfaces!
 -> (artifact id: '7ef284a509b24d7a30af991183c62c3b') in 0.048942 seconds
Number of updated asset objects reloaded before import = 0
Number of asset objects unloaded after import = 3
========================================================================
Received Import Request.
  Time since last request: 0.000018 seconds.
  path: Assets/2D Pixel Item Pack/No Outline/S_ItemNoOutline_PotionRed_00.png
  artifactKey: Guid(a38de2af0ebcd1d438398af9491043ac) Importer(2089858483,0ecaa5967403d082aa24f35e1b516d23)
Start importing Assets/2D Pixel Item Pack/No Outline/S_ItemNoOutline_PotionRed_00.png using Guid(a38de2af0ebcd1d438398af9491043ac) Importer(2089858483,0ecaa5967403d082aa24f35e1b516d23) Generated GUIDs only implemented for interfaces!
 -> (artifact id: '93f903f857b55ca5b4699c0a8d62626a') in 0.035518 seconds
Number of updated asset objects reloaded before import = 0
Number of asset objects unloaded after import = 3
========================================================================
Received Import Request.
  Time since last request: 0.000019 seconds.
  path: Assets/Free 2D Cartoon Parallax Background/2_Desert/Layer_0.png
  artifactKey: Guid(c923db515dd60ec4e9cd1f350be245a9) Importer(2089858483,0ecaa5967403d082aa24f35e1b516d23)
Start importing Assets/Free 2D Cartoon Parallax Background/2_Desert/Layer_0.png using Guid(c923db515dd60ec4e9cd1f350be245a9) Importer(2089858483,0ecaa5967403d082aa24f35e1b516d23) Generated GUIDs only implemented for interfaces!
 -> (artifact id: 'b76660e50c17bafe97fb0864c6aff7b9') in 0.044048 seconds
Number of updated asset objects reloaded before import = 0
Number of asset objects unloaded after import = 3
========================================================================
Received Import Request.
  Time since last request: 0.000018 seconds.
  path: Assets/Dragon Warrior Files/Effects/explosion_04.png
  artifactKey: Guid(a08cb5e6da786564db16cfaba3ffe0cc) Importer(2089858483,0ecaa5967403d082aa24f35e1b516d23)
Start importing Assets/Dragon Warrior Files/Effects/explosion_04.png using Guid(a08cb5e6da786564db16cfaba3ffe0cc) Importer(2089858483,0ecaa5967403d082aa24f35e1b516d23) Generated GUIDs only implemented for interfaces!
 -> (artifact id: '49099e0ae3304599314e57c5e4c7816c') in 0.041763 seconds
Number of updated asset objects reloaded before import = 0
Number of asset objects unloaded after import = 3
========================================================================
Received Import Request.
  Time since last request: 0.000017 seconds.
  path: Assets/Dragon Warrior Files/Effects/dashwind_06.png
  artifactKey: Guid(96f5eb2ddc8448f47972a4894ee8f3be) Importer(2089858483,0ecaa5967403d082aa24f35e1b516d23)
Start importing Assets/Dragon Warrior Files/Effects/dashwind_06.png using Guid(96f5eb2ddc8448f47972a4894ee8f3be) Importer(2089858483,0ecaa5967403d082aa24f35e1b516d23) Generated GUIDs only implemented for interfaces!
 -> (artifact id: 'ee4531b07a64972fcb4bcac9661d8aa0') in 0.042403 seconds
Number of updated asset objects reloaded before import = 0
Number of asset objects unloaded after import = 3
========================================================================
Received Import Request.
  Time since last request: 0.000021 seconds.
  path: Assets/Dragon Warrior Files/Dragon Warrior PNG/die_006.png
  artifactKey: Guid(9e8f0ef582be53e4b97859d154d91af7) Importer(2089858483,0ecaa5967403d082aa24f35e1b516d23)
Start importing Assets/Dragon Warrior Files/Dragon Warrior PNG/die_006.png using Guid(9e8f0ef582be53e4b97859d154d91af7) Importer(2089858483,0ecaa5967403d082aa24f35e1b516d23) Generated GUIDs only implemented for interfaces!
 -> (artifact id: '4aa20880339283a7afafe7bd066b67b9') in 0.036046 seconds
Number of updated asset objects reloaded before import = 0
Number of asset objects unloaded after import = 3
========================================================================
Received Import Request.
  Time since last request: 0.000024 seconds.
  path: Assets/Free 2D Cartoon Parallax Background/FullBG/3_Graveyard.png
  artifactKey: Guid(367fef7c7a0cf8b4e8fc2020259965e9) Importer(2089858483,0ecaa5967403d082aa24f35e1b516d23)
Start importing Assets/Free 2D Cartoon Parallax Background/FullBG/3_Graveyard.png using Guid(367fef7c7a0cf8b4e8fc2020259965e9) Importer(2089858483,0ecaa5967403d082aa24f35e1b516d23) Generated GUIDs only implemented for interfaces!
 -> (artifact id: 'fa664ca304116caa97ff76c56cf0f2df') in 0.043623 seconds
Number of updated asset objects reloaded before import = 0
Number of asset objects unloaded after import = 3
========================================================================
Received Import Request.
  Time since last request: 0.000017 seconds.
  path: Assets/Free 2D Cartoon Parallax Background/FullBG/2_Desert.png
  artifactKey: Guid(9d1a3e0bc36dfc9468a738d92b6e92d4) Importer(2089858483,0ecaa5967403d082aa24f35e1b516d23)
Start importing Assets/Free 2D Cartoon Parallax Background/FullBG/2_Desert.png using Guid(9d1a3e0bc36dfc9468a738d92b6e92d4) Importer(2089858483,0ecaa5967403d082aa24f35e1b516d23) Generated GUIDs only implemented for interfaces!
 -> (artifact id: '824c8548c0c90431ed9168c165e136f8') in 0.036925 seconds
Number of updated asset objects reloaded before import = 0
Number of asset objects unloaded after import = 3
========================================================================
Received Import Request.
  Time since last request: 0.000016 seconds.
  path: Assets/Dragon Warrior Files/Dragon Warrior PNG/walk_02.png
  artifactKey: Guid(23bc0af480a292c4a92209d33c2e7c0d) Importer(2089858483,0ecaa5967403d082aa24f35e1b516d23)
Start importing Assets/Dragon Warrior Files/Dragon Warrior PNG/walk_02.png using Guid(23bc0af480a292c4a92209d33c2e7c0d) Importer(2089858483,0ecaa5967403d082aa24f35e1b516d23) Generated GUIDs only implemented for interfaces!
 -> (artifact id: 'b55ced287b658712ed3525bb678323e7') in 0.033109 seconds
Number of updated asset objects reloaded before import = 0
Number of asset objects unloaded after import = 3
========================================================================
Received Import Request.
  Time since last request: 0.000023 seconds.
  path: Assets/Poignant Symphony Music Modules/MP3s/Fanfare for the Dead.mp3
  artifactKey: Guid(73e9f888bfadf7347b90fab1c0a01fe4) Importer(2089858483,0ecaa5967403d082aa24f35e1b516d23)
Start importing Assets/Poignant Symphony Music Modules/MP3s/Fanfare for the Dead.mp3 using Guid(73e9f888bfadf7347b90fab1c0a01fe4) Importer(2089858483,0ecaa5967403d082aa24f35e1b516d23) Generated GUIDs only implemented for interfaces!
 -> (artifact id: 'e4b3e5f79ebf657a699d2981051f037d') in 0.177172 seconds
Number of updated asset objects reloaded before import = 0
Number of asset objects unloaded after import = 1
========================================================================
Received Import Request.
  Time since last request: 0.000020 seconds.
  path: Assets/Dragon Warrior Files/Dragon Warrior PNG/die_010.png
  artifactKey: Guid(ee54785c109c1014c87115db62440046) Importer(2089858483,0ecaa5967403d082aa24f35e1b516d23)
Start importing Assets/Dragon Warrior Files/Dragon Warrior PNG/die_010.png using Guid(ee54785c109c1014c87115db62440046) Importer(2089858483,0ecaa5967403d082aa24f35e1b516d23) Generated GUIDs only implemented for interfaces!
 -> (artifact id: '3ec1256512b0b8e6bb1c6a9567d8fe84') in 0.036437 seconds
Number of updated asset objects reloaded before import = 0
Number of asset objects unloaded after import = 3
========================================================================
Received Import Request.
  Time since last request: 0.000032 seconds.
  path: Assets/Free 2D Cartoon Parallax Background/3_Graveyard/Layer_2.png
  artifactKey: Guid(e9313620d8b44324ea02f98a3ee892be) Importer(2089858483,0ecaa5967403d082aa24f35e1b516d23)
Start importing Assets/Free 2D Cartoon Parallax Background/3_Graveyard/Layer_2.png using Guid(e9313620d8b44324ea02f98a3ee892be) Importer(2089858483,0ecaa5967403d082aa24f35e1b516d23) Generated GUIDs only implemented for interfaces!
 -> (artifact id: '19433807ea8c976d2abe8175d58fd18e') in 0.048957 seconds
Number of updated asset objects reloaded before import = 0
Number of asset objects unloaded after import = 3
========================================================================
Received Import Request.
  Time since last request: 0.000017 seconds.
  path: Assets/Free 2D Cartoon Parallax Background/3_Graveyard/Layer_3.png
  artifactKey: Guid(ca6841502e6bca24187cacb218fd5561) Importer(2089858483,0ecaa5967403d082aa24f35e1b516d23)
Start importing Assets/Free 2D Cartoon Parallax Background/3_Graveyard/Layer_3.png using Guid(ca6841502e6bca24187cacb218fd5561) Importer(2089858483,0ecaa5967403d082aa24f35e1b516d23) Generated GUIDs only implemented for interfaces!
 -> (artifact id: '03e26f977a3c52892ab27d0e5df0e8e6') in 0.057104 seconds
Number of updated asset objects reloaded before import = 0
Number of asset objects unloaded after import = 3
========================================================================
Received Import Request.
  Time since last request: 0.000017 seconds.
  path: Assets/Dragon Warrior Files/Dragon Warrior PNG/win_01.png
  artifactKey: Guid(a39d0102686062f47b97c60ea2b3e237) Importer(2089858483,0ecaa5967403d082aa24f35e1b516d23)
Start importing Assets/Dragon Warrior Files/Dragon Warrior PNG/win_01.png using Guid(a39d0102686062f47b97c60ea2b3e237) Importer(2089858483,0ecaa5967403d082aa24f35e1b516d23) Generated GUIDs only implemented for interfaces!
 -> (artifact id: 'c725da6421a98f8324e480059d391603') in 0.044309 seconds
Number of updated asset objects reloaded before import = 0
Number of asset objects unloaded after import = 3
========================================================================
Received Import Request.
  Time since last request: 0.000017 seconds.
  path: Assets/Dragon Warrior Files/Dragon Warrior PNG/die_004.png
  artifactKey: Guid(0d77f73d4d99df547aa70ffcb58767a5) Importer(2089858483,0ecaa5967403d082aa24f35e1b516d23)
Start importing Assets/Dragon Warrior Files/Dragon Warrior PNG/die_004.png using Guid(0d77f73d4d99df547aa70ffcb58767a5) Importer(2089858483,0ecaa5967403d082aa24f35e1b516d23) Generated GUIDs only implemented for interfaces!
 -> (artifact id: '348f1848e13c5e2caec8b726037c5436') in 0.035712 seconds
Number of updated asset objects reloaded before import = 0
Number of asset objects unloaded after import = 3
========================================================================
Received Import Request.
  Time since last request: 0.000017 seconds.
  path: Assets/Dragon Warrior Files/Dragon Warrior PNG/attack_01.png
  artifactKey: Guid(2d81263c15e0870429e027cfa336f392) Importer(2089858483,0ecaa5967403d082aa24f35e1b516d23)
Start importing Assets/Dragon Warrior Files/Dragon Warrior PNG/attack_01.png using Guid(2d81263c15e0870429e027cfa336f392) Importer(2089858483,0ecaa5967403d082aa24f35e1b516d23) Generated GUIDs only implemented for interfaces!
 -> (artifact id: 'ac32606e87db053c54f2e0596b57c8c4') in 0.047477 seconds
Number of updated asset objects reloaded before import = 0
Number of asset objects unloaded after import = 3
========================================================================
Received Import Request.
  Time since last request: 0.000019 seconds.
  path: Assets/Dragon Warrior Files/Dragon Warrior PNG/crouch_ATK_02.png
  artifactKey: Guid(629e63a13f5fdc0479184fc58e22bb9b) Importer(2089858483,0ecaa5967403d082aa24f35e1b516d23)
Start importing Assets/Dragon Warrior Files/Dragon Warrior PNG/crouch_ATK_02.png using Guid(629e63a13f5fdc0479184fc58e22bb9b) Importer(2089858483,0ecaa5967403d082aa24f35e1b516d23) Generated GUIDs only implemented for interfaces!
 -> (artifact id: 'c6f0ad9a35c3a3dd4e0152aaf747e25b') in 0.041756 seconds
Number of updated asset objects reloaded before import = 0
Number of asset objects unloaded after import = 3
========================================================================
Received Import Request.
  Time since last request: 0.000024 seconds.
  path: Assets/Dragon Warrior Files/Effects/dashwind_03.png
  artifactKey: Guid(994796bd09ad9ea4b910a4e8157e99b6) Importer(2089858483,0ecaa5967403d082aa24f35e1b516d23)
Start importing Assets/Dragon Warrior Files/Effects/dashwind_03.png using Guid(994796bd09ad9ea4b910a4e8157e99b6) Importer(2089858483,0ecaa5967403d082aa24f35e1b516d23) Generated GUIDs only implemented for interfaces!
 -> (artifact id: 'abd78f341127424652b026725c3d1463') in 0.044533 seconds
Number of updated asset objects reloaded before import = 0
Number of asset objects unloaded after import = 3
========================================================================
Received Import Request.
  Time since last request: 0.000017 seconds.
  path: Assets/Free 2D Cartoon Parallax Background/2_Desert/Layer_2.png
  artifactKey: Guid(b670707b2788d99448bbb478fc248530) Importer(2089858483,0ecaa5967403d082aa24f35e1b516d23)
Start importing Assets/Free 2D Cartoon Parallax Background/2_Desert/Layer_2.png using Guid(b670707b2788d99448bbb478fc248530) Importer(2089858483,0ecaa5967403d082aa24f35e1b516d23) Generated GUIDs only implemented for interfaces!
 -> (artifact id: '2a66899b59946a5f7aa06d23db8961a3') in 0.042979 seconds
Number of updated asset objects reloaded before import = 0
Number of asset objects unloaded after import = 3
========================================================================
Received Import Request.
  Time since last request: 0.000016 seconds.
  path: Assets/TextMesh Pro/Fonts/LiberationSans - OFL.txt
  artifactKey: Guid(6e59c59b81ab47f9b6ec5781fa725d2c) Importer(2089858483,0ecaa5967403d082aa24f35e1b516d23)
Start importing Assets/TextMesh Pro/Fonts/LiberationSans - OFL.txt using Guid(6e59c59b81ab47f9b6ec5781fa725d2c) Importer(2089858483,0ecaa5967403d082aa24f35e1b516d23) Generated GUIDs only implemented for interfaces!
 -> (artifact id: '714ad982fd1eaca9e82fb3b78508d92f') in 0.012860 seconds
Number of updated asset objects reloaded before import = 0
Number of asset objects unloaded after import = 1
========================================================================
Received Import Request.
  Time since last request: 0.000017 seconds.
  path: Assets/TextMesh Pro/Resources/LineBreaking Leading Characters.txt
  artifactKey: Guid(d82c1b31c7e74239bff1220585707d2b) Importer(2089858483,0ecaa5967403d082aa24f35e1b516d23)
Start importing Assets/TextMesh Pro/Resources/LineBreaking Leading Characters.txt using Guid(d82c1b31c7e74239bff1220585707d2b) Importer(2089858483,0ecaa5967403d082aa24f35e1b516d23) Generated GUIDs only implemented for interfaces!
 -> (artifact id: '2a61d29557ec441f1b25466074c91e93') in 0.013284 seconds
Number of updated asset objects reloaded before import = 0
Number of asset objects unloaded after import = 1
========================================================================
Received Import Request.
  Time since last request: 0.000017 seconds.
  path: Assets/Poignant Symphony Music Modules/MP3s/Flight.mp3
  artifactKey: Guid(c811b5bd3315a1f41bb72b10bc9ac163) Importer(2089858483,0ecaa5967403d082aa24f35e1b516d23)
Start importing Assets/Poignant Symphony Music Modules/MP3s/Flight.mp3 using Guid(c811b5bd3315a1f41bb72b10bc9ac163) Importer(2089858483,0ecaa5967403d082aa24f35e1b516d23) Generated GUIDs only implemented for interfaces!
 -> (artifact id: '2a72483e01de524b2da16fccaeff24c9') in 0.162552 seconds
Number of updated asset objects reloaded before import = 0
Number of asset objects unloaded after import = 1
========================================================================
Received Import Request.
  Time since last request: 0.000019 seconds.
  path: Assets/Poignant Symphony Music Modules/MP3s/Main Theme - Minimum Intensity.mp3
  artifactKey: Guid(1a1803878109d3a44ae033241fd77af6) Importer(2089858483,0ecaa5967403d082aa24f35e1b516d23)
Start importing Assets/Poignant Symphony Music Modules/MP3s/Main Theme - Minimum Intensity.mp3 using Guid(1a1803878109d3a44ae033241fd77af6) Importer(2089858483,0ecaa5967403d082aa24f35e1b516d23) Generated GUIDs only implemented for interfaces!
 -> (artifact id: 'bdfeb6d9f1500f94b0651913eab02dc2') in 0.230243 seconds
Number of updated asset objects reloaded before import = 0
Number of asset objects unloaded after import = 1
========================================================================
Received Import Request.
  Time since last request: 0.000023 seconds.
  path: Assets/TextMesh Pro/Shaders/TMPro_Mobile.cginc
  artifactKey: Guid(c334973cef89a9840b0b0c507e0377ab) Importer(2089858483,0ecaa5967403d082aa24f35e1b516d23)
Start importing Assets/TextMesh Pro/Shaders/TMPro_Mobile.cginc using Guid(c334973cef89a9840b0b0c507e0377ab) Importer(2089858483,0ecaa5967403d082aa24f35e1b516d23) Generated GUIDs only implemented for interfaces!
 -> (artifact id: 'ffe90281dc8cb80e6ee37287bcdd0fe3') in 0.011645 seconds
Number of updated asset objects reloaded before import = 0
Number of asset objects unloaded after import = 1
========================================================================
Received Import Request.
  Time since last request: 0.000019 seconds.
  path: Assets/TextMesh Pro/Shaders/TMP_SDF-Surface-Mobile.shader
  artifactKey: Guid(85187c2149c549c5b33f0cdb02836b17) Importer(2089858483,0ecaa5967403d082aa24f35e1b516d23)
Start importing Assets/TextMesh Pro/Shaders/TMP_SDF-Surface-Mobile.shader using Guid(85187c2149c549c5b33f0cdb02836b17) Importer(2089858483,0ecaa5967403d082aa24f35e1b516d23) Generated GUIDs only implemented for interfaces!
 -> (artifact id: 'a295114ae8429a28d451846bb99a1a95') in 0.024132 seconds
Number of updated asset objects reloaded before import = 0
Number of asset objects unloaded after import = 1
========================================================================
Received Import Request.
  Time since last request: 0.000027 seconds.
  path: Assets/TextMesh Pro/Shaders/TMPro.cginc
  artifactKey: Guid(407bc68d299748449bbf7f48ee690f8d) Importer(2089858483,0ecaa5967403d082aa24f35e1b516d23)
Start importing Assets/TextMesh Pro/Shaders/TMPro.cginc using Guid(407bc68d299748449bbf7f48ee690f8d) Importer(2089858483,0ecaa5967403d082aa24f35e1b516d23) Generated GUIDs only implemented for interfaces!
 -> (artifact id: '01627d2ae0298ef948b03c0731543279') in 0.011042 seconds
Number of updated asset objects reloaded before import = 0
Number of asset objects unloaded after import = 1
========================================================================
Received Import Request.
  Time since last request: 0.000018 seconds.
  path: Assets/TextMesh Pro/Shaders/TMP_SDF-Mobile.shader
  artifactKey: Guid(fe393ace9b354375a9cb14cdbbc28be4) Importer(2089858483,0ecaa5967403d082aa24f35e1b516d23)
Start importing Assets/TextMesh Pro/Shaders/TMP_SDF-Mobile.shader using Guid(fe393ace9b354375a9cb14cdbbc28be4) Importer(2089858483,0ecaa5967403d082aa24f35e1b516d23) Generated GUIDs only implemented for interfaces!
 -> (artifact id: '07964ebd2197963bbd8438b46fe166d1') in 0.014529 seconds
Number of updated asset objects reloaded before import = 0
Number of asset objects unloaded after import = 1
========================================================================
Received Import Request.
  Time since last request: 0.000029 seconds.
  path: Assets/TextMesh Pro/Shaders/TMP_SDF-Mobile Overlay.shader
  artifactKey: Guid(a02a7d8c237544f1962732b55a9aebf1) Importer(2089858483,0ecaa5967403d082aa24f35e1b516d23)
Start importing Assets/TextMesh Pro/Shaders/TMP_SDF-Mobile Overlay.shader using Guid(a02a7d8c237544f1962732b55a9aebf1) Importer(2089858483,0ecaa5967403d082aa24f35e1b516d23) Generated GUIDs only implemented for interfaces!
 -> (artifact id: '1ed88f33ed2b67795f38650e85473d94') in 0.013979 seconds
Number of updated asset objects reloaded before import = 0
Number of asset objects unloaded after import = 1
========================================================================
Received Import Request.
  Time since last request: 0.000024 seconds.
  path: Assets/TextMesh Pro/Shaders/TMP_Bitmap-Custom-Atlas.shader
  artifactKey: Guid(48bb5f55d8670e349b6e614913f9d910) Importer(2089858483,0ecaa5967403d082aa24f35e1b516d23)
Start importing Assets/TextMesh Pro/Shaders/TMP_Bitmap-Custom-Atlas.shader using Guid(48bb5f55d8670e349b6e614913f9d910) Importer(2089858483,0ecaa5967403d082aa24f35e1b516d23) Generated GUIDs only implemented for interfaces!
 -> (artifact id: 'f2641f354038451856d26469754a5e31') in 0.017250 seconds
Number of updated asset objects reloaded before import = 0
Number of asset objects unloaded after import = 1
========================================================================
Received Import Request.
  Time since last request: 0.000019 seconds.
  path: Assets/Poignant Symphony Music Modules/MP3s/War - Medium Intensity.mp3
  artifactKey: Guid(d6ddc4f13f80ae949ab509673c110c7a) Importer(2089858483,0ecaa5967403d082aa24f35e1b516d23)
Start importing Assets/Poignant Symphony Music Modules/MP3s/War - Medium Intensity.mp3 using Guid(d6ddc4f13f80ae949ab509673c110c7a) Importer(2089858483,0ecaa5967403d082aa24f35e1b516d23) Generated GUIDs only implemented for interfaces!
 -> (artifact id: 'edd3fc6e23769d41402d660c59e1fe48') in 0.166923 seconds
Number of updated asset objects reloaded before import = 0
Number of asset objects unloaded after import = 1
========================================================================
Received Import Request.
  Time since last request: 0.000018 seconds.
  path: Assets/Free 2D Cartoon Parallax Background/2_Desert/Layer_1.png
  artifactKey: Guid(442d8366ad5d42f46acfc9133b342c22) Importer(2089858483,0ecaa5967403d082aa24f35e1b516d23)
Start importing Assets/Free 2D Cartoon Parallax Background/2_Desert/Layer_1.png using Guid(442d8366ad5d42f46acfc9133b342c22) Importer(2089858483,0ecaa5967403d082aa24f35e1b516d23) Generated GUIDs only implemented for interfaces!
 -> (artifact id: 'c1e3c292a5facee20fa55ec562cc50dd') in 0.039474 seconds
Number of updated asset objects reloaded before import = 0
Number of asset objects unloaded after import = 3
========================================================================
Received Import Request.
  Time since last request: 0.000024 seconds.
  path: Assets/Dragon Warrior Files/Dragon Warrior PNG/strike_02.png
  artifactKey: Guid(d039aec307e3c04479b3b8d8b1818bdc) Importer(2089858483,0ecaa5967403d082aa24f35e1b516d23)
Start importing Assets/Dragon Warrior Files/Dragon Warrior PNG/strike_02.png using Guid(d039aec307e3c04479b3b8d8b1818bdc) Importer(2089858483,0ecaa5967403d082aa24f35e1b516d23) Generated GUIDs only implemented for interfaces!
 -> (artifact id: '89d5ecc66b4f5af73ee4a42bae5b7fc1') in 0.040794 seconds
Number of updated asset objects reloaded before import = 0
Number of asset objects unloaded after import = 3
========================================================================
Received Import Request.
  Time since last request: 0.000016 seconds.
  path: Assets/Free 2D Cartoon Parallax Background/4_Snow/Layer_0.png
  artifactKey: Guid(a2d04d67b859524439e945022e0597ea) Importer(2089858483,0ecaa5967403d082aa24f35e1b516d23)
Start importing Assets/Free 2D Cartoon Parallax Background/4_Snow/Layer_0.png using Guid(a2d04d67b859524439e945022e0597ea) Importer(2089858483,0ecaa5967403d082aa24f35e1b516d23) Generated GUIDs only implemented for interfaces!
 -> (artifact id: 'faa1a64210cbb394d93e0d4a178d7351') in 0.042601 seconds
Number of updated asset objects reloaded before import = 0
Number of asset objects unloaded after import = 3
========================================================================
Received Import Request.
  Time since last request: 0.000019 seconds.
  path: Assets/Dragon Warrior Files/Dragon Warrior PNG/die_005.png
  artifactKey: Guid(57a5401a8028e9847bdaf9dca66842ae) Importer(2089858483,0ecaa5967403d082aa24f35e1b516d23)
Start importing Assets/Dragon Warrior Files/Dragon Warrior PNG/die_005.png using Guid(57a5401a8028e9847bdaf9dca66842ae) Importer(2089858483,0ecaa5967403d082aa24f35e1b516d23) Generated GUIDs only implemented for interfaces!
 -> (artifact id: 'c32cfcd97b5ae985731fcaec28054599') in 0.032107 seconds
Number of updated asset objects reloaded before import = 0
Number of asset objects unloaded after import = 3
========================================================================
Received Import Request.
  Time since last request: 0.000018 seconds.
  path: Assets/Dragon Warrior Files/Dragon Warrior PNG/idle_06.png
  artifactKey: Guid(4f4ced12cb9b05c488e369f8bae6ab32) Importer(2089858483,0ecaa5967403d082aa24f35e1b516d23)
Start importing Assets/Dragon Warrior Files/Dragon Warrior PNG/idle_06.png using Guid(4f4ced12cb9b05c488e369f8bae6ab32) Importer(2089858483,0ecaa5967403d082aa24f35e1b516d23) Generated GUIDs only implemented for interfaces!
 -> (artifact id: '83379940fcfa26d341cf1884e372efa9') in 0.034484 seconds
Number of updated asset objects reloaded before import = 0
Number of asset objects unloaded after import = 3
========================================================================
Received Import Request.
  Time since last request: 0.000016 seconds.
  path: Assets/Dragon Warrior Files/Effects/particlel.png
  artifactKey: Guid(ca17161ee20736d4282c05c6c94bfd61) Importer(2089858483,0ecaa5967403d082aa24f35e1b516d23)
Start importing Assets/Dragon Warrior Files/Effects/particlel.png using Guid(ca17161ee20736d4282c05c6c94bfd61) Importer(2089858483,0ecaa5967403d082aa24f35e1b516d23) Generated GUIDs only implemented for interfaces!
 -> (artifact id: '2bea5d58fd711d3d03723ece987bc973') in 0.037677 seconds
Number of updated asset objects reloaded before import = 0
Number of asset objects unloaded after import = 3
========================================================================
Received Import Request.
  Time since last request: 0.000017 seconds.
  path: Assets/Dragon Warrior Files/Dragon Warrior PNG/die_001.png
  artifactKey: Guid(78cb51b531ddb89419c7fa611c7098dc) Importer(2089858483,0ecaa5967403d082aa24f35e1b516d23)
Start importing Assets/Dragon Warrior Files/Dragon Warrior PNG/die_001.png using Guid(78cb51b531ddb89419c7fa611c7098dc) Importer(2089858483,0ecaa5967403d082aa24f35e1b516d23) Generated GUIDs only implemented for interfaces!
 -> (artifact id: '2ead90211d8db1a4e821e59b1ef63048') in 0.036176 seconds
Number of updated asset objects reloaded before import = 0
Number of asset objects unloaded after import = 3
========================================================================
Received Import Request.
  Time since last request: 0.000023 seconds.
  path: Assets/Dragon Warrior Files/Dragon Warrior PNG/idle_02.png
  artifactKey: Guid(50a4a2787b97b4d4080a545cb036d0fb) Importer(2089858483,0ecaa5967403d082aa24f35e1b516d23)
Start importing Assets/Dragon Warrior Files/Dragon Warrior PNG/idle_02.png using Guid(50a4a2787b97b4d4080a545cb036d0fb) Importer(2089858483,0ecaa5967403d082aa24f35e1b516d23) Generated GUIDs only implemented for interfaces!
 -> (artifact id: '5e251af629d9b6d5e5ba0a0f311ba3cd') in 0.042469 seconds
Number of updated asset objects reloaded before import = 0
Number of asset objects unloaded after import = 3
========================================================================
Received Import Request.
  Time since last request: 0.000027 seconds.
  path: Assets/Poignant Symphony Music Modules/MP3s/War - Maximum Intensity.mp3
  artifactKey: Guid(c95a931fa1831c14f8b8e0e8e0967f6e) Importer(2089858483,0ecaa5967403d082aa24f35e1b516d23)
Start importing Assets/Poignant Symphony Music Modules/MP3s/War - Maximum Intensity.mp3 using Guid(c95a931fa1831c14f8b8e0e8e0967f6e) Importer(2089858483,0ecaa5967403d082aa24f35e1b516d23) Generated GUIDs only implemented for interfaces!
 -> (artifact id: 'aae6b17c148b828ae2b9152acaff072e') in 0.185119 seconds
Number of updated asset objects reloaded before import = 0
Number of asset objects unloaded after import = 1
========================================================================
Received Import Request.
  Time since last request: 0.000016 seconds.
  path: Assets/BayatGames/Free Platform Game Assets/Demo/DemoSettings.lighting
  artifactKey: Guid(54a7cb4a9b9c0d246af261492f3662bf) Importer(2089858483,0ecaa5967403d082aa24f35e1b516d23)
Start importing Assets/BayatGames/Free Platform Game Assets/Demo/DemoSettings.lighting using Guid(54a7cb4a9b9c0d246af261492f3662bf) Importer(2089858483,0ecaa5967403d082aa24f35e1b516d23) LightingSettings: switching bake backend from 1 to 0.
Generated GUIDs only implemented for interfaces!
 -> (artifact id: 'c8efef5ea95fba9bd97c0dad5f62b66f') in 0.034137 seconds
Number of updated asset objects reloaded before import = 0
Number of asset objects unloaded after import = 1
========================================================================
Received Import Request.
  Time since last request: 0.000023 seconds.
  path: Assets/TextMesh Pro/Sprites/EmojiOne.png
  artifactKey: Guid(dffef66376be4fa480fb02b19edbe903) Importer(2089858483,0ecaa5967403d082aa24f35e1b516d23)
Start importing Assets/TextMesh Pro/Sprites/EmojiOne.png using Guid(dffef66376be4fa480fb02b19edbe903) Importer(2089858483,0ecaa5967403d082aa24f35e1b516d23) Generated GUIDs only implemented for interfaces!
 -> (artifact id: 'ee1fb8a53450d94cf352679e79eb6c4d') in 0.048560 seconds
Number of updated asset objects reloaded before import = 0
Number of asset objects unloaded after import = 1
========================================================================
Received Import Request.
  Time since last request: 0.000031 seconds.
  path: Assets/BayatGames/Free Platform Game Assets/Preview/Preview.ai
  artifactKey: Guid(c0d75160fab977340b0a29c9f6a18536) Importer(2089858483,0ecaa5967403d082aa24f35e1b516d23)
Start importing Assets/BayatGames/Free Platform Game Assets/Preview/Preview.ai using Guid(c0d75160fab977340b0a29c9f6a18536) Importer(2089858483,0ecaa5967403d082aa24f35e1b516d23) Generated GUIDs only implemented for interfaces!
 -> (artifact id: '9a28dd6d2de93313a4403501bce3f75f') in 0.016461 seconds
Number of updated asset objects reloaded before import = 0
Number of asset objects unloaded after import = 1
========================================================================
Received Import Request.
  Time since last request: 0.000022 seconds.
  path: Assets/Free 2D Cartoon Parallax Background/!_Moutain/Layer_2.png
  artifactKey: Guid(f742986c8cfb0f9408700b55894aba73) Importer(2089858483,0ecaa5967403d082aa24f35e1b516d23)
Start importing Assets/Free 2D Cartoon Parallax Background/!_Moutain/Layer_2.png using Guid(f742986c8cfb0f9408700b55894aba73) Importer(2089858483,0ecaa5967403d082aa24f35e1b516d23) Generated GUIDs only implemented for interfaces!
 -> (artifact id: '9fb45a2ca36fad6ccb2855488e38ad42') in 0.047653 seconds
Number of updated asset objects reloaded before import = 0
Number of asset objects unloaded after import = 3
========================================================================
Received Import Request.
  Time since last request: 0.000022 seconds.
  path: Assets/Dragon Warrior Files/Dragon Warrior PNG/idle_03.png
  artifactKey: Guid(761e277bc5c84c3419e2a42c396dde31) Importer(2089858483,0ecaa5967403d082aa24f35e1b516d23)
Start importing Assets/Dragon Warrior Files/Dragon Warrior PNG/idle_03.png using Guid(761e277bc5c84c3419e2a42c396dde31) Importer(2089858483,0ecaa5967403d082aa24f35e1b516d23) Generated GUIDs only implemented for interfaces!
 -> (artifact id: 'c4072250002a7a0c2bbc21664a9a0420') in 0.035673 seconds
Number of updated asset objects reloaded before import = 0
Number of asset objects unloaded after import = 3
========================================================================
Received Import Request.
  Time since last request: 0.000023 seconds.
  path: Assets/Dragon Warrior Files/Effects/dashwind_02.png
  artifactKey: Guid(7ee76aa704bf5874e9c6b413729f72fe) Importer(2089858483,0ecaa5967403d082aa24f35e1b516d23)
Start importing Assets/Dragon Warrior Files/Effects/dashwind_02.png using Guid(7ee76aa704bf5874e9c6b413729f72fe) Importer(2089858483,0ecaa5967403d082aa24f35e1b516d23) Generated GUIDs only implemented for interfaces!
 -> (artifact id: '109cbab2fb15b916ff2a85a523056b17') in 0.052181 seconds
Number of updated asset objects reloaded before import = 0
Number of asset objects unloaded after import = 3
========================================================================
Received Import Request.
  Time since last request: 0.000018 seconds.
  path: Assets/Dragon Warrior Files/Effects/iblast_01.png
  artifactKey: Guid(e0b16a377f17da741be514a884ceeca3) Importer(2089858483,0ecaa5967403d082aa24f35e1b516d23)
Start importing Assets/Dragon Warrior Files/Effects/iblast_01.png using Guid(e0b16a377f17da741be514a884ceeca3) Importer(2089858483,0ecaa5967403d082aa24f35e1b516d23) Generated GUIDs only implemented for interfaces!
 -> (artifact id: '924f1d84202a6eb3859b4714348f35a0') in 0.042320 seconds
Number of updated asset objects reloaded before import = 0
Number of asset objects unloaded after import = 3
========================================================================
Received Import Request.
  Time since last request: 0.000021 seconds.
  path: Assets/Dragon Warrior Files/Effects/explosion_06.png
  artifactKey: Guid(59d6a0740f5fa2d43bace77687889e18) Importer(2089858483,0ecaa5967403d082aa24f35e1b516d23)
Start importing Assets/Dragon Warrior Files/Effects/explosion_06.png using Guid(59d6a0740f5fa2d43bace77687889e18) Importer(2089858483,0ecaa5967403d082aa24f35e1b516d23) Generated GUIDs only implemented for interfaces!
 -> (artifact id: '0afcc6652ae157d20e0c515fc266f00d') in 0.042101 seconds
Number of updated asset objects reloaded before import = 0
Number of asset objects unloaded after import = 3
========================================================================
Received Import Request.
  Time since last request: 0.000020 seconds.
  path: Assets/Poignant Symphony Music Modules/MP3s/War - Minimum Intensity.mp3
  artifactKey: Guid(d2e9f9c3f2af1de4fb45bb06704c87e1) Importer(2089858483,0ecaa5967403d082aa24f35e1b516d23)
Start importing Assets/Poignant Symphony Music Modules/MP3s/War - Minimum Intensity.mp3 using Guid(d2e9f9c3f2af1de4fb45bb06704c87e1) Importer(2089858483,0ecaa5967403d082aa24f35e1b516d23) Generated GUIDs only implemented for interfaces!
 -> (artifact id: '9d768845da41104647288ab6d170e690') in 0.176000 seconds
Number of updated asset objects reloaded before import = 0
Number of asset objects unloaded after import = 1
========================================================================
Received Import Request.
  Time since last request: 0.000030 seconds.
  path: Assets/TextMesh Pro/Shaders/TMPro_Surface.cginc
  artifactKey: Guid(d930090c0cd643c7b55f19a38538c162) Importer(2089858483,0ecaa5967403d082aa24f35e1b516d23)
Start importing Assets/TextMesh Pro/Shaders/TMPro_Surface.cginc using Guid(d930090c0cd643c7b55f19a38538c162) Importer(2089858483,0ecaa5967403d082aa24f35e1b516d23) Generated GUIDs only implemented for interfaces!
 -> (artifact id: '641b4e9ff2c783c86f068a084e1e5afb') in 0.012655 seconds
Number of updated asset objects reloaded before import = 0
Number of asset objects unloaded after import = 1
========================================================================
Received Import Request.
  Time since last request: 0.000018 seconds.
  path: Assets/TextMesh Pro/Fonts/LiberationSans.ttf
  artifactKey: Guid(e3265ab4bf004d28a9537516768c1c75) Importer(2089858483,0ecaa5967403d082aa24f35e1b516d23)
Start importing Assets/TextMesh Pro/Fonts/LiberationSans.ttf using Guid(e3265ab4bf004d28a9537516768c1c75) Importer(2089858483,0ecaa5967403d082aa24f35e1b516d23) Generated GUIDs only implemented for interfaces!
 -> (artifact id: '86cb0d7747db3b9849f17b4932aa7416') in 0.029018 seconds
Number of updated asset objects reloaded before import = 0
Number of asset objects unloaded after import = 3
========================================================================
Received Import Request.
  Time since last request: 0.000021 seconds.
  path: Assets/2D Pixel Item Pack/Light Outline/S_ItemLightOutline_JarBlue_00.png
  artifactKey: Guid(a3ef59eb84c01d843a240451c3b1f2bb) Importer(2089858483,0ecaa5967403d082aa24f35e1b516d23)
Start importing Assets/2D Pixel Item Pack/Light Outline/S_ItemLightOutline_JarBlue_00.png using Guid(a3ef59eb84c01d843a240451c3b1f2bb) Importer(2089858483,0ecaa5967403d082aa24f35e1b516d23) Generated GUIDs only implemented for interfaces!
 -> (artifact id: '24dafae5ba1bd5200c7705648ba30dd4') in 0.040685 seconds
Number of updated asset objects reloaded before import = 0
Number of asset objects unloaded after import = 3
========================================================================
Received Import Request.
  Time since last request: 0.000024 seconds.
  path: Assets/Free 2D Cartoon Parallax Background/3_Graveyard/Layer_4.png
  artifactKey: Guid(0ceb3b7f07f8bff499799cb7cfa69fcd) Importer(2089858483,0ecaa5967403d082aa24f35e1b516d23)
Start importing Assets/Free 2D Cartoon Parallax Background/3_Graveyard/Layer_4.png using Guid(0ceb3b7f07f8bff499799cb7cfa69fcd) Importer(2089858483,0ecaa5967403d082aa24f35e1b516d23) Generated GUIDs only implemented for interfaces!
 -> (artifact id: '2415500becf3dfbf192180edacf14e16') in 0.043684 seconds
Number of updated asset objects reloaded before import = 0
Number of asset objects unloaded after import = 3
========================================================================
Received Import Request.
  Time since last request: 0.000018 seconds.
  path: Assets/2D Pixel Item Pack/Light Outline/S_ItemLightOutline_JarGold_01.png
  artifactKey: Guid(cbc9d6854e2a97c47848a562f3108613) Importer(2089858483,0ecaa5967403d082aa24f35e1b516d23)
Start importing Assets/2D Pixel Item Pack/Light Outline/S_ItemLightOutline_JarGold_01.png using Guid(cbc9d6854e2a97c47848a562f3108613) Importer(2089858483,0ecaa5967403d082aa24f35e1b516d23) Generated GUIDs only implemented for interfaces!
 -> (artifact id: '190dc2aa777d61042546d84d37295c44') in 0.037154 seconds
Number of updated asset objects reloaded before import = 0
Number of asset objects unloaded after import = 3
========================================================================
Received Import Request.
  Time since last request: 0.000017 seconds.
  path: Assets/2D Pixel Item Pack/Light Outline/S_ItemLightOutline_BarrelBlue_00.png
  artifactKey: Guid(6cebba6dd0d62794cbf3e2cbc5cbf1da) Importer(2089858483,0ecaa5967403d082aa24f35e1b516d23)
Start importing Assets/2D Pixel Item Pack/Light Outline/S_ItemLightOutline_BarrelBlue_00.png using Guid(6cebba6dd0d62794cbf3e2cbc5cbf1da) Importer(2089858483,0ecaa5967403d082aa24f35e1b516d23) Generated GUIDs only implemented for interfaces!
 -> (artifact id: '47e4f0a3fbdc243dcbe04bfa5cf4b876') in 0.039247 seconds
Number of updated asset objects reloaded before import = 0
Number of asset objects unloaded after import = 3
========================================================================
Received Import Request.
  Time since last request: 0.000023 seconds.
  path: Assets/Dragon Warrior Files/Dragon Warrior PNG/hurt_01.png
  artifactKey: Guid(49d02ad39de757b4aa0bf76ab7df3e59) Importer(2089858483,0ecaa5967403d082aa24f35e1b516d23)
Start importing Assets/Dragon Warrior Files/Dragon Warrior PNG/hurt_01.png using Guid(49d02ad39de757b4aa0bf76ab7df3e59) Importer(2089858483,0ecaa5967403d082aa24f35e1b516d23) Generated GUIDs only implemented for interfaces!
 -> (artifact id: '9207d2675e5a8cce4c04cd4af12c7317') in 0.043646 seconds
Number of updated asset objects reloaded before import = 0
Number of asset objects unloaded after import = 3
========================================================================
Received Import Request.
  Time since last request: 0.000032 seconds.
  path: Assets/Dragon Warrior Files/Dragon Warrior PNG/idle_01.png
  artifactKey: Guid(20daa800a641d9e4cae18a06630db1ef) Importer(2089858483,0ecaa5967403d082aa24f35e1b516d23)
Start importing Assets/Dragon Warrior Files/Dragon Warrior PNG/idle_01.png using Guid(20daa800a641d9e4cae18a06630db1ef) Importer(2089858483,0ecaa5967403d082aa24f35e1b516d23) Generated GUIDs only implemented for interfaces!
 -> (artifact id: 'e8427cc647b9cb779d05c5e582bc0c2d') in 0.034563 seconds
Number of updated asset objects reloaded before import = 0
Number of asset objects unloaded after import = 3
========================================================================
Received Import Request.
  Time since last request: 0.000017 seconds.
  path: Assets/Dragon Warrior Files/Effects/iblast_02.png
  artifactKey: Guid(b5591859471ec5043a8d9b0823b8e199) Importer(2089858483,0ecaa5967403d082aa24f35e1b516d23)
Start importing Assets/Dragon Warrior Files/Effects/iblast_02.png using Guid(b5591859471ec5043a8d9b0823b8e199) Importer(2089858483,0ecaa5967403d082aa24f35e1b516d23) Generated GUIDs only implemented for interfaces!
 -> (artifact id: 'c0eb554f1607d6850d06b8d18627c556') in 0.033640 seconds
Number of updated asset objects reloaded before import = 0
Number of asset objects unloaded after import = 3
========================================================================
Received Import Request.
  Time since last request: 0.000017 seconds.
  path: Assets/2D Pixel Item Pack/No Outline/S_ItemNoOutline_JarGold_00.png
  artifactKey: Guid(6ac74b0e3aa9f0e4693ac30504573201) Importer(2089858483,0ecaa5967403d082aa24f35e1b516d23)
Start importing Assets/2D Pixel Item Pack/No Outline/S_ItemNoOutline_JarGold_00.png using Guid(6ac74b0e3aa9f0e4693ac30504573201) Importer(2089858483,0ecaa5967403d082aa24f35e1b516d23) Generated GUIDs only implemented for interfaces!
 -> (artifact id: 'e8fb804c5e90622a5fb511a1cbf45ae9') in 0.040648 seconds
Number of updated asset objects reloaded before import = 0
Number of asset objects unloaded after import = 3
========================================================================
Received Import Request.
  Time since last request: 0.000021 seconds.
  path: Assets/Poignant Symphony Music Modules/MP3s/Fury.mp3
  artifactKey: Guid(3fff1c150f7b8ed40a596c994513f56e) Importer(2089858483,0ecaa5967403d082aa24f35e1b516d23)
Start importing Assets/Poignant Symphony Music Modules/MP3s/Fury.mp3 using Guid(3fff1c150f7b8ed40a596c994513f56e) Importer(2089858483,0ecaa5967403d082aa24f35e1b516d23) Generated GUIDs only implemented for interfaces!
 -> (artifact id: '8755c9d36b9ac4e2aedae6c1497b7f21') in 0.181368 seconds
Number of updated asset objects reloaded before import = 0
Number of asset objects unloaded after import = 1
========================================================================
Received Import Request.
  Time since last request: 0.000023 seconds.
  path: Assets/BayatGames/Free Platform Game Assets/GUI ( Update 1.7 )/ai/Elements.ai
  artifactKey: Guid(910a8e4be533ebb458dd9d3c6c2f17bc) Importer(2089858483,0ecaa5967403d082aa24f35e1b516d23)
Start importing Assets/BayatGames/Free Platform Game Assets/GUI ( Update 1.7 )/ai/Elements.ai using Guid(910a8e4be533ebb458dd9d3c6c2f17bc) Importer(2089858483,0ecaa5967403d082aa24f35e1b516d23) Generated GUIDs only implemented for interfaces!
 -> (artifact id: '4802f3b4aa267d2118e5df156f1b309c') in 0.010849 seconds
Number of updated asset objects reloaded before import = 0
Number of asset objects unloaded after import = 1
========================================================================
Received Import Request.
  Time since last request: 0.000034 seconds.
  path: Assets/Enemies/New Enemy ( Update 1.9 )/8x/Mace-Chain.png
  artifactKey: Guid(eacfb4eb999a5754cb662c1c764387d3) Importer(2089858483,0ecaa5967403d082aa24f35e1b516d23)
Start importing Assets/Enemies/New Enemy ( Update 1.9 )/8x/Mace-Chain.png using Guid(eacfb4eb999a5754cb662c1c764387d3) Importer(2089858483,0ecaa5967403d082aa24f35e1b516d23) Generated GUIDs only implemented for interfaces!
 -> (artifact id: 'd6c2f705ebc5e0909c90d5ad2fceab55') in 0.041447 seconds
Number of updated asset objects reloaded before import = 0
Number of asset objects unloaded after import = 3
========================================================================
Received Import Request.
  Time since last request: 0.000017 seconds.
  path: Assets/2D Pixel Item Pack/Heavy Outline/S_ItemHeavyOutline_PotionGold_02.png
  artifactKey: Guid(642c9aabc6c34a44fb748967f149019e) Importer(2089858483,0ecaa5967403d082aa24f35e1b516d23)
Start importing Assets/2D Pixel Item Pack/Heavy Outline/S_ItemHeavyOutline_PotionGold_02.png using Guid(642c9aabc6c34a44fb748967f149019e) Importer(2089858483,0ecaa5967403d082aa24f35e1b516d23) Generated GUIDs only implemented for interfaces!
 -> (artifact id: 'fa365e1c23e41f6a72e23d9dbf31ec05') in 0.039906 seconds
Number of updated asset objects reloaded before import = 0
Number of asset objects unloaded after import = 3
========================================================================
Received Import Request.
  Time since last request: 0.000019 seconds.
  path: Assets/TextMesh Pro/Shaders/TMP_SDF SSD.shader
  artifactKey: Guid(14eb328de4b8eb245bb7cea29e4ac00b) Importer(2089858483,0ecaa5967403d082aa24f35e1b516d23)
Start importing Assets/TextMesh Pro/Shaders/TMP_SDF SSD.shader using Guid(14eb328de4b8eb245bb7cea29e4ac00b) Importer(2089858483,0ecaa5967403d082aa24f35e1b516d23) Generated GUIDs only implemented for interfaces!
 -> (artifact id: '71be24a58f274e9b3d994e69db9b8c80') in 0.017142 seconds
Number of updated asset objects reloaded before import = 0
Number of asset objects unloaded after import = 1
========================================================================
Received Import Request.
  Time since last request: 0.000025 seconds.
  path: Assets/Dragon Warrior Files/Dragon Warrior PNG/win_02.png
  artifactKey: Guid(b81c4bdf1f97f00419a7a6db51184b83) Importer(2089858483,0ecaa5967403d082aa24f35e1b516d23)
Start importing Assets/Dragon Warrior Files/Dragon Warrior PNG/win_02.png using Guid(b81c4bdf1f97f00419a7a6db51184b83) Importer(2089858483,0ecaa5967403d082aa24f35e1b516d23) Generated GUIDs only implemented for interfaces!
 -> (artifact id: '5cfba512aca39e5d25365c452a1ae84b') in 0.049421 seconds
Number of updated asset objects reloaded before import = 0
Number of asset objects unloaded after import = 3
========================================================================
Received Import Request.
  Time since last request: 0.000020 seconds.
  path: Assets/Free 2D Cartoon Parallax Background/!_Moutain/Layer_1.png
  artifactKey: Guid(151eef41825813d4f96dd0d4c8ecdc2f) Importer(2089858483,0ecaa5967403d082aa24f35e1b516d23)
Start importing Assets/Free 2D Cartoon Parallax Background/!_Moutain/Layer_1.png using Guid(151eef41825813d4f96dd0d4c8ecdc2f) Importer(2089858483,0ecaa5967403d082aa24f35e1b516d23) Generated GUIDs only implemented for interfaces!
 -> (artifact id: '008c83a9b4de9ab2276a58ac25d9cc8c') in 0.048349 seconds
Number of updated asset objects reloaded before import = 0
Number of asset objects unloaded after import = 3
========================================================================
Received Import Request.
  Time since last request: 0.000022 seconds.
  path: Assets/2D Pixel Item Pack/Light Outline/S_ItemLightOutline_ChestRed_00.png
  artifactKey: Guid(56b3f530691a5514d97f5761217f4057) Importer(2089858483,0ecaa5967403d082aa24f35e1b516d23)
Start importing Assets/2D Pixel Item Pack/Light Outline/S_ItemLightOutline_ChestRed_00.png using Guid(56b3f530691a5514d97f5761217f4057) Importer(2089858483,0ecaa5967403d082aa24f35e1b516d23) Generated GUIDs only implemented for interfaces!
 -> (artifact id: '3581b00d16e2eb37815d9a9f24989fd2') in 0.038730 seconds
Number of updated asset objects reloaded before import = 0
Number of asset objects unloaded after import = 3
========================================================================
Received Import Request.
  Time since last request: 0.000022 seconds.
  path: Assets/Poignant Symphony Music Modules/MP3s/Main Theme - Maximum Intensity.mp3
  artifactKey: Guid(85dfb0dea3e359c499ad075f108ef3a2) Importer(2089858483,0ecaa5967403d082aa24f35e1b516d23)
Start importing Assets/Poignant Symphony Music Modules/MP3s/Main Theme - Maximum Intensity.mp3 using Guid(85dfb0dea3e359c499ad075f108ef3a2) Importer(2089858483,0ecaa5967403d082aa24f35e1b516d23) Generated GUIDs only implemented for interfaces!
 -> (artifact id: '4bc6b129fcbfce90385fc84b7592a41b') in 0.258784 seconds
Number of updated asset objects reloaded before import = 0
Number of asset objects unloaded after import = 1
========================================================================
Received Import Request.
  Time since last request: 0.000025 seconds.
  path: Assets/Enemies/New Enemy ( Update 1.9 )/2x/Chain-1.png
  artifactKey: Guid(5d7a1774f79833a40843a636e4578560) Importer(2089858483,0ecaa5967403d082aa24f35e1b516d23)
Start importing Assets/Enemies/New Enemy ( Update 1.9 )/2x/Chain-1.png using Guid(5d7a1774f79833a40843a636e4578560) Importer(2089858483,0ecaa5967403d082aa24f35e1b516d23) Generated GUIDs only implemented for interfaces!
 -> (artifact id: 'ecea47cffb726ff63f63aea00e07ce46') in 0.041981 seconds
Number of updated asset objects reloaded before import = 0
Number of asset objects unloaded after import = 3
========================================================================
Received Import Request.
  Time since last request: 0.000020 seconds.
  path: Assets/TextMesh Pro/Shaders/TMP_Bitmap-Mobile.shader
  artifactKey: Guid(1e3b057af24249748ff873be7fafee47) Importer(2089858483,0ecaa5967403d082aa24f35e1b516d23)
Start importing Assets/TextMesh Pro/Shaders/TMP_Bitmap-Mobile.shader using Guid(1e3b057af24249748ff873be7fafee47) Importer(2089858483,0ecaa5967403d082aa24f35e1b516d23) Generated GUIDs only implemented for interfaces!
 -> (artifact id: '36c6c90537ce6e591cc5d462ebe2c72e') in 0.014500 seconds
Number of updated asset objects reloaded before import = 0
Number of asset objects unloaded after import = 1
========================================================================
Received Import Request.
  Time since last request: 0.000034 seconds.
  path: Assets/Dragon Warrior Files/Dragon Warrior PNG/strike_01.png
  artifactKey: Guid(4b90e2136f82c864199ce0fe6565864e) Importer(2089858483,0ecaa5967403d082aa24f35e1b516d23)
Start importing Assets/Dragon Warrior Files/Dragon Warrior PNG/strike_01.png using Guid(4b90e2136f82c864199ce0fe6565864e) Importer(2089858483,0ecaa5967403d082aa24f35e1b516d23) Generated GUIDs only implemented for interfaces!
 -> (artifact id: 'a7d8ea0aa33c9ce9c4cd377d9fdde813') in 0.043005 seconds
Number of updated asset objects reloaded before import = 0
Number of asset objects unloaded after import = 3
========================================================================
Received Import Request.
  Time since last request: 0.000017 seconds.
  path: Assets/Free 2D Cartoon Parallax Background/FullBG/4_Snow.png
  artifactKey: Guid(429517ea1b1287a47952cd5cd8261d74) Importer(2089858483,0ecaa5967403d082aa24f35e1b516d23)
Start importing Assets/Free 2D Cartoon Parallax Background/FullBG/4_Snow.png using Guid(429517ea1b1287a47952cd5cd8261d74) Importer(2089858483,0ecaa5967403d082aa24f35e1b516d23) Generated GUIDs only implemented for interfaces!
 -> (artifact id: '6f22ce8b52f0f70f17c53d1c7c4f918f') in 0.037688 seconds
Number of updated asset objects reloaded before import = 0
Number of asset objects unloaded after import = 3
========================================================================
Received Import Request.
  Time since last request: 0.000018 seconds.
  path: Assets/BayatGames/Free Platform Game Assets/Coin Animation/ai/Coin Animation.ai
  artifactKey: Guid(798c51dbb8e25474181a5d7bbb025341) Importer(2089858483,0ecaa5967403d082aa24f35e1b516d23)
Start importing Assets/BayatGames/Free Platform Game Assets/Coin Animation/ai/Coin Animation.ai using Guid(798c51dbb8e25474181a5d7bbb025341) Importer(2089858483,0ecaa5967403d082aa24f35e1b516d23) Generated GUIDs only implemented for interfaces!
 -> (artifact id: 'd0940a648b97a844d39fb4a90fa00d5c') in 0.012733 seconds
Number of updated asset objects reloaded before import = 0
Number of asset objects unloaded after import = 1
========================================================================
Received Import Request.
  Time since last request: 0.000024 seconds.
  path: Assets/2D Pixel Item Pack/Light Outline/S_ItemLightOutline_CoinGold_00.png
  artifactKey: Guid(b9b6d1769f5cc774594729ad016eb966) Importer(2089858483,0ecaa5967403d082aa24f35e1b516d23)
Start importing Assets/2D Pixel Item Pack/Light Outline/S_ItemLightOutline_CoinGold_00.png using Guid(b9b6d1769f5cc774594729ad016eb966) Importer(2089858483,0ecaa5967403d082aa24f35e1b516d23) Generated GUIDs only implemented for interfaces!
 -> (artifact id: '730c585ce9c7a3878a763d28e67baf84') in 0.037376 seconds
Number of updated asset objects reloaded before import = 0
Number of asset objects unloaded after import = 3
========================================================================
Received Import Request.
  Time since last request: 0.000016 seconds.
  path: Assets/Dragon Warrior Files/Dragon Warrior PNG/flyKick_05.png
  artifactKey: Guid(521660e94e83ffa4a85fd97c1535f592) Importer(2089858483,0ecaa5967403d082aa24f35e1b516d23)
Start importing Assets/Dragon Warrior Files/Dragon Warrior PNG/flyKick_05.png using Guid(521660e94e83ffa4a85fd97c1535f592) Importer(2089858483,0ecaa5967403d082aa24f35e1b516d23) Generated GUIDs only implemented for interfaces!
 -> (artifact id: '646c7d8117ec3c6d50d0a471fe5fce30') in 0.041183 seconds
Number of updated asset objects reloaded before import = 0
Number of asset objects unloaded after import = 3
========================================================================
Received Import Request.
  Time since last request: 0.000019 seconds.
  path: Assets/2D Pixel Item Pack/No Outline/S_ItemNoOutline_PotionPurple_00.png
  artifactKey: Guid(48427561134115740b6f6e2caf015996) Importer(2089858483,0ecaa5967403d082aa24f35e1b516d23)
Start importing Assets/2D Pixel Item Pack/No Outline/S_ItemNoOutline_PotionPurple_00.png using Guid(48427561134115740b6f6e2caf015996) Importer(2089858483,0ecaa5967403d082aa24f35e1b516d23) Generated GUIDs only implemented for interfaces!
 -> (artifact id: 'cd22a4f64fa5684f9c6459c1f948e350') in 0.043516 seconds
Number of updated asset objects reloaded before import = 0
Number of asset objects unloaded after import = 3
========================================================================
Received Import Request.
  Time since last request: 0.000028 seconds.
  path: Assets/2D Pixel Item Pack/Light Outline/S_ItemLightOutline_JarBlue_01.png
  artifactKey: Guid(0290adc8f4725394d915c8e99c784df0) Importer(2089858483,0ecaa5967403d082aa24f35e1b516d23)
Start importing Assets/2D Pixel Item Pack/Light Outline/S_ItemLightOutline_JarBlue_01.png using Guid(0290adc8f4725394d915c8e99c784df0) Importer(2089858483,0ecaa5967403d082aa24f35e1b516d23) Generated GUIDs only implemented for interfaces!
 -> (artifact id: '347776b764f8ca71d433568022c0de3a') in 0.034042 seconds
Number of updated asset objects reloaded before import = 0
Number of asset objects unloaded after import = 3
========================================================================
Received Import Request.
  Time since last request: 0.000017 seconds.
  path: Assets/TextMesh Pro/Shaders/TMP_SDF-Surface.shader
  artifactKey: Guid(f7ada0af4f174f0694ca6a487b8f543d) Importer(2089858483,0ecaa5967403d082aa24f35e1b516d23)
Start importing Assets/TextMesh Pro/Shaders/TMP_SDF-Surface.shader using Guid(f7ada0af4f174f0694ca6a487b8f543d) Importer(2089858483,0ecaa5967403d082aa24f35e1b516d23) Generated GUIDs only implemented for interfaces!
 -> (artifact id: '329db7a57cc4f997a3e47065b062831d') in 0.021398 seconds
Number of updated asset objects reloaded before import = 0
Number of asset objects unloaded after import = 1
========================================================================
Received Import Request.
  Time since last request: 0.000026 seconds.
  path: Assets/BayatGames/Free Platform Game Assets/GUI ( Update 1.7 )/png/Elements1024x512.png
  artifactKey: Guid(f87b1d42a16dc3e4691317c697a89892) Importer(2089858483,0ecaa5967403d082aa24f35e1b516d23)
Start importing Assets/BayatGames/Free Platform Game Assets/GUI ( Update 1.7 )/png/Elements1024x512.png using Guid(f87b1d42a16dc3e4691317c697a89892) Importer(2089858483,0ecaa5967403d082aa24f35e1b516d23) Generated GUIDs only implemented for interfaces!
 -> (artifact id: 'c97e4ac4f417c38757506b5965bd6574') in 0.054423 seconds
Number of updated asset objects reloaded before import = 0
Number of asset objects unloaded after import = 3
========================================================================
Received Import Request.
  Time since last request: 0.000021 seconds.
  path: Assets/Enemies/Enemies/png/512x512/Mace.png
  artifactKey: Guid(b6dc8ab32ae6f2c4f849402eb362be5e) Importer(2089858483,0ecaa5967403d082aa24f35e1b516d23)
Start importing Assets/Enemies/Enemies/png/512x512/Mace.png using Guid(b6dc8ab32ae6f2c4f849402eb362be5e) Importer(2089858483,0ecaa5967403d082aa24f35e1b516d23) Generated GUIDs only implemented for interfaces!
 -> (artifact id: 'febe16df3769a83292bbe6775a761584') in 0.033978 seconds
Number of updated asset objects reloaded before import = 0
Number of asset objects unloaded after import = 3
========================================================================
Received Import Request.
  Time since last request: 0.000020 seconds.
  path: Assets/BayatGames/Free Platform Game Assets/GUI ( Update 1.7 )/eps/Empty Buttons.eps
  artifactKey: Guid(ea55d3e41a14d244e82dc6daef0ce25d) Importer(2089858483,0ecaa5967403d082aa24f35e1b516d23)
Start importing Assets/BayatGames/Free Platform Game Assets/GUI ( Update 1.7 )/eps/Empty Buttons.eps using Guid(ea55d3e41a14d244e82dc6daef0ce25d) Importer(2089858483,0ecaa5967403d082aa24f35e1b516d23) Generated GUIDs only implemented for interfaces!
 -> (artifact id: '67de908e434f0684be46b2f1facbfb0e') in 0.013758 seconds
Number of updated asset objects reloaded before import = 0
Number of asset objects unloaded after import = 1
========================================================================
Received Import Request.
  Time since last request: 0.000023 seconds.
  path: Assets/Enemies/Enemies/png/512x512/Pupil 512.png
  artifactKey: Guid(34a3d5607a0ccfc4f9384976166ab7b4) Importer(2089858483,0ecaa5967403d082aa24f35e1b516d23)
Start importing Assets/Enemies/Enemies/png/512x512/Pupil 512.png using Guid(34a3d5607a0ccfc4f9384976166ab7b4) Importer(2089858483,0ecaa5967403d082aa24f35e1b516d23) Generated GUIDs only implemented for interfaces!
 -> (artifact id: '57ba8340871560ec1304398e12b76d17') in 0.041860 seconds
Number of updated asset objects reloaded before import = 0
Number of asset objects unloaded after import = 3
========================================================================
Received Import Request.
  Time since last request: 0.000021 seconds.
  path: Assets/Enemies/Enemies/png/64x64/Spike_Left&Right.png
  artifactKey: Guid(e4790c9a8fc350e4c9040f29229b6792) Importer(2089858483,0ecaa5967403d082aa24f35e1b516d23)
Start importing Assets/Enemies/Enemies/png/64x64/Spike_Left&Right.png using Guid(e4790c9a8fc350e4c9040f29229b6792) Importer(2089858483,0ecaa5967403d082aa24f35e1b516d23) Generated GUIDs only implemented for interfaces!
 -> (artifact id: 'ff2ddcdaa0046f2fb45ded85097bf82d') in 0.047770 seconds
Number of updated asset objects reloaded before import = 0
Number of asset objects unloaded after import = 3
========================================================================
Received Import Request.
  Time since last request: 0.000021 seconds.
  path: Assets/Enemies/New Enemy ( Update 1.9 )/2x/2D Mac View/eye-5.png
  artifactKey: Guid(0e6087b58e9a0bd44aa4bd6e86f61471) Importer(2089858483,0ecaa5967403d082aa24f35e1b516d23)
Start importing Assets/Enemies/New Enemy ( Update 1.9 )/2x/2D Mac View/eye-5.png using Guid(0e6087b58e9a0bd44aa4bd6e86f61471) Importer(2089858483,0ecaa5967403d082aa24f35e1b516d23) Generated GUIDs only implemented for interfaces!
 -> (artifact id: '4392ebf0a459fa26918167b28f92ab42') in 0.047383 seconds
Number of updated asset objects reloaded before import = 0
Number of asset objects unloaded after import = 3
========================================================================
Received Import Request.
  Time since last request: 0.000048 seconds.
  path: Assets/Enemies/Enemies/png/512x512/Eyelid 512.png
  artifactKey: Guid(cc1f52d6923505c4598451f13978778f) Importer(2089858483,0ecaa5967403d082aa24f35e1b516d23)
Start importing Assets/Enemies/Enemies/png/512x512/Eyelid 512.png using Guid(cc1f52d6923505c4598451f13978778f) Importer(2089858483,0ecaa5967403d082aa24f35e1b516d23) Generated GUIDs only implemented for interfaces!
 -> (artifact id: '8be8e5cf14483d329e1ee1bb06592718') in 0.044826 seconds
Number of updated asset objects reloaded before import = 0
Number of asset objects unloaded after import = 3
========================================================================
Received Import Request.
  Time since last request: 0.000017 seconds.
  path: Assets/TextMesh Pro/Shaders/TMPro_Properties.cginc
  artifactKey: Guid(3997e2241185407d80309a82f9148466) Importer(2089858483,0ecaa5967403d082aa24f35e1b516d23)
Start importing Assets/TextMesh Pro/Shaders/TMPro_Properties.cginc using Guid(3997e2241185407d80309a82f9148466) Importer(2089858483,0ecaa5967403d082aa24f35e1b516d23) Generated GUIDs only implemented for interfaces!
 -> (artifact id: '1c0a010f2c1fe18f3096e9439f1da6d6') in 0.013432 seconds
Number of updated asset objects reloaded before import = 0
Number of asset objects unloaded after import = 1
========================================================================
Received Import Request.
  Time since last request: 0.000022 seconds.
  path: Assets/BayatGames/Free Platform Game Assets/GUI ( Update 1.7 )/ai/Level Select Sample.ai
  artifactKey: Guid(2959953bb883a0541981f044a071da32) Importer(2089858483,0ecaa5967403d082aa24f35e1b516d23)
Start importing Assets/BayatGames/Free Platform Game Assets/GUI ( Update 1.7 )/ai/Level Select Sample.ai using Guid(2959953bb883a0541981f044a071da32) Importer(2089858483,0ecaa5967403d082aa24f35e1b516d23) Generated GUIDs only implemented for interfaces!
 -> (artifact id: '056afacbf1667316e4469557fc08b328') in 0.011665 seconds
Number of updated asset objects reloaded before import = 0
Number of asset objects unloaded after import = 1
========================================================================
Received Import Request.
  Time since last request: 0.000039 seconds.
  path: Assets/Dragon Warrior Files/Dragon Warrior PNG/die_009.png
  artifactKey: Guid(e5258472650049045bbf40c848a088b1) Importer(2089858483,0ecaa5967403d082aa24f35e1b516d23)
Start importing Assets/Dragon Warrior Files/Dragon Warrior PNG/die_009.png using Guid(e5258472650049045bbf40c848a088b1) Importer(2089858483,0ecaa5967403d082aa24f35e1b516d23) Generated GUIDs only implemented for interfaces!
 -> (artifact id: '630dbf1cae4550ca3a303e17db7e722e') in 0.040999 seconds
Number of updated asset objects reloaded before import = 0
Number of asset objects unloaded after import = 3
========================================================================
Received Import Request.
  Time since last request: 0.000022 seconds.
  path: Assets/Dragon Warrior Files/Effects/dashwind_01.png
  artifactKey: Guid(087330196575cb349a5822e5936a769f) Importer(2089858483,0ecaa5967403d082aa24f35e1b516d23)
Start importing Assets/Dragon Warrior Files/Effects/dashwind_01.png using Guid(087330196575cb349a5822e5936a769f) Importer(2089858483,0ecaa5967403d082aa24f35e1b516d23) Generated GUIDs only implemented for interfaces!
 -> (artifact id: '97f2a08b51e3a626b93a313f2af1fa37') in 0.041718 seconds
Number of updated asset objects reloaded before import = 0
Number of asset objects unloaded after import = 3
========================================================================
Received Import Request.
  Time since last request: 0.000024 seconds.
  path: Assets/BayatGames/Free Platform Game Assets/GUI ( Update 1.7 )/eps/Iconic Buttons.eps
  artifactKey: Guid(052e31417bf636f45b514af630c07b82) Importer(2089858483,0ecaa5967403d082aa24f35e1b516d23)
Start importing Assets/BayatGames/Free Platform Game Assets/GUI ( Update 1.7 )/eps/Iconic Buttons.eps using Guid(052e31417bf636f45b514af630c07b82) Importer(2089858483,0ecaa5967403d082aa24f35e1b516d23) Generated GUIDs only implemented for interfaces!
 -> (artifact id: 'c9fed4daf7ce5a151bd3dd246b6fd62c') in 0.010445 seconds
Number of updated asset objects reloaded before import = 0
Number of asset objects unloaded after import = 1
========================================================================
Received Import Request.
  Time since last request: 0.000022 seconds.
  path: Assets/Free 2D Cartoon Parallax Background/Demo/Scenes/Demo_Scene.unity
  artifactKey: Guid(8fb833954f68e2640842680d0cc08b4d) Importer(2089858483,0ecaa5967403d082aa24f35e1b516d23)
Start importing Assets/Free 2D Cartoon Parallax Background/Demo/Scenes/Demo_Scene.unity using Guid(8fb833954f68e2640842680d0cc08b4d) Importer(2089858483,0ecaa5967403d082aa24f35e1b516d23) Generated GUIDs only implemented for interfaces!
 -> (artifact id: '7a519b442ad9ddac6053dbcea584da86') in 0.012394 seconds
Number of updated asset objects reloaded before import = 0
Number of asset objects unloaded after import = 1
========================================================================
Received Import Request.
  Time since last request: 0.000171 seconds.
  path: Assets/TextMesh Pro/Shaders/TMP_SDF.shader
  artifactKey: Guid(68e6db2ebdc24f95958faec2be5558d6) Importer(2089858483,0ecaa5967403d082aa24f35e1b516d23)
Start importing Assets/TextMesh Pro/Shaders/TMP_SDF.shader using Guid(68e6db2ebdc24f95958faec2be5558d6) Importer(2089858483,0ecaa5967403d082aa24f35e1b516d23) Generated GUIDs only implemented for interfaces!
 -> (artifact id: 'ac8656e1c1ad43148af200730ed7c94a') in 0.018392 seconds
Number of updated asset objects reloaded before import = 0
Number of asset objects unloaded after import = 1
========================================================================
Received Import Request.
  Time since last request: 0.000024 seconds.
  path: Assets/Dragon Warrior Files/Dragon Warrior PNG/jump_02.png
  artifactKey: Guid(d2df597a04a76de4a96a4c5e9a6f0ca4) Importer(2089858483,0ecaa5967403d082aa24f35e1b516d23)
Start importing Assets/Dragon Warrior Files/Dragon Warrior PNG/jump_02.png using Guid(d2df597a04a76de4a96a4c5e9a6f0ca4) Importer(2089858483,0ecaa5967403d082aa24f35e1b516d23) Generated GUIDs only implemented for interfaces!
 -> (artifact id: '74c068eb3219f924ebc94f82fc8bb85e') in 0.036609 seconds
Number of updated asset objects reloaded before import = 0
Number of asset objects unloaded after import = 3
========================================================================
Received Import Request.
  Time since last request: 0.000023 seconds.
  path: Assets/2D Pixel Item Pack/No Outline/S_ItemNoOutline_PotionRed_02.png
  artifactKey: Guid(1faab0627e69c1747aba494c3637e1bb) Importer(2089858483,0ecaa5967403d082aa24f35e1b516d23)
Start importing Assets/2D Pixel Item Pack/No Outline/S_ItemNoOutline_PotionRed_02.png using Guid(1faab0627e69c1747aba494c3637e1bb) Importer(2089858483,0ecaa5967403d082aa24f35e1b516d23) Generated GUIDs only implemented for interfaces!
 -> (artifact id: '749b5b76407a61a7c9a7268ef2591b31') in 0.037150 seconds
Number of updated asset objects reloaded before import = 0
Number of asset objects unloaded after import = 3
========================================================================
Received Import Request.
  Time since last request: 0.000031 seconds.
  path: Assets/Dragon Warrior Files/Dragon Warrior PNG/flyKick_04.png
  artifactKey: Guid(5ff063ce9242d8840826e75f628b6ef7) Importer(2089858483,0ecaa5967403d082aa24f35e1b516d23)
Start importing Assets/Dragon Warrior Files/Dragon Warrior PNG/flyKick_04.png using Guid(5ff063ce9242d8840826e75f628b6ef7) Importer(2089858483,0ecaa5967403d082aa24f35e1b516d23) Generated GUIDs only implemented for interfaces!
 -> (artifact id: '80fd048d4b93d4d9c4cd7e9f3a8a519e') in 0.040845 seconds
Number of updated asset objects reloaded before import = 0
Number of asset objects unloaded after import = 3
========================================================================
Received Import Request.
  Time since last request: 0.000017 seconds.
  path: Assets/2D Pixel Item Pack/No Outline/S_ItemNoOutline_HeartGold_00.png
  artifactKey: Guid(a3593f4726e4c414294d349cf7c07316) Importer(2089858483,0ecaa5967403d082aa24f35e1b516d23)
Start importing Assets/2D Pixel Item Pack/No Outline/S_ItemNoOutline_HeartGold_00.png using Guid(a3593f4726e4c414294d349cf7c07316) Importer(2089858483,0ecaa5967403d082aa24f35e1b516d23) Generated GUIDs only implemented for interfaces!
 -> (artifact id: 'ce4bd6348fb3d543b298e2e82aa5542b') in 0.037394 seconds
Number of updated asset objects reloaded before import = 0
Number of asset objects unloaded after import = 3
========================================================================
Received Import Request.
  Time since last request: 0.000024 seconds.
  path: Assets/BayatGames/Free Platform Game Assets/Coin Animation/eps/Coin Animation.eps
  artifactKey: Guid(1e2edfd1b1172174dbb3e3f344172350) Importer(2089858483,0ecaa5967403d082aa24f35e1b516d23)
Start importing Assets/BayatGames/Free Platform Game Assets/Coin Animation/eps/Coin Animation.eps using Guid(1e2edfd1b1172174dbb3e3f344172350) Importer(2089858483,0ecaa5967403d082aa24f35e1b516d23) Generated GUIDs only implemented for interfaces!
 -> (artifact id: '2fd21787319c6e1058e6dd642ba29b75') in 0.010552 seconds
Number of updated asset objects reloaded before import = 0
Number of asset objects unloaded after import = 1
========================================================================
Received Import Request.
  Time since last request: 0.000024 seconds.
  path: Assets/Dragon Warrior Files/Dragon Warrior PNG/jumpATK_02.png
  artifactKey: Guid(c0ce46792cbd15b448935b4e757cbc02) Importer(2089858483,0ecaa5967403d082aa24f35e1b516d23)
Start importing Assets/Dragon Warrior Files/Dragon Warrior PNG/jumpATK_02.png using Guid(c0ce46792cbd15b448935b4e757cbc02) Importer(2089858483,0ecaa5967403d082aa24f35e1b516d23) Generated GUIDs only implemented for interfaces!
 -> (artifact id: '2d6024b8d1f26ed1988d43e76674ce38') in 0.043566 seconds
Number of updated asset objects reloaded before import = 0
Number of asset objects unloaded after import = 3
========================================================================
Received Import Request.
  Time since last request: 0.000021 seconds.
  path: Assets/Dragon Warrior Files/Dragon Warrior PNG/dizzy_03.png
  artifactKey: Guid(3cbc28c0984352d4393e38772abab30f) Importer(2089858483,0ecaa5967403d082aa24f35e1b516d23)
Start importing Assets/Dragon Warrior Files/Dragon Warrior PNG/dizzy_03.png using Guid(3cbc28c0984352d4393e38772abab30f) Importer(2089858483,0ecaa5967403d082aa24f35e1b516d23) Generated GUIDs only implemented for interfaces!
 -> (artifact id: '858b8ffe03ac09d69e2ac0aea568cd01') in 0.041509 seconds
Number of updated asset objects reloaded before import = 0
Number of asset objects unloaded after import = 3
========================================================================
Received Import Request.
  Time since last request: 0.000017 seconds.
  path: Assets/Enemies/Enemies/png/64x64/Spike_Down.png
  artifactKey: Guid(65948b26b1cde0247930b657883b2da6) Importer(2089858483,0ecaa5967403d082aa24f35e1b516d23)
Start importing Assets/Enemies/Enemies/png/64x64/Spike_Down.png using Guid(65948b26b1cde0247930b657883b2da6) Importer(2089858483,0ecaa5967403d082aa24f35e1b516d23) Generated GUIDs only implemented for interfaces!
 -> (artifact id: '28030bb2a1551bb32d5a4d4708f9e591') in 0.042680 seconds
Number of updated asset objects reloaded before import = 0
Number of asset objects unloaded after import = 3
========================================================================
Received Import Request.
  Time since last request: 0.000027 seconds.
  path: Assets/Enemies/Enemies/eps/Spike.eps
  artifactKey: Guid(5efb7518b6749494f82e44bb917b3317) Importer(2089858483,0ecaa5967403d082aa24f35e1b516d23)
Start importing Assets/Enemies/Enemies/eps/Spike.eps using Guid(5efb7518b6749494f82e44bb917b3317) Importer(2089858483,0ecaa5967403d082aa24f35e1b516d23) Generated GUIDs only implemented for interfaces!
 -> (artifact id: 'c7bf50760284c8c38e80c243bcbab38d') in 0.011715 seconds
Number of updated asset objects reloaded before import = 0
Number of asset objects unloaded after import = 1
========================================================================
Received Import Request.
  Time since last request: 0.000026 seconds.
  path: Assets/Enemies/Enemies/png/128x128/Spike_Left&down.png
  artifactKey: Guid(9313547624ac5ad4f859f9b6feba896e) Importer(2089858483,0ecaa5967403d082aa24f35e1b516d23)
Start importing Assets/Enemies/Enemies/png/128x128/Spike_Left&down.png using Guid(9313547624ac5ad4f859f9b6feba896e) Importer(2089858483,0ecaa5967403d082aa24f35e1b516d23) Generated GUIDs only implemented for interfaces!
 -> (artifact id: 'b9ca7d18c6636b0769b48febb5de8bf9') in 0.042166 seconds
Number of updated asset objects reloaded before import = 0
Number of asset objects unloaded after import = 3
========================================================================
Received Import Request.
  Time since last request: 0.000018 seconds.
  path: Assets/BayatGames/Free Platform Game Assets/GUI ( Update 1.7 )/png/Iconic2048x2048.png
  artifactKey: Guid(2676ff5c94fc9f1489d59bf570d079e3) Importer(2089858483,0ecaa5967403d082aa24f35e1b516d23)
Start importing Assets/BayatGames/Free Platform Game Assets/GUI ( Update 1.7 )/png/Iconic2048x2048.png using Guid(2676ff5c94fc9f1489d59bf570d079e3) Importer(2089858483,0ecaa5967403d082aa24f35e1b516d23) Generated GUIDs only implemented for interfaces!
 -> (artifact id: '9b10571af446e0b58f921681235bb24b') in 0.053617 seconds
Number of updated asset objects reloaded before import = 0
Number of asset objects unloaded after import = 3
========================================================================
Received Import Request.
  Time since last request: 0.000022 seconds.
  path: Assets/Enemies/Enemies/png/512x512/Mac 512.png
  artifactKey: Guid(a79dbc4d254271a47bc835354666ed81) Importer(2089858483,0ecaa5967403d082aa24f35e1b516d23)
Start importing Assets/Enemies/Enemies/png/512x512/Mac 512.png using Guid(a79dbc4d254271a47bc835354666ed81) Importer(2089858483,0ecaa5967403d082aa24f35e1b516d23) Generated GUIDs only implemented for interfaces!
 -> (artifact id: '7e73d7055412e5a9d2c4d355114d14e0') in 0.051165 seconds
Number of updated asset objects reloaded before import = 0
Number of asset objects unloaded after import = 3
========================================================================
Received Import Request.
  Time since last request: 0.000017 seconds.
  path: Assets/Enemies/New Enemy ( Update 1.9 )/2x/2D Mac View/2D Mace View.png
  artifactKey: Guid(2c485f404f6b79e46bf40f28682b23d3) Importer(2089858483,0ecaa5967403d082aa24f35e1b516d23)
Start importing Assets/Enemies/New Enemy ( Update 1.9 )/2x/2D Mac View/2D Mace View.png using Guid(2c485f404f6b79e46bf40f28682b23d3) Importer(2089858483,0ecaa5967403d082aa24f35e1b516d23) Generated GUIDs only implemented for interfaces!
 -> (artifact id: '9cf3e3b5b35ac9d4d4b5f8c8a363d7fb') in 0.047810 seconds
Number of updated asset objects reloaded before import = 0
Number of asset objects unloaded after import = 3
========================================================================
Received Import Request.
  Time since last request: 0.000018 seconds.
  path: Assets/BayatGames/Free Platform Game Assets/Backgrounds/New Background ( Update 1.7 )/eps/NewBackground1920x1080.eps
  artifactKey: Guid(513870e9d5b66e74c879e96dbecb3285) Importer(2089858483,0ecaa5967403d082aa24f35e1b516d23)
Start importing Assets/BayatGames/Free Platform Game Assets/Backgrounds/New Background ( Update 1.7 )/eps/NewBackground1920x1080.eps using Guid(513870e9d5b66e74c879e96dbecb3285) Importer(2089858483,0ecaa5967403d082aa24f35e1b516d23) Generated GUIDs only implemented for interfaces!
 -> (artifact id: 'ab120c712de099e0d3885465c84578cb') in 0.012093 seconds
Number of updated asset objects reloaded before import = 0
Number of asset objects unloaded after import = 1
========================================================================
Received Import Request.
  Time since last request: 0.000023 seconds.
  path: Assets/BayatGames/Free Platform Game Assets/Backgrounds/New Background ( Update 1.7 )/ai/NewBackground2048x1536.ai
  artifactKey: Guid(3229f214f31ca0343a63e0b0bc8996f9) Importer(2089858483,0ecaa5967403d082aa24f35e1b516d23)
Start importing Assets/BayatGames/Free Platform Game Assets/Backgrounds/New Background ( Update 1.7 )/ai/NewBackground2048x1536.ai using Guid(3229f214f31ca0343a63e0b0bc8996f9) Importer(2089858483,0ecaa5967403d082aa24f35e1b516d23) Generated GUIDs only implemented for interfaces!
 -> (artifact id: '1d70b8cdc2711a421b78634c77c195cd') in 0.010622 seconds
Number of updated asset objects reloaded before import = 0
Number of asset objects unloaded after import = 1
========================================================================
Received Import Request.
  Time since last request: 0.000027 seconds.
  path: Assets/BayatGames/Free Platform Game Assets/Backgrounds/Background/eps/Background2048x1536.eps
  artifactKey: Guid(295c1b7e9406a464487020702087beb5) Importer(2089858483,0ecaa5967403d082aa24f35e1b516d23)
Start importing Assets/BayatGames/Free Platform Game Assets/Backgrounds/Background/eps/Background2048x1536.eps using Guid(295c1b7e9406a464487020702087beb5) Importer(2089858483,0ecaa5967403d082aa24f35e1b516d23) Generated GUIDs only implemented for interfaces!
 -> (artifact id: '83b6389b74b96b3c6b349615985c0530') in 0.011015 seconds
Number of updated asset objects reloaded before import = 0
Number of asset objects unloaded after import = 1
========================================================================
Received Import Request.
  Time since last request: 0.000067 seconds.
  path: Assets/Enemies/New Enemy ( Update 1.9 )/8x/2D Mace View/eye-2.png
  artifactKey: Guid(65742dad6dd3a4f41896964fb82c391a) Importer(2089858483,0ecaa5967403d082aa24f35e1b516d23)
Start importing Assets/Enemies/New Enemy ( Update 1.9 )/8x/2D Mace View/eye-2.png using Guid(65742dad6dd3a4f41896964fb82c391a) Importer(2089858483,0ecaa5967403d082aa24f35e1b516d23) Generated GUIDs only implemented for interfaces!
 -> (artifact id: '077a726eb9d072599e2d69550bd29004') in 0.043912 seconds
Number of updated asset objects reloaded before import = 0
Number of asset objects unloaded after import = 3
========================================================================
Received Import Request.
  Time since last request: 0.000022 seconds.
  path: Assets/Enemies/New Enemy ( Update 1.9 )/4x/2D Mac View/eye-5.png
  artifactKey: Guid(3495f8d592e03fd4bb11dec2e2c626e8) Importer(2089858483,0ecaa5967403d082aa24f35e1b516d23)
Start importing Assets/Enemies/New Enemy ( Update 1.9 )/4x/2D Mac View/eye-5.png using Guid(3495f8d592e03fd4bb11dec2e2c626e8) Importer(2089858483,0ecaa5967403d082aa24f35e1b516d23) Generated GUIDs only implemented for interfaces!
 -> (artifact id: '24104ae2f1743697205b61e054d0da1e') in 0.053291 seconds
Number of updated asset objects reloaded before import = 0
Number of asset objects unloaded after import = 3
========================================================================
Received Import Request.
  Time since last request: 0.000020 seconds.
  path: Assets/BayatGames/Free Platform Game Assets/Coin Animation/png/2x/image 14.png
  artifactKey: Guid(7471dc94b1670e54b8f926859686caa1) Importer(2089858483,0ecaa5967403d082aa24f35e1b516d23)
Start importing Assets/BayatGames/Free Platform Game Assets/Coin Animation/png/2x/image 14.png using Guid(7471dc94b1670e54b8f926859686caa1) Importer(2089858483,0ecaa5967403d082aa24f35e1b516d23) Generated GUIDs only implemented for interfaces!
 -> (artifact id: '36ea23cdfcb4400b2f4b5d28de735f38') in 0.040468 seconds
Number of updated asset objects reloaded before import = 0
Number of asset objects unloaded after import = 3
========================================================================
Received Import Request.
  Time since last request: 0.000021 seconds.
  path: Assets/BayatGames/Free Platform Game Assets/Backgrounds/Background/eps/Background1920x1080.eps
  artifactKey: Guid(4661555c353c4754dbd8fed449289e3a) Importer(2089858483,0ecaa5967403d082aa24f35e1b516d23)
Start importing Assets/BayatGames/Free Platform Game Assets/Backgrounds/Background/eps/Background1920x1080.eps using Guid(4661555c353c4754dbd8fed449289e3a) Importer(2089858483,0ecaa5967403d082aa24f35e1b516d23) Generated GUIDs only implemented for interfaces!
 -> (artifact id: 'dd98fca81069903a22743c85b3bfc1ef') in 0.010823 seconds
Number of updated asset objects reloaded before import = 0
Number of asset objects unloaded after import = 1
========================================================================
Received Import Request.
  Time since last request: 0.000022 seconds.
  path: Assets/BayatGames/Free Platform Game Assets/Coin Animation/png/2x/image 11.png
  artifactKey: Guid(08e82f56b6f8f9e4da39977182df7f39) Importer(2089858483,0ecaa5967403d082aa24f35e1b516d23)
Start importing Assets/BayatGames/Free Platform Game Assets/Coin Animation/png/2x/image 11.png using Guid(08e82f56b6f8f9e4da39977182df7f39) Importer(2089858483,0ecaa5967403d082aa24f35e1b516d23) Generated GUIDs only implemented for interfaces!
 -> (artifact id: 'fcdc32380e43400f29a69eac4201549c') in 0.042664 seconds
Number of updated asset objects reloaded before import = 0
Number of asset objects unloaded after import = 3
========================================================================
Received Import Request.
  Time since last request: 0.000023 seconds.
  path: Assets/BayatGames/Free Platform Game Assets/Character/Character Animation ( Update 1.8 )/Jump/1x.png
  artifactKey: Guid(f98aa3d998533f2479a54460b4d5a2d0) Importer(2089858483,0ecaa5967403d082aa24f35e1b516d23)
Start importing Assets/BayatGames/Free Platform Game Assets/Character/Character Animation ( Update 1.8 )/Jump/1x.png using Guid(f98aa3d998533f2479a54460b4d5a2d0) Importer(2089858483,0ecaa5967403d082aa24f35e1b516d23) Generated GUIDs only implemented for interfaces!
 -> (artifact id: 'cf6b3cb079e5b068ada5c0c14c19baf6') in 0.041682 seconds
Number of updated asset objects reloaded before import = 0
Number of asset objects unloaded after import = 3
========================================================================
Received Import Request.
  Time since last request: 0.000038 seconds.
  path: Assets/BayatGames/Free Platform Game Assets/Coin Animation/png/2x/image 9.png
  artifactKey: Guid(3071611f52f355941ae108e3822562d3) Importer(2089858483,0ecaa5967403d082aa24f35e1b516d23)
Start importing Assets/BayatGames/Free Platform Game Assets/Coin Animation/png/2x/image 9.png using Guid(3071611f52f355941ae108e3822562d3) Importer(2089858483,0ecaa5967403d082aa24f35e1b516d23) Generated GUIDs only implemented for interfaces!
 -> (artifact id: 'ab4aeab7ef22b17f1dd81d24947330ec') in 0.039896 seconds
Number of updated asset objects reloaded before import = 0
Number of asset objects unloaded after import = 3
========================================================================
Received Import Request.
  Time since last request: 0.000018 seconds.
  path: Assets/BayatGames/Free Platform Game Assets/Character/Character Animation ( Update 1.8 )/Jump/2x.png
  artifactKey: Guid(5d2d7f4ab1e201048be99e1dc5fc3488) Importer(2089858483,0ecaa5967403d082aa24f35e1b516d23)
Start importing Assets/BayatGames/Free Platform Game Assets/Character/Character Animation ( Update 1.8 )/Jump/2x.png using Guid(5d2d7f4ab1e201048be99e1dc5fc3488) Importer(2089858483,0ecaa5967403d082aa24f35e1b516d23) Generated GUIDs only implemented for interfaces!
 -> (artifact id: '82a164f96816eaff92355c66bed95540') in 0.042412 seconds
Number of updated asset objects reloaded before import = 0
Number of asset objects unloaded after import = 3
========================================================================
Received Import Request.
  Time since last request: 0.000023 seconds.
  path: Assets/Enemies/New Enemy ( Update 1.9 )/8x/2D Mace View/2D Mace View Body.png
  artifactKey: Guid(1d11eeb496a72284dbe14d014270aa67) Importer(2089858483,0ecaa5967403d082aa24f35e1b516d23)
Start importing Assets/Enemies/New Enemy ( Update 1.9 )/8x/2D Mace View/2D Mace View Body.png using Guid(1d11eeb496a72284dbe14d014270aa67) Importer(2089858483,0ecaa5967403d082aa24f35e1b516d23) Generated GUIDs only implemented for interfaces!
 -> (artifact id: '2e146a553b221b0514885fc473d656d2') in 0.098970 seconds
Number of updated asset objects reloaded before import = 0
Number of asset objects unloaded after import = 3
========================================================================
Received Import Request.
  Time since last request: 0.000026 seconds.
  path: Assets/Enemies/New Enemy ( Update 1.9 )/4x/2D Mac View/eye-1.png
  artifactKey: Guid(80e92264fb73dae4098c40eff93989d5) Importer(2089858483,0ecaa5967403d082aa24f35e1b516d23)
Start importing Assets/Enemies/New Enemy ( Update 1.9 )/4x/2D Mac View/eye-1.png using Guid(80e92264fb73dae4098c40eff93989d5) Importer(2089858483,0ecaa5967403d082aa24f35e1b516d23) Generated GUIDs only implemented for interfaces!
 -> (artifact id: '54e34dbe117550fc810c83714f82f2ac') in 0.044808 seconds
Number of updated asset objects reloaded before import = 0
Number of asset objects unloaded after import = 3
========================================================================
Received Import Request.
  Time since last request: 0.000021 seconds.
  path: Assets/Enemies/New Enemy ( Update 1.9 )/8x/2D Mace View/eye-4.png
  artifactKey: Guid(eb66006f9b5a13f48ad4e35b4dc9c288) Importer(2089858483,0ecaa5967403d082aa24f35e1b516d23)
Start importing Assets/Enemies/New Enemy ( Update 1.9 )/8x/2D Mace View/eye-4.png using Guid(eb66006f9b5a13f48ad4e35b4dc9c288) Importer(2089858483,0ecaa5967403d082aa24f35e1b516d23) Generated GUIDs only implemented for interfaces!
 -> (artifact id: 'bc577c827e05ce1b947502f891a977da') in 0.046060 seconds
Number of updated asset objects reloaded before import = 0
Number of asset objects unloaded after import = 3
========================================================================
Received Import Request.
  Time since last request: 0.000027 seconds.
  path: Assets/BayatGames/Free Platform Game Assets/Coin Animation/png/2x/image 15.png
  artifactKey: Guid(27f6b32c91a50ae4088361bfd738dd14) Importer(2089858483,0ecaa5967403d082aa24f35e1b516d23)
Start importing Assets/BayatGames/Free Platform Game Assets/Coin Animation/png/2x/image 15.png using Guid(27f6b32c91a50ae4088361bfd738dd14) Importer(2089858483,0ecaa5967403d082aa24f35e1b516d23) Generated GUIDs only implemented for interfaces!
 -> (artifact id: 'f95b2e750cd8f244833b10c4d2283527') in 0.036424 seconds
Number of updated asset objects reloaded before import = 0
Number of asset objects unloaded after import = 3
========================================================================
Received Import Request.
  Time since last request: 0.000016 seconds.
  path: Assets/Enemies/New Enemy ( Update 1.9 )/4x/Square.png
  artifactKey: Guid(341fafd9c58a45d4c9d44738eb9b0047) Importer(2089858483,0ecaa5967403d082aa24f35e1b516d23)
Start importing Assets/Enemies/New Enemy ( Update 1.9 )/4x/Square.png using Guid(341fafd9c58a45d4c9d44738eb9b0047) Importer(2089858483,0ecaa5967403d082aa24f35e1b516d23) Generated GUIDs only implemented for interfaces!
 -> (artifact id: '97ea09d88118d5baf67d71d5245ae343') in 0.037174 seconds
Number of updated asset objects reloaded before import = 0
Number of asset objects unloaded after import = 3
========================================================================
Received Import Request.
  Time since last request: 0.000018 seconds.
  path: Assets/Enemies/Enemies/ai/Saw.ai
  artifactKey: Guid(4cadfdb61f4464e45ae5f00dcb07e13a) Importer(2089858483,0ecaa5967403d082aa24f35e1b516d23)
Start importing Assets/Enemies/Enemies/ai/Saw.ai using Guid(4cadfdb61f4464e45ae5f00dcb07e13a) Importer(2089858483,0ecaa5967403d082aa24f35e1b516d23) Generated GUIDs only implemented for interfaces!
 -> (artifact id: 'ebedd1153cd5765a6d0d60b1e85f589b') in 0.011363 seconds
Number of updated asset objects reloaded before import = 0
Number of asset objects unloaded after import = 1
========================================================================
Received Import Request.
  Time since last request: 0.000128 seconds.
  path: Assets/BayatGames/Free Platform Game Assets/Demo/Demo.unity
  artifactKey: Guid(c141d24673958bb44b780d361745cca7) Importer(2089858483,0ecaa5967403d082aa24f35e1b516d23)
Start importing Assets/BayatGames/Free Platform Game Assets/Demo/Demo.unity using Guid(c141d24673958bb44b780d361745cca7) Importer(2089858483,0ecaa5967403d082aa24f35e1b516d23) Generated GUIDs only implemented for interfaces!
 -> (artifact id: '4508de33f078d084cbab9e800e566e90') in 0.011516 seconds
Number of updated asset objects reloaded before import = 0
Number of asset objects unloaded after import = 1
========================================================================
Received Import Request.
  Time since last request: 0.000018 seconds.
  path: Assets/Enemies/New Enemy ( Update 1.9 )/8x/2D Mace View/eye-5.png
  artifactKey: Guid(22577a154792b594a9015ea89ec20c51) Importer(2089858483,0ecaa5967403d082aa24f35e1b516d23)
Start importing Assets/Enemies/New Enemy ( Update 1.9 )/8x/2D Mace View/eye-5.png using Guid(22577a154792b594a9015ea89ec20c51) Importer(2089858483,0ecaa5967403d082aa24f35e1b516d23) Generated GUIDs only implemented for interfaces!
 -> (artifact id: 'b43f7b13177b10cf5e81f3ab6f5eebc3') in 0.041007 seconds
Number of updated asset objects reloaded before import = 0
Number of asset objects unloaded after import = 3
========================================================================
Received Import Request.
  Time since last request: 0.000020 seconds.
  path: Assets/Enemies/New Enemy ( Update 1.9 )/2x/2D Mac View/eye-2.png
  artifactKey: Guid(33f65bca99ec560469173fd3aa06be38) Importer(2089858483,0ecaa5967403d082aa24f35e1b516d23)
Start importing Assets/Enemies/New Enemy ( Update 1.9 )/2x/2D Mac View/eye-2.png using Guid(33f65bca99ec560469173fd3aa06be38) Importer(2089858483,0ecaa5967403d082aa24f35e1b516d23) Generated GUIDs only implemented for interfaces!
 -> (artifact id: '64ab81403b0e216385a070796aae4500') in 0.040957 seconds
Number of updated asset objects reloaded before import = 0
Number of asset objects unloaded after import = 3
========================================================================
Received Import Request.
  Time since last request: 0.000017 seconds.
  path: Assets/Free 2D Cartoon Parallax Background/FullBG/1_Mountain.png
  artifactKey: Guid(fd00b29c3d9553d4c8e0ab3b572af409) Importer(2089858483,0ecaa5967403d082aa24f35e1b516d23)
Start importing Assets/Free 2D Cartoon Parallax Background/FullBG/1_Mountain.png using Guid(fd00b29c3d9553d4c8e0ab3b572af409) Importer(2089858483,0ecaa5967403d082aa24f35e1b516d23) Generated GUIDs only implemented for interfaces!
 -> (artifact id: '4905343480698498e2236cdb7cdcc39f') in 0.045431 seconds
Number of updated asset objects reloaded before import = 0
Number of asset objects unloaded after import = 3
========================================================================
Received Import Request.
  Time since last request: 0.000025 seconds.
  path: Assets/BayatGames/Free Platform Game Assets/GUI ( Update 1.7 )/eps/Elements.eps
  artifactKey: Guid(dfc6b8918904bbd4287156eba70a9985) Importer(2089858483,0ecaa5967403d082aa24f35e1b516d23)
Start importing Assets/BayatGames/Free Platform Game Assets/GUI ( Update 1.7 )/eps/Elements.eps using Guid(dfc6b8918904bbd4287156eba70a9985) Importer(2089858483,0ecaa5967403d082aa24f35e1b516d23) Generated GUIDs only implemented for interfaces!
 -> (artifact id: '73db3bd9844bab694474002b13ded21f') in 0.011624 seconds
Number of updated asset objects reloaded before import = 0
Number of asset objects unloaded after import = 1
========================================================================
Received Import Request.
  Time since last request: 0.000108 seconds.
  path: Assets/Enemies/New Enemy ( Update 1.9 )/2x/Chain-2.png
  artifactKey: Guid(7015a74864f2f2347ba7b26e57402c51) Importer(2089858483,0ecaa5967403d082aa24f35e1b516d23)
Start importing Assets/Enemies/New Enemy ( Update 1.9 )/2x/Chain-2.png using Guid(7015a74864f2f2347ba7b26e57402c51) Importer(2089858483,0ecaa5967403d082aa24f35e1b516d23) Generated GUIDs only implemented for interfaces!
 -> (artifact id: 'aedcc628092c3108cb03d53db6015a1c') in 0.039812 seconds
Number of updated asset objects reloaded before import = 0
Number of asset objects unloaded after import = 3
========================================================================
Received Import Request.
  Time since last request: 0.000021 seconds.
  path: Assets/Free 2D Cartoon Parallax Background/4_Snow/Layer_2.png
  artifactKey: Guid(31eddef01407d664bb7dc07175c9797f) Importer(2089858483,0ecaa5967403d082aa24f35e1b516d23)
Start importing Assets/Free 2D Cartoon Parallax Background/4_Snow/Layer_2.png using Guid(31eddef01407d664bb7dc07175c9797f) Importer(2089858483,0ecaa5967403d082aa24f35e1b516d23) Generated GUIDs only implemented for interfaces!
 -> (artifact id: '5f53a1dff0acbfdb0f232dccd6181e92') in 0.044599 seconds
Number of updated asset objects reloaded before import = 0
Number of asset objects unloaded after import = 3
========================================================================
Received Import Request.
  Time since last request: 0.000019 seconds.
  path: Assets/TextMesh Pro/Shaders/TMP_Sprite.shader
  artifactKey: Guid(cf81c85f95fe47e1a27f6ae460cf182c) Importer(2089858483,0ecaa5967403d082aa24f35e1b516d23)
Start importing Assets/TextMesh Pro/Shaders/TMP_Sprite.shader using Guid(cf81c85f95fe47e1a27f6ae460cf182c) Importer(2089858483,0ecaa5967403d082aa24f35e1b516d23) Generated GUIDs only implemented for interfaces!
 -> (artifact id: '058691ca7cc4937d731b79f1d80f88ce') in 0.013130 seconds
Number of updated asset objects reloaded before import = 0
Number of asset objects unloaded after import = 1
========================================================================
Received Import Request.
  Time since last request: 0.000024 seconds.
  path: Assets/BayatGames/Free Platform Game Assets/Coin Animation/png/4x/image 15.png
  artifactKey: Guid(6eba1eae469401f4cadee1e9007944b9) Importer(2089858483,0ecaa5967403d082aa24f35e1b516d23)
Start importing Assets/BayatGames/Free Platform Game Assets/Coin Animation/png/4x/image 15.png using Guid(6eba1eae469401f4cadee1e9007944b9) Importer(2089858483,0ecaa5967403d082aa24f35e1b516d23) Generated GUIDs only implemented for interfaces!
 -> (artifact id: '6da0e69c1dd13cf30cee3ffa322eb34a') in 0.046654 seconds
Number of updated asset objects reloaded before import = 0
Number of asset objects unloaded after import = 3
========================================================================
Received Import Request.
  Time since last request: 0.000019 seconds.
  path: Assets/BayatGames/Free Platform Game Assets/Environments/New Details ( Update 1.9 )/4x/Autumn Bush.png
  artifactKey: Guid(af71c8780fb28df498ad5c870ae48b79) Importer(2089858483,0ecaa5967403d082aa24f35e1b516d23)
Start importing Assets/BayatGames/Free Platform Game Assets/Environments/New Details ( Update 1.9 )/4x/Autumn Bush.png using Guid(af71c8780fb28df498ad5c870ae48b79) Importer(2089858483,0ecaa5967403d082aa24f35e1b516d23) Generated GUIDs only implemented for interfaces!
 -> (artifact id: 'f9b8bab2e2fc73dd8633a26f6baf9123') in 0.049078 seconds
Number of updated asset objects reloaded before import = 0
Number of asset objects unloaded after import = 3
========================================================================
Received Import Request.
  Time since last request: 0.000017 seconds.
  path: Assets/BayatGames/Free Platform Game Assets/Water Animation/2.5D View/ai/Water Animation.ai
  artifactKey: Guid(708c016154259874f929b8a49bfe8ba9) Importer(2089858483,0ecaa5967403d082aa24f35e1b516d23)
Start importing Assets/BayatGames/Free Platform Game Assets/Water Animation/2.5D View/ai/Water Animation.ai using Guid(708c016154259874f929b8a49bfe8ba9) Importer(2089858483,0ecaa5967403d082aa24f35e1b516d23) Generated GUIDs only implemented for interfaces!
 -> (artifact id: '48039f1c602ded41ddd9c246efa8cc4e') in 0.011751 seconds
Number of updated asset objects reloaded before import = 0
Number of asset objects unloaded after import = 1
========================================================================
Received Import Request.
  Time since last request: 0.000020 seconds.
  path: Assets/BayatGames/Free Platform Game Assets/Environments/New Details ( Update 1.9 )/4x/Winter Tree.png
  artifactKey: Guid(39f61973834fbdd4bae7bac5e81de9cb) Importer(2089858483,0ecaa5967403d082aa24f35e1b516d23)
Start importing Assets/BayatGames/Free Platform Game Assets/Environments/New Details ( Update 1.9 )/4x/Winter Tree.png using Guid(39f61973834fbdd4bae7bac5e81de9cb) Importer(2089858483,0ecaa5967403d082aa24f35e1b516d23) Generated GUIDs only implemented for interfaces!
 -> (artifact id: 'e064aa8508cdbe9fd9cdd848e394eff8') in 0.052125 seconds
Number of updated asset objects reloaded before import = 0
Number of asset objects unloaded after import = 3
========================================================================
Received Import Request.
  Time since last request: 0.000034 seconds.
  path: Assets/BayatGames/Free Platform Game Assets/Environments/New Details ( Update 1.9 )/4x/Bush.png
  artifactKey: Guid(5d5444aa0fab3aa4aaf9a2d4f6a50d85) Importer(2089858483,0ecaa5967403d082aa24f35e1b516d23)
Start importing Assets/BayatGames/Free Platform Game Assets/Environments/New Details ( Update 1.9 )/4x/Bush.png using Guid(5d5444aa0fab3aa4aaf9a2d4f6a50d85) Importer(2089858483,0ecaa5967403d082aa24f35e1b516d23) Generated GUIDs only implemented for interfaces!
 -> (artifact id: '0e4aa3dd5edb5491bf0515c443e8a1c5') in 0.046478 seconds
Number of updated asset objects reloaded before import = 0
Number of asset objects unloaded after import = 3
========================================================================
Received Import Request.
  Time since last request: 0.000018 seconds.
  path: Assets/BayatGames/Free Platform Game Assets/Environments/New Details ( Update 1.9 )/4x/Flower-2.png
  artifactKey: Guid(f7fdc40cd7c40be49ad2c51a649ac126) Importer(2089858483,0ecaa5967403d082aa24f35e1b516d23)
Start importing Assets/BayatGames/Free Platform Game Assets/Environments/New Details ( Update 1.9 )/4x/Flower-2.png using Guid(f7fdc40cd7c40be49ad2c51a649ac126) Importer(2089858483,0ecaa5967403d082aa24f35e1b516d23) Generated GUIDs only implemented for interfaces!
 -> (artifact id: 'f79211f7229daef2b6799b415ea6a72f') in 0.046162 seconds
Number of updated asset objects reloaded before import = 0
Number of asset objects unloaded after import = 3
========================================================================
Received Import Request.
  Time since last request: 0.000018 seconds.
  path: Assets/BayatGames/Free Platform Game Assets/Water Animation/2D view ( Update 1.9 )/128x128/10-1x.png
  artifactKey: Guid(8850c8a40338c844ca8c39077744bd1c) Importer(2089858483,0ecaa5967403d082aa24f35e1b516d23)
Start importing Assets/BayatGames/Free Platform Game Assets/Water Animation/2D view ( Update 1.9 )/128x128/10-1x.png using Guid(8850c8a40338c844ca8c39077744bd1c) Importer(2089858483,0ecaa5967403d082aa24f35e1b516d23) Generated GUIDs only implemented for interfaces!
 -> (artifact id: '27e1c98ff2bc8cde255d01c796222a41') in 0.042056 seconds
Number of updated asset objects reloaded before import = 0
Number of asset objects unloaded after import = 3
========================================================================
Received Import Request.
  Time since last request: 0.000028 seconds.
  path: Assets/BayatGames/Free Platform Game Assets/Environments/New Details ( Update 1.9 )/4x/Autumn Tree.png
  artifactKey: Guid(194a1025db96a044d8bddd0a902d59c3) Importer(2089858483,0ecaa5967403d082aa24f35e1b516d23)
Start importing Assets/BayatGames/Free Platform Game Assets/Environments/New Details ( Update 1.9 )/4x/Autumn Tree.png using Guid(194a1025db96a044d8bddd0a902d59c3) Importer(2089858483,0ecaa5967403d082aa24f35e1b516d23) Generated GUIDs only implemented for interfaces!
 -> (artifact id: '4b5b1aa921a25967a285d04b82c9b7b5') in 0.048852 seconds
Number of updated asset objects reloaded before import = 0
Number of asset objects unloaded after import = 3
========================================================================
Received Import Request.
  Time since last request: 0.000022 seconds.
  path: Assets/BayatGames/Free Platform Game Assets/Coin Animation/png/4x/image 14.png
  artifactKey: Guid(ec167f594ff339f49b8dc3e2c78a7d7d) Importer(2089858483,0ecaa5967403d082aa24f35e1b516d23)
Start importing Assets/BayatGames/Free Platform Game Assets/Coin Animation/png/4x/image 14.png using Guid(ec167f594ff339f49b8dc3e2c78a7d7d) Importer(2089858483,0ecaa5967403d082aa24f35e1b516d23) Generated GUIDs only implemented for interfaces!
 -> (artifact id: '86cac0253df44251fa2dbc4741180ee3') in 0.045272 seconds
Number of updated asset objects reloaded before import = 0
Number of asset objects unloaded after import = 3
========================================================================
Received Import Request.
  Time since last request: 0.000025 seconds.
  path: Assets/BayatGames/Free Platform Game Assets/Environments/New Details ( Update 1.9 )/2x/Flower-1.png
  artifactKey: Guid(455987c62401e364387f9de25abc1ad8) Importer(2089858483,0ecaa5967403d082aa24f35e1b516d23)
Start importing Assets/BayatGames/Free Platform Game Assets/Environments/New Details ( Update 1.9 )/2x/Flower-1.png using Guid(455987c62401e364387f9de25abc1ad8) Importer(2089858483,0ecaa5967403d082aa24f35e1b516d23) Generated GUIDs only implemented for interfaces!
 -> (artifact id: 'd7fe95b44a0b9bb11697cdde0b220adb') in 0.046143 seconds
Number of updated asset objects reloaded before import = 0
Number of asset objects unloaded after import = 3
========================================================================
Received Import Request.
  Time since last request: 0.000027 seconds.
  path: Assets/BayatGames/Free Platform Game Assets/Environments/Environments/ai/Environment.ai
  artifactKey: Guid(96d837e71006c574c903575e14c28e1d) Importer(2089858483,0ecaa5967403d082aa24f35e1b516d23)
Start importing Assets/BayatGames/Free Platform Game Assets/Environments/Environments/ai/Environment.ai using Guid(96d837e71006c574c903575e14c28e1d) Importer(2089858483,0ecaa5967403d082aa24f35e1b516d23) Generated GUIDs only implemented for interfaces!
 -> (artifact id: '693df895bbad9396723880162a544159') in 0.011880 seconds
Number of updated asset objects reloaded before import = 0
Number of asset objects unloaded after import = 1
========================================================================
Received Import Request.
  Time since last request: 0.000016 seconds.
  path: Assets/BayatGames/Free Platform Game Assets/Environments/New Details ( Update 1.9 )/2x/Bush.png
  artifactKey: Guid(96148a5969d9bcf42ab10e2088f8cc58) Importer(2089858483,0ecaa5967403d082aa24f35e1b516d23)
Start importing Assets/BayatGames/Free Platform Game Assets/Environments/New Details ( Update 1.9 )/2x/Bush.png using Guid(96148a5969d9bcf42ab10e2088f8cc58) Importer(2089858483,0ecaa5967403d082aa24f35e1b516d23) Generated GUIDs only implemented for interfaces!
 -> (artifact id: 'c1dac201d6cbe3570360936a115498fc') in 0.045720 seconds
Number of updated asset objects reloaded before import = 0
Number of asset objects unloaded after import = 3
========================================================================
Received Import Request.
  Time since last request: 0.000018 seconds.
  path: Assets/BayatGames/Free Platform Game Assets/Environments/New Details ( Update 1.9 )/8x/Autumn Tree.png
  artifactKey: Guid(3db354165a4809e4fbdab2816db81297) Importer(2089858483,0ecaa5967403d082aa24f35e1b516d23)
Start importing Assets/BayatGames/Free Platform Game Assets/Environments/New Details ( Update 1.9 )/8x/Autumn Tree.png using Guid(3db354165a4809e4fbdab2816db81297) Importer(2089858483,0ecaa5967403d082aa24f35e1b516d23) Generated GUIDs only implemented for interfaces!
 -> (artifact id: '57307f358dd552b897190761d980a2f6') in 0.075701 seconds
Number of updated asset objects reloaded before import = 0
Number of asset objects unloaded after import = 3
========================================================================
Received Import Request.
  Time since last request: 0.000021 seconds.
  path: Assets/BayatGames/Free Platform Game Assets/Coin Animation/png/4x/image 11.png
  artifactKey: Guid(46f5e58d5081bc64abc2ab3babe5b872) Importer(2089858483,0ecaa5967403d082aa24f35e1b516d23)
Start importing Assets/BayatGames/Free Platform Game Assets/Coin Animation/png/4x/image 11.png using Guid(46f5e58d5081bc64abc2ab3babe5b872) Importer(2089858483,0ecaa5967403d082aa24f35e1b516d23) Generated GUIDs only implemented for interfaces!
 -> (artifact id: '93e7d06e8de9e9bf0617ceee3c1b7977') in 0.043549 seconds
Number of updated asset objects reloaded before import = 0
Number of asset objects unloaded after import = 3
========================================================================
Received Import Request.
  Time since last request: 0.000024 seconds.
  path: Assets/BayatGames/Free Platform Game Assets/Environments/New Details ( Update 1.9 )/8x/Flower-2.png
  artifactKey: Guid(d3e97dc46c3ce5243979b58db6d4921c) Importer(2089858483,0ecaa5967403d082aa24f35e1b516d23)
Start importing Assets/BayatGames/Free Platform Game Assets/Environments/New Details ( Update 1.9 )/8x/Flower-2.png using Guid(d3e97dc46c3ce5243979b58db6d4921c) Importer(2089858483,0ecaa5967403d082aa24f35e1b516d23) Generated GUIDs only implemented for interfaces!
 -> (artifact id: '563c478bac50fb28609f886695cdabe5') in 0.047947 seconds
Number of updated asset objects reloaded before import = 0
Number of asset objects unloaded after import = 3
========================================================================
Received Import Request.
  Time since last request: 0.000020 seconds.
  path: Assets/BayatGames/Free Platform Game Assets/Environments/New Details ( Update 1.9 )/8x/Winter Tree.png
  artifactKey: Guid(81720abf9497de840a457ce9a9d82e2f) Importer(2089858483,0ecaa5967403d082aa24f35e1b516d23)
Start importing Assets/BayatGames/Free Platform Game Assets/Environments/New Details ( Update 1.9 )/8x/Winter Tree.png using Guid(81720abf9497de840a457ce9a9d82e2f) Importer(2089858483,0ecaa5967403d082aa24f35e1b516d23) Generated GUIDs only implemented for interfaces!
 -> (artifact id: '0670c58bb0c621eadd13285a5f713c88') in 0.061013 seconds
Number of updated asset objects reloaded before import = 0
Number of asset objects unloaded after import = 3
========================================================================
Received Import Request.
  Time since last request: 0.000032 seconds.
  path: Assets/BayatGames/Free Platform Game Assets/Water Animation/2D view ( Update 1.9 )/128x128/13-1x.png
  artifactKey: Guid(9ea98cc38166f1841bd685d98a80eaf0) Importer(2089858483,0ecaa5967403d082aa24f35e1b516d23)
Start importing Assets/BayatGames/Free Platform Game Assets/Water Animation/2D view ( Update 1.9 )/128x128/13-1x.png using Guid(9ea98cc38166f1841bd685d98a80eaf0) Importer(2089858483,0ecaa5967403d082aa24f35e1b516d23) Generated GUIDs only implemented for interfaces!
 -> (artifact id: '958810bccdaca616a92cc774e42deb4f') in 0.045129 seconds
Number of updated asset objects reloaded before import = 0
Number of asset objects unloaded after import = 3
========================================================================
Received Import Request.
  Time since last request: 0.000024 seconds.
  path: Assets/BayatGames/Free Platform Game Assets/Environments/New Details ( Update 1.9 )/4x/Tree.png
  artifactKey: Guid(a29e536a6beb98749aeac4557317506e) Importer(2089858483,0ecaa5967403d082aa24f35e1b516d23)
Start importing Assets/BayatGames/Free Platform Game Assets/Environments/New Details ( Update 1.9 )/4x/Tree.png using Guid(a29e536a6beb98749aeac4557317506e) Importer(2089858483,0ecaa5967403d082aa24f35e1b516d23) Generated GUIDs only implemented for interfaces!
 -> (artifact id: '5e6a82d4acc9a40a43fa7fe56fcfaf62') in 0.049174 seconds
Number of updated asset objects reloaded before import = 0
Number of asset objects unloaded after import = 3
========================================================================
Received Import Request.
  Time since last request: 0.000020 seconds.
  path: Assets/BayatGames/Free Platform Game Assets/Environments/New Details ( Update 1.9 )/2x/Flower-2.png
  artifactKey: Guid(ec10fd6e05fb50c4783167418288578d) Importer(2089858483,0ecaa5967403d082aa24f35e1b516d23)
Start importing Assets/BayatGames/Free Platform Game Assets/Environments/New Details ( Update 1.9 )/2x/Flower-2.png using Guid(ec10fd6e05fb50c4783167418288578d) Importer(2089858483,0ecaa5967403d082aa24f35e1b516d23) Generated GUIDs only implemented for interfaces!
 -> (artifact id: '984dd3b5b6a66c9839e3aded4668bb39') in 0.043278 seconds
Number of updated asset objects reloaded before import = 0
Number of asset objects unloaded after import = 3
========================================================================
Received Import Request.
  Time since last request: 0.000018 seconds.
  path: Assets/BayatGames/Free Platform Game Assets/Water Animation/2D view ( Update 1.9 )/512x512/13-4x.png
  artifactKey: Guid(26e4da524476ff348b7a168a22adb7f3) Importer(2089858483,0ecaa5967403d082aa24f35e1b516d23)
Start importing Assets/BayatGames/Free Platform Game Assets/Water Animation/2D view ( Update 1.9 )/512x512/13-4x.png using Guid(26e4da524476ff348b7a168a22adb7f3) Importer(2089858483,0ecaa5967403d082aa24f35e1b516d23) Generated GUIDs only implemented for interfaces!
 -> (artifact id: '4a3ed510970bcd6ba490bb5b5a1ee11e') in 0.051807 seconds
Number of updated asset objects reloaded before import = 0
Number of asset objects unloaded after import = 3
========================================================================
Received Import Request.
  Time since last request: 0.000028 seconds.
  path: Assets/BayatGames/Free Platform Game Assets/Water Animation/2D view ( Update 1.9 )/128x128/2-1x.png
  artifactKey: Guid(b69554fda46af624a8951f96e6f6c17c) Importer(2089858483,0ecaa5967403d082aa24f35e1b516d23)
Start importing Assets/BayatGames/Free Platform Game Assets/Water Animation/2D view ( Update 1.9 )/128x128/2-1x.png using Guid(b69554fda46af624a8951f96e6f6c17c) Importer(2089858483,0ecaa5967403d082aa24f35e1b516d23) Generated GUIDs only implemented for interfaces!
 -> (artifact id: '6612b9a80879524d9f164ebf4a13c869') in 0.048148 seconds
Number of updated asset objects reloaded before import = 0
Number of asset objects unloaded after import = 3
========================================================================
Received Import Request.
  Time since last request: 0.000023 seconds.
  path: Assets/BayatGames/Free Platform Game Assets/Water Animation/2D view ( Update 1.9 )/256x256/3-2x.png
  artifactKey: Guid(6eafeb2376c653541bae099025b2352b) Importer(2089858483,0ecaa5967403d082aa24f35e1b516d23)
Start importing Assets/BayatGames/Free Platform Game Assets/Water Animation/2D view ( Update 1.9 )/256x256/3-2x.png using Guid(6eafeb2376c653541bae099025b2352b) Importer(2089858483,0ecaa5967403d082aa24f35e1b516d23) Generated GUIDs only implemented for interfaces!
 -> (artifact id: '575a4e5d39752b493fc5a923657052cf') in 0.043868 seconds
Number of updated asset objects reloaded before import = 0
Number of asset objects unloaded after import = 3
========================================================================
Received Import Request.
  Time since last request: 0.000035 seconds.
  path: Assets/BayatGames/Free Platform Game Assets/Water Animation/2D view ( Update 1.9 )/256x256/15-2x.png
  artifactKey: Guid(5d173c2a58834e04fa336ade37796f14) Importer(2089858483,0ecaa5967403d082aa24f35e1b516d23)
Start importing Assets/BayatGames/Free Platform Game Assets/Water Animation/2D view ( Update 1.9 )/256x256/15-2x.png using Guid(5d173c2a58834e04fa336ade37796f14) Importer(2089858483,0ecaa5967403d082aa24f35e1b516d23) Generated GUIDs only implemented for interfaces!
 -> (artifact id: '0ebae81b663f0aab372d5686b56f8f05') in 0.042938 seconds
Number of updated asset objects reloaded before import = 0
Number of asset objects unloaded after import = 3
========================================================================
Received Import Request.
  Time since last request: 0.000019 seconds.
  path: Assets/BayatGames/Free Platform Game Assets/Water Animation/2D view ( Update 1.9 )/128x128/14-1x.png
  artifactKey: Guid(83c48acc044031b4586cd3a220adf2bc) Importer(2089858483,0ecaa5967403d082aa24f35e1b516d23)
Start importing Assets/BayatGames/Free Platform Game Assets/Water Animation/2D view ( Update 1.9 )/128x128/14-1x.png using Guid(83c48acc044031b4586cd3a220adf2bc) Importer(2089858483,0ecaa5967403d082aa24f35e1b516d23) Generated GUIDs only implemented for interfaces!
 -> (artifact id: 'f2ced312abd1bb2dae1b35956cb5b551') in 0.042165 seconds
Number of updated asset objects reloaded before import = 0
Number of asset objects unloaded after import = 3
========================================================================
Received Import Request.
  Time since last request: 0.000022 seconds.
  path: Assets/BayatGames/Free Platform Game Assets/Water Animation/2D view ( Update 1.9 )/256x256/9-2x.png
  artifactKey: Guid(f96859cb0e6e23941845c84b3f72c0af) Importer(2089858483,0ecaa5967403d082aa24f35e1b516d23)
Start importing Assets/BayatGames/Free Platform Game Assets/Water Animation/2D view ( Update 1.9 )/256x256/9-2x.png using Guid(f96859cb0e6e23941845c84b3f72c0af) Importer(2089858483,0ecaa5967403d082aa24f35e1b516d23) Generated GUIDs only implemented for interfaces!
 -> (artifact id: 'd548b420b1031eda019c8eceab616332') in 0.042257 seconds
Number of updated asset objects reloaded before import = 0
Number of asset objects unloaded after import = 3
========================================================================
Received Import Request.
  Time since last request: 0.000023 seconds.
  path: Assets/BayatGames/Free Platform Game Assets/Water Animation/2D view ( Update 1.9 )/512x512/12-4x.png
  artifactKey: Guid(cb29eeb5cb30c5d4e9162a06f6ffc1ef) Importer(2089858483,0ecaa5967403d082aa24f35e1b516d23)
Start importing Assets/BayatGames/Free Platform Game Assets/Water Animation/2D view ( Update 1.9 )/512x512/12-4x.png using Guid(cb29eeb5cb30c5d4e9162a06f6ffc1ef) Importer(2089858483,0ecaa5967403d082aa24f35e1b516d23) Generated GUIDs only implemented for interfaces!
 -> (artifact id: '90c553ff650c2d9d960a05d19b8be9ef') in 0.041585 seconds
Number of updated asset objects reloaded before import = 0
Number of asset objects unloaded after import = 3
========================================================================
Received Import Request.
  Time since last request: 0.000017 seconds.
  path: Assets/BayatGames/Free Platform Game Assets/Water Animation/2D view ( Update 1.9 )/512x512/15-4x.png
  artifactKey: Guid(c2cd321f8fb067f40b5b0a5d836685b1) Importer(2089858483,0ecaa5967403d082aa24f35e1b516d23)
Start importing Assets/BayatGames/Free Platform Game Assets/Water Animation/2D view ( Update 1.9 )/512x512/15-4x.png using Guid(c2cd321f8fb067f40b5b0a5d836685b1) Importer(2089858483,0ecaa5967403d082aa24f35e1b516d23) Generated GUIDs only implemented for interfaces!
 -> (artifact id: 'de12427fac1737ed9557c74ee73125df') in 0.043923 seconds
Number of updated asset objects reloaded before import = 0
Number of asset objects unloaded after import = 3
========================================================================
Received Import Request.
  Time since last request: 0.000019 seconds.
  path: Assets/BayatGames/Free Platform Game Assets/Water Animation/2D view ( Update 1.9 )/256x256/4-2x.png
  artifactKey: Guid(0976bccf9e3c7994093fbe1a5a6bacac) Importer(2089858483,0ecaa5967403d082aa24f35e1b516d23)
Start importing Assets/BayatGames/Free Platform Game Assets/Water Animation/2D view ( Update 1.9 )/256x256/4-2x.png using Guid(0976bccf9e3c7994093fbe1a5a6bacac) Importer(2089858483,0ecaa5967403d082aa24f35e1b516d23) Generated GUIDs only implemented for interfaces!
 -> (artifact id: 'b2b06471134cdf90db4695229990dd36') in 0.040876 seconds
Number of updated asset objects reloaded before import = 0
Number of asset objects unloaded after import = 3
========================================================================
Received Import Request.
  Time since last request: 0.000026 seconds.
  path: Assets/BayatGames/Free Platform Game Assets/Water Animation/2D view ( Update 1.9 )/512x512/4-4x.png
  artifactKey: Guid(d8abbac2f66a11b42b8b8964555e8275) Importer(2089858483,0ecaa5967403d082aa24f35e1b516d23)
Start importing Assets/BayatGames/Free Platform Game Assets/Water Animation/2D view ( Update 1.9 )/512x512/4-4x.png using Guid(d8abbac2f66a11b42b8b8964555e8275) Importer(2089858483,0ecaa5967403d082aa24f35e1b516d23) Generated GUIDs only implemented for interfaces!
 -> (artifact id: '9680422ac3f72a54179123cf71d28186') in 0.043295 seconds
Number of updated asset objects reloaded before import = 0
Number of asset objects unloaded after import = 3
========================================================================
Received Import Request.
  Time since last request: 0.000022 seconds.
  path: Assets/BayatGames/Free Platform Game Assets/Water Animation/2D view ( Update 1.9 )/256x256/14-2x.png
  artifactKey: Guid(fc0e215a7832de44dada7c2dd63ed1c1) Importer(2089858483,0ecaa5967403d082aa24f35e1b516d23)
Start importing Assets/BayatGames/Free Platform Game Assets/Water Animation/2D view ( Update 1.9 )/256x256/14-2x.png using Guid(fc0e215a7832de44dada7c2dd63ed1c1) Importer(2089858483,0ecaa5967403d082aa24f35e1b516d23) Generated GUIDs only implemented for interfaces!
 -> (artifact id: '8f25b1add01c5461f515d8bdbaab8739') in 0.040407 seconds
Number of updated asset objects reloaded before import = 0
Number of asset objects unloaded after import = 3
========================================================================
Received Import Request.
  Time since last request: 0.000018 seconds.
  path: Assets/BayatGames/Free Platform Game Assets/Water Animation/2D view ( Update 1.9 )/256x256/10-2x.png
  artifactKey: Guid(a484ba2bc0b19714884c666ba20e9b26) Importer(2089858483,0ecaa5967403d082aa24f35e1b516d23)
Start importing Assets/BayatGames/Free Platform Game Assets/Water Animation/2D view ( Update 1.9 )/256x256/10-2x.png using Guid(a484ba2bc0b19714884c666ba20e9b26) Importer(2089858483,0ecaa5967403d082aa24f35e1b516d23) Generated GUIDs only implemented for interfaces!
 -> (artifact id: 'd0327cc88b9c72b75c4d1b06bcb1ece2') in 0.041254 seconds
Number of updated asset objects reloaded before import = 0
Number of asset objects unloaded after import = 3
========================================================================
Received Import Request.
  Time since last request: 0.000022 seconds.
  path: Assets/BayatGames/Free Platform Game Assets/Water Animation/2D view ( Update 1.9 )/512x512/11-4x.png
  artifactKey: Guid(9d3caf56dbcefd54984b27aa87c053da) Importer(2089858483,0ecaa5967403d082aa24f35e1b516d23)
Start importing Assets/BayatGames/Free Platform Game Assets/Water Animation/2D view ( Update 1.9 )/512x512/11-4x.png using Guid(9d3caf56dbcefd54984b27aa87c053da) Importer(2089858483,0ecaa5967403d082aa24f35e1b516d23) Generated GUIDs only implemented for interfaces!
 -> (artifact id: 'd7a2d5fad0d91f453beca11bb23a2eed') in 0.043402 seconds
Number of updated asset objects reloaded before import = 0
Number of asset objects unloaded after import = 3
========================================================================
Received Import Request.
  Time since last request: 0.000017 seconds.
  path: Assets/BayatGames/Free Platform Game Assets/Water Animation/2D view ( Update 1.9 )/256x256/7-2x.png
  artifactKey: Guid(7e8fcae192cfcb942b16d51953d25b17) Importer(2089858483,0ecaa5967403d082aa24f35e1b516d23)
Start importing Assets/BayatGames/Free Platform Game Assets/Water Animation/2D view ( Update 1.9 )/256x256/7-2x.png using Guid(7e8fcae192cfcb942b16d51953d25b17) Importer(2089858483,0ecaa5967403d082aa24f35e1b516d23) Generated GUIDs only implemented for interfaces!
 -> (artifact id: 'e6ff2f0bc5eb6086f4b6ef0e629d49e8') in 0.052271 seconds
Number of updated asset objects reloaded before import = 0
Number of asset objects unloaded after import = 3
========================================================================
Received Import Request.
  Time since last request: 0.000018 seconds.
  path: Assets/Enemies/New Enemy ( Update 1.9 )/2x/2D Mac View/eye-1.png
  artifactKey: Guid(5d3bb4b249de06941b76dc5cf0f9916e) Importer(2089858483,0ecaa5967403d082aa24f35e1b516d23)
Start importing Assets/Enemies/New Enemy ( Update 1.9 )/2x/2D Mac View/eye-1.png using Guid(5d3bb4b249de06941b76dc5cf0f9916e) Importer(2089858483,0ecaa5967403d082aa24f35e1b516d23) Generated GUIDs only implemented for interfaces!
 -> (artifact id: '51ac23b7523bff946e4c7470889a2317') in 0.039010 seconds
Number of updated asset objects reloaded before import = 0
Number of asset objects unloaded after import = 3
========================================================================
Received Import Request.
  Time since last request: 0.000029 seconds.
  path: Assets/Enemies/New Enemy ( Update 1.9 )/4x/2D Mac View/eye-3.png
  artifactKey: Guid(f08eb9922bd41d446812f10742c4cb87) Importer(2089858483,0ecaa5967403d082aa24f35e1b516d23)
Start importing Assets/Enemies/New Enemy ( Update 1.9 )/4x/2D Mac View/eye-3.png using Guid(f08eb9922bd41d446812f10742c4cb87) Importer(2089858483,0ecaa5967403d082aa24f35e1b516d23) Generated GUIDs only implemented for interfaces!
 -> (artifact id: '7c371f02024a951d724b68c64c28ef75') in 0.044234 seconds
Number of updated asset objects reloaded before import = 0
Number of asset objects unloaded after import = 3
========================================================================
Received Import Request.
  Time since last request: 0.000020 seconds.
  path: Assets/Free 2D Cartoon Parallax Background/3_Graveyard/Layer_1.png
  artifactKey: Guid(680f8afb79e338a47a220c4a199533c5) Importer(2089858483,0ecaa5967403d082aa24f35e1b516d23)
Start importing Assets/Free 2D Cartoon Parallax Background/3_Graveyard/Layer_1.png using Guid(680f8afb79e338a47a220c4a199533c5) Importer(2089858483,0ecaa5967403d082aa24f35e1b516d23) Generated GUIDs only implemented for interfaces!
 -> (artifact id: '735934c0069995427d81f314f96c9e54') in 0.050542 seconds
Number of updated asset objects reloaded before import = 0
Number of asset objects unloaded after import = 3
========================================================================
Received Import Request.
  Time since last request: 0.000024 seconds.
  path: Assets/BayatGames/Free Platform Game Assets/Chests/New Chests ( Update 1.8.5 )/png/Sheets/Chest Sheet-4096x1024(2x).png
  artifactKey: Guid(7c06cf3384036714182059269bbce750) Importer(2089858483,0ecaa5967403d082aa24f35e1b516d23)
Start importing Assets/BayatGames/Free Platform Game Assets/Chests/New Chests ( Update 1.8.5 )/png/Sheets/Chest Sheet-4096x1024(2x).png using Guid(7c06cf3384036714182059269bbce750) Importer(2089858483,0ecaa5967403d082aa24f35e1b516d23) Generated GUIDs only implemented for interfaces!
 -> (artifact id: '006b3acc89e94639d987911b955180a1') in 0.041706 seconds
Number of updated asset objects reloaded before import = 0
Number of asset objects unloaded after import = 3
========================================================================
Received Import Request.
  Time since last request: 0.000018 seconds.
  path: Assets/BayatGames/Free Platform Game Assets/Environments/Environments/png/512x512/Environment.png
  artifactKey: Guid(9d5b89b9b450d3b44939437c835dfc9c) Importer(2089858483,0ecaa5967403d082aa24f35e1b516d23)
Start importing Assets/BayatGames/Free Platform Game Assets/Environments/Environments/png/512x512/Environment.png using Guid(9d5b89b9b450d3b44939437c835dfc9c) Importer(2089858483,0ecaa5967403d082aa24f35e1b516d23) Generated GUIDs only implemented for interfaces!
 -> (artifact id: '8db1921bca11fc0627f0ac9cd2d7dfd2') in 0.043580 seconds
Number of updated asset objects reloaded before import = 0
Number of asset objects unloaded after import = 3
========================================================================
Received Import Request.
  Time since last request: 0.000018 seconds.
  path: Assets/BayatGames/Free Platform Game Assets/Character/Character Source/png/4x/RightFoot.png
  artifactKey: Guid(2dea15e248a6b794aa38cc1d5cc5c69f) Importer(2089858483,0ecaa5967403d082aa24f35e1b516d23)
Start importing Assets/BayatGames/Free Platform Game Assets/Character/Character Source/png/4x/RightFoot.png using Guid(2dea15e248a6b794aa38cc1d5cc5c69f) Importer(2089858483,0ecaa5967403d082aa24f35e1b516d23) Generated GUIDs only implemented for interfaces!
 -> (artifact id: '6182b2e6c2bbab61b8e74525c5c4f1d4') in 0.042417 seconds
Number of updated asset objects reloaded before import = 0
Number of asset objects unloaded after import = 3
========================================================================
Received Import Request.
  Time since last request: 0.000022 seconds.
  path: Assets/BayatGames/Free Platform Game Assets/Character/Character Source/png/4x/LeftHand.png
  artifactKey: Guid(f74f79856fafd60499953268d6762796) Importer(2089858483,0ecaa5967403d082aa24f35e1b516d23)
Start importing Assets/BayatGames/Free Platform Game Assets/Character/Character Source/png/4x/LeftHand.png using Guid(f74f79856fafd60499953268d6762796) Importer(2089858483,0ecaa5967403d082aa24f35e1b516d23) Generated GUIDs only implemented for interfaces!
 -> (artifact id: '598f153a9fe4f25a9b7d58fc99508d36') in 0.039886 seconds
Number of updated asset objects reloaded before import = 0
Number of asset objects unloaded after import = 3
========================================================================
Received Import Request.
  Time since last request: 0.000027 seconds.
  path: Assets/BayatGames/Free Platform Game Assets/Character/Character Source/png/4x/LeftArm.png
  artifactKey: Guid(a9db2a481a2944f429524f61095bcbaf) Importer(2089858483,0ecaa5967403d082aa24f35e1b516d23)
Start importing Assets/BayatGames/Free Platform Game Assets/Character/Character Source/png/4x/LeftArm.png using Guid(a9db2a481a2944f429524f61095bcbaf) Importer(2089858483,0ecaa5967403d082aa24f35e1b516d23) Generated GUIDs only implemented for interfaces!
 -> (artifact id: 'b9956757ada10dc5b90d324bbae39cc0') in 0.037734 seconds
Number of updated asset objects reloaded before import = 0
Number of asset objects unloaded after import = 3
========================================================================
Received Import Request.
  Time since last request: 0.000023 seconds.
  path: Assets/BayatGames/Free Platform Game Assets/Character/Character Source/png/1x/Foot.png
  artifactKey: Guid(f0f2d2ccf421cf04987dd480807bc932) Importer(2089858483,0ecaa5967403d082aa24f35e1b516d23)
Start importing Assets/BayatGames/Free Platform Game Assets/Character/Character Source/png/1x/Foot.png using Guid(f0f2d2ccf421cf04987dd480807bc932) Importer(2089858483,0ecaa5967403d082aa24f35e1b516d23) Generated GUIDs only implemented for interfaces!
 -> (artifact id: '241c8a9d6e5d1207e240c88d26e3c299') in 0.041865 seconds
Number of updated asset objects reloaded before import = 0
Number of asset objects unloaded after import = 3
========================================================================
Received Import Request.
  Time since last request: 0.000035 seconds.
  path: Assets/BayatGames/Free Platform Game Assets/Character/Character Source/png/2x/RightHand&Arm.png
  artifactKey: Guid(d7d5c862e10b2e7499411077faf065a4) Importer(2089858483,0ecaa5967403d082aa24f35e1b516d23)
Start importing Assets/BayatGames/Free Platform Game Assets/Character/Character Source/png/2x/RightHand&Arm.png using Guid(d7d5c862e10b2e7499411077faf065a4) Importer(2089858483,0ecaa5967403d082aa24f35e1b516d23) Generated GUIDs only implemented for interfaces!
 -> (artifact id: '6aabf19ea50605371c66757e9aa6f9d0') in 0.044697 seconds
Number of updated asset objects reloaded before import = 0
Number of asset objects unloaded after import = 3
========================================================================
Received Import Request.
  Time since last request: 0.000023 seconds.
  path: Assets/BayatGames/Free Platform Game Assets/Character/Character Source/png/4x/RightArm.png
  artifactKey: Guid(d9186e1c6e7e7af42814ff3d20ff83a8) Importer(2089858483,0ecaa5967403d082aa24f35e1b516d23)
Start importing Assets/BayatGames/Free Platform Game Assets/Character/Character Source/png/4x/RightArm.png using Guid(d9186e1c6e7e7af42814ff3d20ff83a8) Importer(2089858483,0ecaa5967403d082aa24f35e1b516d23) Generated GUIDs only implemented for interfaces!
 -> (artifact id: '3d240dc4cd62177948aadcc5a3e59be1') in 0.037796 seconds
Number of updated asset objects reloaded before import = 0
Number of asset objects unloaded after import = 3
========================================================================
Received Import Request.
  Time since last request: 0.000017 seconds.
  path: Assets/BayatGames/Free Platform Game Assets/Character/Character Source/png/2x/Eye.png
  artifactKey: Guid(7daf562beaee76348a9d950a1e6e600e) Importer(2089858483,0ecaa5967403d082aa24f35e1b516d23)
Start importing Assets/BayatGames/Free Platform Game Assets/Character/Character Source/png/2x/Eye.png using Guid(7daf562beaee76348a9d950a1e6e600e) Importer(2089858483,0ecaa5967403d082aa24f35e1b516d23) Generated GUIDs only implemented for interfaces!
 -> (artifact id: '76c088e8436ba341c7359b0a32ccf1b6') in 0.039946 seconds
Number of updated asset objects reloaded before import = 0
Number of asset objects unloaded after import = 3
========================================================================
Received Import Request.
  Time since last request: 0.000021 seconds.
  path: Assets/BayatGames/Free Platform Game Assets/Character/Character Source/png/2x/LeftHand&Arm.png
  artifactKey: Guid(06a078d21287a7940979bd11e1ad823f) Importer(2089858483,0ecaa5967403d082aa24f35e1b516d23)
Start importing Assets/BayatGames/Free Platform Game Assets/Character/Character Source/png/2x/LeftHand&Arm.png using Guid(06a078d21287a7940979bd11e1ad823f) Importer(2089858483,0ecaa5967403d082aa24f35e1b516d23) Generated GUIDs only implemented for interfaces!
 -> (artifact id: 'fcb110f0553b90924fd9f52360c5d301') in 0.046132 seconds
Number of updated asset objects reloaded before import = 0
Number of asset objects unloaded after import = 3
========================================================================
Received Import Request.
  Time since last request: 0.000029 seconds.
  path: Assets/BayatGames/Free Platform Game Assets/Water Animation/2D view ( Update 1.9 )/512x512/6-4x.png
  artifactKey: Guid(7df63910e97f4d249a4392cc0648b481) Importer(2089858483,0ecaa5967403d082aa24f35e1b516d23)
Start importing Assets/BayatGames/Free Platform Game Assets/Water Animation/2D view ( Update 1.9 )/512x512/6-4x.png using Guid(7df63910e97f4d249a4392cc0648b481) Importer(2089858483,0ecaa5967403d082aa24f35e1b516d23) Generated GUIDs only implemented for interfaces!
 -> (artifact id: 'cd495c3cae6fabb7541084f9bb4c80ae') in 0.043890 seconds
Number of updated asset objects reloaded before import = 0
Number of asset objects unloaded after import = 3
========================================================================
Received Import Request.
  Time since last request: 0.000017 seconds.
  path: Assets/BayatGames/Free Platform Game Assets/Character/Character Source/png/1x/RightHand&Arm.png
  artifactKey: Guid(1522717752b33424eb99ca876b572985) Importer(2089858483,0ecaa5967403d082aa24f35e1b516d23)
Start importing Assets/BayatGames/Free Platform Game Assets/Character/Character Source/png/1x/RightHand&Arm.png using Guid(1522717752b33424eb99ca876b572985) Importer(2089858483,0ecaa5967403d082aa24f35e1b516d23) Generated GUIDs only implemented for interfaces!
 -> (artifact id: '49e5b8b532c882c70ffb4202790acd71') in 0.045471 seconds
Number of updated asset objects reloaded before import = 0
Number of asset objects unloaded after import = 3
========================================================================
Received Import Request.
  Time since last request: 0.000019 seconds.
  path: Assets/BayatGames/Free Platform Game Assets/Character/Character Source/png/2x/Foot.png
  artifactKey: Guid(f6171bfe42e3a0f46a67151cf81c35d8) Importer(2089858483,0ecaa5967403d082aa24f35e1b516d23)
Start importing Assets/BayatGames/Free Platform Game Assets/Character/Character Source/png/2x/Foot.png using Guid(f6171bfe42e3a0f46a67151cf81c35d8) Importer(2089858483,0ecaa5967403d082aa24f35e1b516d23) Generated GUIDs only implemented for interfaces!
 -> (artifact id: 'f09aa6ead45104682c5b38001ee90034') in 0.045325 seconds
Number of updated asset objects reloaded before import = 0
Number of asset objects unloaded after import = 3
========================================================================
Received Import Request.
  Time since last request: 0.000020 seconds.
  path: Assets/BayatGames/Free Platform Game Assets/Character/Character Animation ( Update 1.8 )/Idle/Blink/1x.png
  artifactKey: Guid(7271c00af7c561f4da251fcfe62912d4) Importer(2089858483,0ecaa5967403d082aa24f35e1b516d23)
Start importing Assets/BayatGames/Free Platform Game Assets/Character/Character Animation ( Update 1.8 )/Idle/Blink/1x.png using Guid(7271c00af7c561f4da251fcfe62912d4) Importer(2089858483,0ecaa5967403d082aa24f35e1b516d23) Generated GUIDs only implemented for interfaces!
 -> (artifact id: 'dcadc95d498b2fbbb1d7151b72b8b3bd') in 0.046319 seconds
Number of updated asset objects reloaded before import = 0
Number of asset objects unloaded after import = 3
========================================================================
Received Import Request.
  Time since last request: 0.000024 seconds.
  path: Assets/BayatGames/Free Platform Game Assets/Character/Character Source/png/1x/LeftHand&Arm.png
  artifactKey: Guid(da0a680ffa7a35044b4b43dcd7beda07) Importer(2089858483,0ecaa5967403d082aa24f35e1b516d23)
Start importing Assets/BayatGames/Free Platform Game Assets/Character/Character Source/png/1x/LeftHand&Arm.png using Guid(da0a680ffa7a35044b4b43dcd7beda07) Importer(2089858483,0ecaa5967403d082aa24f35e1b516d23) Generated GUIDs only implemented for interfaces!
 -> (artifact id: 'cf622ab270e35a19a8d202d180408407') in 0.041233 seconds
Number of updated asset objects reloaded before import = 0
Number of asset objects unloaded after import = 3
========================================================================
Received Import Request.
  Time since last request: 0.000030 seconds.
  path: Assets/Dragon Warrior Files/Effects/fireball_01.png
  artifactKey: Guid(0869b1e96aac6d34cb086976dc7af826) Importer(2089858483,0ecaa5967403d082aa24f35e1b516d23)
Start importing Assets/Dragon Warrior Files/Effects/fireball_01.png using Guid(0869b1e96aac6d34cb086976dc7af826) Importer(2089858483,0ecaa5967403d082aa24f35e1b516d23) Generated GUIDs only implemented for interfaces!
 -> (artifact id: '8213fb02a9c2b8b2cc131ab648f78d48') in 0.036134 seconds
Number of updated asset objects reloaded before import = 0
Number of asset objects unloaded after import = 3
========================================================================
Received Import Request.
  Time since last request: 0.000032 seconds.
  path: Assets/BayatGames/Free Platform Game Assets/Coin Animation/png/2x/image 12.png
  artifactKey: Guid(6ffad87630735e04d83408305dcc75b5) Importer(2089858483,0ecaa5967403d082aa24f35e1b516d23)
Start importing Assets/BayatGames/Free Platform Game Assets/Coin Animation/png/2x/image 12.png using Guid(6ffad87630735e04d83408305dcc75b5) Importer(2089858483,0ecaa5967403d082aa24f35e1b516d23) Generated GUIDs only implemented for interfaces!
 -> (artifact id: '82e43062160054e78205869a29cde63f') in 0.039676 seconds
Number of updated asset objects reloaded before import = 0
Number of asset objects unloaded after import = 3
========================================================================
Received Import Request.
  Time since last request: 0.000017 seconds.
  path: Assets/BayatGames/Free Platform Game Assets/Coin Animation/png/2x/image 1.png
  artifactKey: Guid(284a590648cd2624cbd085c4f1627465) Importer(2089858483,0ecaa5967403d082aa24f35e1b516d23)
Start importing Assets/BayatGames/Free Platform Game Assets/Coin Animation/png/2x/image 1.png using Guid(284a590648cd2624cbd085c4f1627465) Importer(2089858483,0ecaa5967403d082aa24f35e1b516d23) Generated GUIDs only implemented for interfaces!
 -> (artifact id: '21e27c5ad9d3aeb6e7c6220112f8048d') in 0.038747 seconds
Number of updated asset objects reloaded before import = 0
Number of asset objects unloaded after import = 3
========================================================================
Received Import Request.
  Time since last request: 0.000017 seconds.
  path: Assets/BayatGames/Free Platform Game Assets/Coin Animation/png/4x/image 1.png
  artifactKey: Guid(0ca730ce7de6c6a44a736e6d5fb08ecc) Importer(2089858483,0ecaa5967403d082aa24f35e1b516d23)
Start importing Assets/BayatGames/Free Platform Game Assets/Coin Animation/png/4x/image 1.png using Guid(0ca730ce7de6c6a44a736e6d5fb08ecc) Importer(2089858483,0ecaa5967403d082aa24f35e1b516d23) Generated GUIDs only implemented for interfaces!
 -> (artifact id: '6e8898024a1e1b199b378b29d1569c71') in 0.054037 seconds
Number of updated asset objects reloaded before import = 0
Number of asset objects unloaded after import = 3
========================================================================
Received Import Request.
  Time since last request: 0.000023 seconds.
  path: Assets/BayatGames/Free Platform Game Assets/Tiles/2D Tiles ( Update 1.9 )/Autumn/128x128/GrassHillRight2.png
  artifactKey: Guid(516340aee8fff1b4397ed02b07e107d6) Importer(2089858483,0ecaa5967403d082aa24f35e1b516d23)
Start importing Assets/BayatGames/Free Platform Game Assets/Tiles/2D Tiles ( Update 1.9 )/Autumn/128x128/GrassHillRight2.png using Guid(516340aee8fff1b4397ed02b07e107d6) Importer(2089858483,0ecaa5967403d082aa24f35e1b516d23) Generated GUIDs only implemented for interfaces!
 -> (artifact id: 'fa63868fc34164604df4470274c9bf30') in 0.040381 seconds
Number of updated asset objects reloaded before import = 0
Number of asset objects unloaded after import = 3
========================================================================
Received Import Request.
  Time since last request: 0.000018 seconds.
  path: Assets/BayatGames/Free Platform Game Assets/Tiles/2D Tiles ( Update 1.9 )/Autumn/256x256/GrassCliffRight.png
  artifactKey: Guid(0e046149a23c8604189ebedb79436c9d) Importer(2089858483,0ecaa5967403d082aa24f35e1b516d23)
Start importing Assets/BayatGames/Free Platform Game Assets/Tiles/2D Tiles ( Update 1.9 )/Autumn/256x256/GrassCliffRight.png using Guid(0e046149a23c8604189ebedb79436c9d) Importer(2089858483,0ecaa5967403d082aa24f35e1b516d23) Generated GUIDs only implemented for interfaces!
 -> (artifact id: 'b798ed21da9260c41d8ce0746ad634a1') in 0.048077 seconds
Number of updated asset objects reloaded before import = 0
Number of asset objects unloaded after import = 3
========================================================================
Received Import Request.
  Time since last request: 0.000031 seconds.
  path: Assets/BayatGames/Free Platform Game Assets/Tiles/2D Tiles ( Update 1.9 )/Autumn/256x256/GrassCliffMid.png
  artifactKey: Guid(f49938fd5e962834d80abcc368229c65) Importer(2089858483,0ecaa5967403d082aa24f35e1b516d23)
Start importing Assets/BayatGames/Free Platform Game Assets/Tiles/2D Tiles ( Update 1.9 )/Autumn/256x256/GrassCliffMid.png using Guid(f49938fd5e962834d80abcc368229c65) Importer(2089858483,0ecaa5967403d082aa24f35e1b516d23) Generated GUIDs only implemented for interfaces!
 -> (artifact id: '15d6d67d92e3c20b3f2a96eeadab7c7e') in 0.044887 seconds
Number of updated asset objects reloaded before import = 0
Number of asset objects unloaded after import = 3
========================================================================
Received Import Request.
  Time since last request: 0.000030 seconds.
  path: Assets/BayatGames/Free Platform Game Assets/Tiles/2D Tiles ( Update 1.9 )/Autumn/128x128/GrassLeft.png
  artifactKey: Guid(d1736567c2c2dd3429ca987e6cd63763) Importer(2089858483,0ecaa5967403d082aa24f35e1b516d23)
Start importing Assets/BayatGames/Free Platform Game Assets/Tiles/2D Tiles ( Update 1.9 )/Autumn/128x128/GrassLeft.png using Guid(d1736567c2c2dd3429ca987e6cd63763) Importer(2089858483,0ecaa5967403d082aa24f35e1b516d23) Generated GUIDs only implemented for interfaces!
 -> (artifact id: '8508819e445e7cc6bb8babb11fd3fc19') in 0.043372 seconds
Number of updated asset objects reloaded before import = 0
Number of asset objects unloaded after import = 3
========================================================================
Received Import Request.
  Time since last request: 0.000022 seconds.
  path: Assets/BayatGames/Free Platform Game Assets/Tiles/2D Tiles ( Update 1.9 )/Autumn/256x256/Grass.png
  artifactKey: Guid(d2e5333787caeaf4ebffc05559c3d256) Importer(2089858483,0ecaa5967403d082aa24f35e1b516d23)
Start importing Assets/BayatGames/Free Platform Game Assets/Tiles/2D Tiles ( Update 1.9 )/Autumn/256x256/Grass.png using Guid(d2e5333787caeaf4ebffc05559c3d256) Importer(2089858483,0ecaa5967403d082aa24f35e1b516d23) Generated GUIDs only implemented for interfaces!
 -> (artifact id: '00083a656f0444e8e9d74e28ae600472') in 0.047880 seconds
Number of updated asset objects reloaded before import = 0
Number of asset objects unloaded after import = 3
========================================================================
Received Import Request.
  Time since last request: 0.000023 seconds.
  path: Assets/BayatGames/Free Platform Game Assets/Tiles/2D Tiles ( Update 1.9 )/Autumn/128x128/GrassJoinHillRight2&Left2.png
  artifactKey: Guid(c572dafcaa2932f4980111a2b4ab977e) Importer(2089858483,0ecaa5967403d082aa24f35e1b516d23)
Start importing Assets/BayatGames/Free Platform Game Assets/Tiles/2D Tiles ( Update 1.9 )/Autumn/128x128/GrassJoinHillRight2&Left2.png using Guid(c572dafcaa2932f4980111a2b4ab977e) Importer(2089858483,0ecaa5967403d082aa24f35e1b516d23) Generated GUIDs only implemented for interfaces!
 -> (artifact id: 'c372747d34d82d42972578c14466beea') in 0.044733 seconds
Number of updated asset objects reloaded before import = 0
Number of asset objects unloaded after import = 3
========================================================================
Received Import Request.
  Time since last request: 0.000018 seconds.
  path: Assets/BayatGames/Free Platform Game Assets/Tiles/2D Tiles ( Update 1.9 )/Autumn/256x256/GrassHillRight2 DownShadow.png
  artifactKey: Guid(6c8758634bc2a704d91737a0480258bf) Importer(2089858483,0ecaa5967403d082aa24f35e1b516d23)
Start importing Assets/BayatGames/Free Platform Game Assets/Tiles/2D Tiles ( Update 1.9 )/Autumn/256x256/GrassHillRight2 DownShadow.png using Guid(6c8758634bc2a704d91737a0480258bf) Importer(2089858483,0ecaa5967403d082aa24f35e1b516d23) Generated GUIDs only implemented for interfaces!
 -> (artifact id: 'b4644a60392dc08968baf0a98dc60d13') in 0.042895 seconds
Number of updated asset objects reloaded before import = 0
Number of asset objects unloaded after import = 3
========================================================================
Received Import Request.
  Time since last request: 0.000018 seconds.
  path: Assets/BayatGames/Free Platform Game Assets/Tiles/2D Tiles ( Update 1.9 )/Autumn/128x128/GrassJoinHillLeft2.png
  artifactKey: Guid(1da4f4e304173804ab15aaa0ae2b240d) Importer(2089858483,0ecaa5967403d082aa24f35e1b516d23)
Start importing Assets/BayatGames/Free Platform Game Assets/Tiles/2D Tiles ( Update 1.9 )/Autumn/128x128/GrassJoinHillLeft2.png using Guid(1da4f4e304173804ab15aaa0ae2b240d) Importer(2089858483,0ecaa5967403d082aa24f35e1b516d23) Generated GUIDs only implemented for interfaces!
 -> (artifact id: '2e4ee4450b9e897a57dbbbb8d0df69e1') in 0.041744 seconds
Number of updated asset objects reloaded before import = 0
Number of asset objects unloaded after import = 3
========================================================================
Received Import Request.
  Time since last request: 0.000021 seconds.
  path: Assets/BayatGames/Free Platform Game Assets/Tiles/2D Tiles ( Update 1.9 )/Autumn/128x128/GrassHillRight.png
  artifactKey: Guid(b7918b0510151184f8eaeb13c7e8a1ae) Importer(2089858483,0ecaa5967403d082aa24f35e1b516d23)
Start importing Assets/BayatGames/Free Platform Game Assets/Tiles/2D Tiles ( Update 1.9 )/Autumn/128x128/GrassHillRight.png using Guid(b7918b0510151184f8eaeb13c7e8a1ae) Importer(2089858483,0ecaa5967403d082aa24f35e1b516d23) Generated GUIDs only implemented for interfaces!
 -> (artifact id: '6f507b8cebd5a25e367c40e3c2c203bb') in 0.043038 seconds
Number of updated asset objects reloaded before import = 0
Number of asset objects unloaded after import = 3
========================================================================
Received Import Request.
  Time since last request: 0.000032 seconds.
  path: Assets/BayatGames/Free Platform Game Assets/Tiles/2D Tiles ( Update 1.9 )/Autumn/256x256/GrassJoinHillLeft2 DownShadow.png
  artifactKey: Guid(2abe0c6884fe6d54490c02fe31cb3bbe) Importer(2089858483,0ecaa5967403d082aa24f35e1b516d23)
Start importing Assets/BayatGames/Free Platform Game Assets/Tiles/2D Tiles ( Update 1.9 )/Autumn/256x256/GrassJoinHillLeft2 DownShadow.png using Guid(2abe0c6884fe6d54490c02fe31cb3bbe) Importer(2089858483,0ecaa5967403d082aa24f35e1b516d23) Generated GUIDs only implemented for interfaces!
 -> (artifact id: 'f6e99c5de3e6054b2252ada1290f2911') in 0.041252 seconds
Number of updated asset objects reloaded before import = 0
Number of asset objects unloaded after import = 3
========================================================================
Received Import Request.
  Time since last request: 0.000017 seconds.
  path: Assets/BayatGames/Free Platform Game Assets/Tiles/2D Tiles ( Update 1.9 )/Autumn/128x128/GrassCliffMid.png
  artifactKey: Guid(7ba86cf90c6212242a19ed14895d16ac) Importer(2089858483,0ecaa5967403d082aa24f35e1b516d23)
Start importing Assets/BayatGames/Free Platform Game Assets/Tiles/2D Tiles ( Update 1.9 )/Autumn/128x128/GrassCliffMid.png using Guid(7ba86cf90c6212242a19ed14895d16ac) Importer(2089858483,0ecaa5967403d082aa24f35e1b516d23) Generated GUIDs only implemented for interfaces!
 -> (artifact id: '3727702393be40e875adcd3959c25f87') in 0.044713 seconds
Number of updated asset objects reloaded before import = 0
Number of asset objects unloaded after import = 3
========================================================================
Received Import Request.
  Time since last request: 0.000017 seconds.
  path: Assets/BayatGames/Free Platform Game Assets/Tiles/2D Tiles ( Update 1.9 )/Autumn/256x256/GrassJoinHillLeft.png
  artifactKey: Guid(2490eadba64dad743bbd12698078ed3e) Importer(2089858483,0ecaa5967403d082aa24f35e1b516d23)
Start importing Assets/BayatGames/Free Platform Game Assets/Tiles/2D Tiles ( Update 1.9 )/Autumn/256x256/GrassJoinHillLeft.png using Guid(2490eadba64dad743bbd12698078ed3e) Importer(2089858483,0ecaa5967403d082aa24f35e1b516d23) Generated GUIDs only implemented for interfaces!
 -> (artifact id: '5317325277f3baceafa6c1c6d20efcb4') in 0.047771 seconds
Number of updated asset objects reloaded before import = 0
Number of asset objects unloaded after import = 3
========================================================================
Received Import Request.
  Time since last request: 0.000024 seconds.
  path: Assets/BayatGames/Free Platform Game Assets/Tiles/2D Tiles ( Update 1.9 )/Autumn/128x128/GrassMid.png
  artifactKey: Guid(81a811ecc61d9c14d93f7dbdeee253da) Importer(2089858483,0ecaa5967403d082aa24f35e1b516d23)
Start importing Assets/BayatGames/Free Platform Game Assets/Tiles/2D Tiles ( Update 1.9 )/Autumn/128x128/GrassMid.png using Guid(81a811ecc61d9c14d93f7dbdeee253da) Importer(2089858483,0ecaa5967403d082aa24f35e1b516d23) Generated GUIDs only implemented for interfaces!
 -> (artifact id: '0e639a32f29c9115b264f56b38b3c0d4') in 0.042457 seconds
Number of updated asset objects reloaded before import = 0
Number of asset objects unloaded after import = 3
========================================================================
Received Import Request.
  Time since last request: 0.000017 seconds.
  path: Assets/BayatGames/Free Platform Game Assets/Tiles/2D Tiles ( Update 1.9 )/Autumn/128x128/GrassJoinHillRight2.png
  artifactKey: Guid(a92e457a2f2fd7c4da172841b810de0d) Importer(2089858483,0ecaa5967403d082aa24f35e1b516d23)
Start importing Assets/BayatGames/Free Platform Game Assets/Tiles/2D Tiles ( Update 1.9 )/Autumn/128x128/GrassJoinHillRight2.png using Guid(a92e457a2f2fd7c4da172841b810de0d) Importer(2089858483,0ecaa5967403d082aa24f35e1b516d23) Generated GUIDs only implemented for interfaces!
 -> (artifact id: '0db7920fc507e21581f33c8aa2573c3c') in 0.042873 seconds
Number of updated asset objects reloaded before import = 0
Number of asset objects unloaded after import = 3
========================================================================
Received Import Request.
  Time since last request: 0.000023 seconds.
  path: Assets/Dragon Warrior Files/Dragon Warrior PNG/crouch_ATK_03.png
  artifactKey: Guid(e5a801c3d96b4f842b19dde07d6261ca) Importer(2089858483,0ecaa5967403d082aa24f35e1b516d23)
Start importing Assets/Dragon Warrior Files/Dragon Warrior PNG/crouch_ATK_03.png using Guid(e5a801c3d96b4f842b19dde07d6261ca) Importer(2089858483,0ecaa5967403d082aa24f35e1b516d23) Generated GUIDs only implemented for interfaces!
 -> (artifact id: 'e04140c9144330d80f5bc9b34ea7d6e4') in 0.042597 seconds
Number of updated asset objects reloaded before import = 0
Number of asset objects unloaded after import = 3
========================================================================
Received Import Request.
  Time since last request: 0.000034 seconds.
  path: Assets/BayatGames/Free Platform Game Assets/Tiles/2D Tiles ( Update 1.9 )/Autumn/512x512/GrassHillRight2.png
  artifactKey: Guid(e5e5fed44d8e4c04d8f49db07c3144fd) Importer(2089858483,0ecaa5967403d082aa24f35e1b516d23)
Start importing Assets/BayatGames/Free Platform Game Assets/Tiles/2D Tiles ( Update 1.9 )/Autumn/512x512/GrassHillRight2.png using Guid(e5e5fed44d8e4c04d8f49db07c3144fd) Importer(2089858483,0ecaa5967403d082aa24f35e1b516d23) Generated GUIDs only implemented for interfaces!
 -> (artifact id: 'e52316dbe7492ced558514080a59bedd') in 0.033447 seconds
Number of updated asset objects reloaded before import = 0
Number of asset objects unloaded after import = 3
========================================================================
Received Import Request.
  Time since last request: 0.000018 seconds.
  path: Assets/BayatGames/Free Platform Game Assets/Tiles/2D Tiles ( Update 1.9 )/Autumn/512x512/GrassCliffRight.png
  artifactKey: Guid(265524f47bb91e844a279a73306cb424) Importer(2089858483,0ecaa5967403d082aa24f35e1b516d23)
Start importing Assets/BayatGames/Free Platform Game Assets/Tiles/2D Tiles ( Update 1.9 )/Autumn/512x512/GrassCliffRight.png using Guid(265524f47bb91e844a279a73306cb424) Importer(2089858483,0ecaa5967403d082aa24f35e1b516d23) Generated GUIDs only implemented for interfaces!
 -> (artifact id: '3ff1cf1a35c6f06e098f6d7cab5b5b97') in 0.033846 seconds
Number of updated asset objects reloaded before import = 0
Number of asset objects unloaded after import = 3
========================================================================
Received Import Request.
  Time since last request: 0.000020 seconds.
  path: Assets/BayatGames/Free Platform Game Assets/Tiles/2D Tiles ( Update 1.9 )/Autumn/512x512/GrassHillLeft2 DownShadow.png
  artifactKey: Guid(2a89803a08377214ba48a3a54a1dd4d1) Importer(2089858483,0ecaa5967403d082aa24f35e1b516d23)
Start importing Assets/BayatGames/Free Platform Game Assets/Tiles/2D Tiles ( Update 1.9 )/Autumn/512x512/GrassHillLeft2 DownShadow.png using Guid(2a89803a08377214ba48a3a54a1dd4d1) Importer(2089858483,0ecaa5967403d082aa24f35e1b516d23) Generated GUIDs only implemented for interfaces!
 -> (artifact id: '7739aff2d6e0168924f67db471b0efa4') in 0.045387 seconds
Number of updated asset objects reloaded before import = 0
Number of asset objects unloaded after import = 3
========================================================================
Received Import Request.
  Time since last request: 0.000019 seconds.
  path: Assets/BayatGames/Free Platform Game Assets/Tiles/2D Tiles ( Update 1.9 )/Autumn/512x512/GrassJoinHillRight2.png
  artifactKey: Guid(feef1053fee14ad4e9e24adc2a5737d7) Importer(2089858483,0ecaa5967403d082aa24f35e1b516d23)
Start importing Assets/BayatGames/Free Platform Game Assets/Tiles/2D Tiles ( Update 1.9 )/Autumn/512x512/GrassJoinHillRight2.png using Guid(feef1053fee14ad4e9e24adc2a5737d7) Importer(2089858483,0ecaa5967403d082aa24f35e1b516d23) Generated GUIDs only implemented for interfaces!
 -> (artifact id: 'a2b018889093b68417414daff32134f6') in 0.044109 seconds
Number of updated asset objects reloaded before import = 0
Number of asset objects unloaded after import = 3
========================================================================
Received Import Request.
  Time since last request: 0.000018 seconds.
  path: Assets/BayatGames/Free Platform Game Assets/Tiles/2D Tiles ( Update 1.9 )/Autumn/512x512/GrassHillLeft.png
  artifactKey: Guid(b3687254db1df804ca7adeadcea3efb7) Importer(2089858483,0ecaa5967403d082aa24f35e1b516d23)
Start importing Assets/BayatGames/Free Platform Game Assets/Tiles/2D Tiles ( Update 1.9 )/Autumn/512x512/GrassHillLeft.png using Guid(b3687254db1df804ca7adeadcea3efb7) Importer(2089858483,0ecaa5967403d082aa24f35e1b516d23) Generated GUIDs only implemented for interfaces!
 -> (artifact id: 'c8c6cc2a26705186a734df704ab03cfe') in 0.036050 seconds
Number of updated asset objects reloaded before import = 0
Number of asset objects unloaded after import = 3
========================================================================
Received Import Request.
  Time since last request: 0.000020 seconds.
  path: Assets/BayatGames/Free Platform Game Assets/Tiles/2D Tiles ( Update 1.9 )/Autumn/256x256/GrassJoinHillRight2 DownShadow.png
  artifactKey: Guid(1d3ca053d9823694ea8522c83c69f62e) Importer(2089858483,0ecaa5967403d082aa24f35e1b516d23)
Start importing Assets/BayatGames/Free Platform Game Assets/Tiles/2D Tiles ( Update 1.9 )/Autumn/256x256/GrassJoinHillRight2 DownShadow.png using Guid(1d3ca053d9823694ea8522c83c69f62e) Importer(2089858483,0ecaa5967403d082aa24f35e1b516d23) Generated GUIDs only implemented for interfaces!
 -> (artifact id: '3e2cea513fa5c1e42b94b2be6206e5c3') in 0.038508 seconds
Number of updated asset objects reloaded before import = 0
Number of asset objects unloaded after import = 3
========================================================================
Received Import Request.
  Time since last request: 0.000019 seconds.
  path: Assets/BayatGames/Free Platform Game Assets/Tiles/2D Tiles ( Update 1.9 )/Autumn/256x256/GrassJoinHillRight2&Left2.png
  artifactKey: Guid(b3877fb12bc2b2741b4e74a6f9540378) Importer(2089858483,0ecaa5967403d082aa24f35e1b516d23)
Start importing Assets/BayatGames/Free Platform Game Assets/Tiles/2D Tiles ( Update 1.9 )/Autumn/256x256/GrassJoinHillRight2&Left2.png using Guid(b3877fb12bc2b2741b4e74a6f9540378) Importer(2089858483,0ecaa5967403d082aa24f35e1b516d23) Generated GUIDs only implemented for interfaces!
 -> (artifact id: '2d98418c214f4237ad396aa00cbb653b') in 0.048137 seconds
Number of updated asset objects reloaded before import = 0
Number of asset objects unloaded after import = 3
========================================================================
Received Import Request.
  Time since last request: 0.000031 seconds.
  path: Assets/BayatGames/Free Platform Game Assets/Tiles/2D Tiles ( Update 1.9 )/Autumn/512x512/GrassMid.png
  artifactKey: Guid(35d04c51a6d9b184996f383e51d1e04c) Importer(2089858483,0ecaa5967403d082aa24f35e1b516d23)
Start importing Assets/BayatGames/Free Platform Game Assets/Tiles/2D Tiles ( Update 1.9 )/Autumn/512x512/GrassMid.png using Guid(35d04c51a6d9b184996f383e51d1e04c) Importer(2089858483,0ecaa5967403d082aa24f35e1b516d23) Generated GUIDs only implemented for interfaces!
 -> (artifact id: '65cd1923c58e62d51d1ea6b8553d436b') in 0.042138 seconds
Number of updated asset objects reloaded before import = 0
Number of asset objects unloaded after import = 3
========================================================================
Received Import Request.
  Time since last request: 0.000022 seconds.
  path: Assets/BayatGames/Free Platform Game Assets/Tiles/2D Tiles ( Update 1.9 )/Autumn/256x256/GrassJoinHillRight2&Left2 DownShadow.png
  artifactKey: Guid(78af1c8a65976ce47935d6b852c4f37b) Importer(2089858483,0ecaa5967403d082aa24f35e1b516d23)
Start importing Assets/BayatGames/Free Platform Game Assets/Tiles/2D Tiles ( Update 1.9 )/Autumn/256x256/GrassJoinHillRight2&Left2 DownShadow.png using Guid(78af1c8a65976ce47935d6b852c4f37b) Importer(2089858483,0ecaa5967403d082aa24f35e1b516d23) Generated GUIDs only implemented for interfaces!
 -> (artifact id: 'a9217c510f5555342ed6d844b3b28344') in 0.045461 seconds
Number of updated asset objects reloaded before import = 0
Number of asset objects unloaded after import = 3
========================================================================
Received Import Request.
  Time since last request: 0.000022 seconds.
  path: Assets/BayatGames/Free Platform Game Assets/Tiles/2D Tiles ( Update 1.9 )/Autumn/512x512/GrassHillLeft2.png
  artifactKey: Guid(65eddf34581be1046bc3da6e1d7bcfe3) Importer(2089858483,0ecaa5967403d082aa24f35e1b516d23)
Start importing Assets/BayatGames/Free Platform Game Assets/Tiles/2D Tiles ( Update 1.9 )/Autumn/512x512/GrassHillLeft2.png using Guid(65eddf34581be1046bc3da6e1d7bcfe3) Importer(2089858483,0ecaa5967403d082aa24f35e1b516d23) Generated GUIDs only implemented for interfaces!
 -> (artifact id: '6b142388df9bd0240886d11b46e1639e') in 0.042539 seconds
Number of updated asset objects reloaded before import = 0
Number of asset objects unloaded after import = 3
========================================================================
Received Import Request.
  Time since last request: 0.000017 seconds.
  path: Assets/BayatGames/Free Platform Game Assets/Tiles/2D Tiles ( Update 1.9 )/Autumn/256x256/GrassMid.png
  artifactKey: Guid(4e78236c1a8223e48862222a09aedd8d) Importer(2089858483,0ecaa5967403d082aa24f35e1b516d23)
Start importing Assets/BayatGames/Free Platform Game Assets/Tiles/2D Tiles ( Update 1.9 )/Autumn/256x256/GrassMid.png using Guid(4e78236c1a8223e48862222a09aedd8d) Importer(2089858483,0ecaa5967403d082aa24f35e1b516d23) Generated GUIDs only implemented for interfaces!
 -> (artifact id: 'a0e27f40d9dafc8decbda33a68b880b7') in 0.049027 seconds
Number of updated asset objects reloaded before import = 0
Number of asset objects unloaded after import = 3
========================================================================
Received Import Request.
  Time since last request: 0.000021 seconds.
  path: Assets/BayatGames/Free Platform Game Assets/Tiles/2D Tiles ( Update 1.9 )/Autumn/512x512/GrassJoinHillRight.png
  artifactKey: Guid(7aaa849a0248fe54c90a3adc327f6958) Importer(2089858483,0ecaa5967403d082aa24f35e1b516d23)
Start importing Assets/BayatGames/Free Platform Game Assets/Tiles/2D Tiles ( Update 1.9 )/Autumn/512x512/GrassJoinHillRight.png using Guid(7aaa849a0248fe54c90a3adc327f6958) Importer(2089858483,0ecaa5967403d082aa24f35e1b516d23) Generated GUIDs only implemented for interfaces!
 -> (artifact id: '5dd1fdb74280d958d044a76f9426abc4') in 0.046138 seconds
Number of updated asset objects reloaded before import = 0
Number of asset objects unloaded after import = 3
========================================================================
Received Import Request.
  Time since last request: 0.000022 seconds.
  path: Assets/BayatGames/Free Platform Game Assets/Tiles/2D Tiles ( Update 1.9 )/Autumn/512x512/GrassColumn.png
  artifactKey: Guid(e46ff5ffffbe5bc4f973b604b65fa03c) Importer(2089858483,0ecaa5967403d082aa24f35e1b516d23)
Start importing Assets/BayatGames/Free Platform Game Assets/Tiles/2D Tiles ( Update 1.9 )/Autumn/512x512/GrassColumn.png using Guid(e46ff5ffffbe5bc4f973b604b65fa03c) Importer(2089858483,0ecaa5967403d082aa24f35e1b516d23) Generated GUIDs only implemented for interfaces!
 -> (artifact id: '98d5ea7c6e42fb7d2751a2b8770ce861') in 0.044202 seconds
Number of updated asset objects reloaded before import = 0
Number of asset objects unloaded after import = 3
========================================================================
Received Import Request.
  Time since last request: 0.000035 seconds.
  path: Assets/2D Pixel Item Pack/Light Outline/S_ItemLightOutline_JarPurple_01.png
  artifactKey: Guid(d8ef600d59c84444c9013fc5e0278f08) Importer(2089858483,0ecaa5967403d082aa24f35e1b516d23)
Start importing Assets/2D Pixel Item Pack/Light Outline/S_ItemLightOutline_JarPurple_01.png using Guid(d8ef600d59c84444c9013fc5e0278f08) Importer(2089858483,0ecaa5967403d082aa24f35e1b516d23) Generated GUIDs only implemented for interfaces!
 -> (artifact id: 'a7397893b368b5da1fbd071ec056d052') in 0.038081 seconds
Number of updated asset objects reloaded before import = 0
Number of asset objects unloaded after import = 3
========================================================================
Received Import Request.
  Time since last request: 0.000017 seconds.
  path: Assets/2D Pixel Item Pack/Light Outline/S_ItemLightOutline_PotionGreen_00.png
  artifactKey: Guid(c942500109f791240adb75c331ecbe90) Importer(2089858483,0ecaa5967403d082aa24f35e1b516d23)
Start importing Assets/2D Pixel Item Pack/Light Outline/S_ItemLightOutline_PotionGreen_00.png using Guid(c942500109f791240adb75c331ecbe90) Importer(2089858483,0ecaa5967403d082aa24f35e1b516d23) Generated GUIDs only implemented for interfaces!
 -> (artifact id: 'd059d056e119ee260ae4174ce0a2c429') in 0.037582 seconds
Number of updated asset objects reloaded before import = 0
Number of asset objects unloaded after import = 3
========================================================================
Received Import Request.
  Time since last request: 0.000022 seconds.
  path: Assets/Dragon Warrior Files/Dragon Warrior PNG/attack_03.png
  artifactKey: Guid(080098adc5ac9cc428f1a442160eef31) Importer(2089858483,0ecaa5967403d082aa24f35e1b516d23)
Start importing Assets/Dragon Warrior Files/Dragon Warrior PNG/attack_03.png using Guid(080098adc5ac9cc428f1a442160eef31) Importer(2089858483,0ecaa5967403d082aa24f35e1b516d23) Generated GUIDs only implemented for interfaces!
 -> (artifact id: '40b7e50ae84b4fc33cd0ade3d4f18b70') in 0.044321 seconds
Number of updated asset objects reloaded before import = 0
Number of asset objects unloaded after import = 3
========================================================================
Received Import Request.
  Time since last request: 0.000022 seconds.
  path: Assets/Enemies/New Enemy ( Update 1.9 )/8x/Chain-3.png
  artifactKey: Guid(52b14921307165146bdfebb9c31cbdde) Importer(2089858483,0ecaa5967403d082aa24f35e1b516d23)
Start importing Assets/Enemies/New Enemy ( Update 1.9 )/8x/Chain-3.png using Guid(52b14921307165146bdfebb9c31cbdde) Importer(2089858483,0ecaa5967403d082aa24f35e1b516d23) Generated GUIDs only implemented for interfaces!
 -> (artifact id: 'c1b7fc5a5da2dc5acc4d192b03c69829') in 0.041137 seconds
Number of updated asset objects reloaded before import = 0
Number of asset objects unloaded after import = 3
========================================================================
Received Import Request.
  Time since last request: 0.000022 seconds.
  path: Assets/BayatGames/Free Platform Game Assets/Tiles/2D Tiles ( Update 1.9 )/Spring/256x256/GrassCliffMid.png
  artifactKey: Guid(3508f1573909af1428b1c44c1ec34c3c) Importer(2089858483,0ecaa5967403d082aa24f35e1b516d23)
Start importing Assets/BayatGames/Free Platform Game Assets/Tiles/2D Tiles ( Update 1.9 )/Spring/256x256/GrassCliffMid.png using Guid(3508f1573909af1428b1c44c1ec34c3c) Importer(2089858483,0ecaa5967403d082aa24f35e1b516d23) Generated GUIDs only implemented for interfaces!
 -> (artifact id: '56563ec55a6d6eb45e31d1cf0c2b18fd') in 0.044450 seconds
Number of updated asset objects reloaded before import = 0
Number of asset objects unloaded after import = 3
========================================================================
Received Import Request.
  Time since last request: 0.000021 seconds.
  path: Assets/BayatGames/Free Platform Game Assets/Tiles/2D Tiles ( Update 1.9 )/Spring/256x256/GrassHillLeft2 DownShadow.png
  artifactKey: Guid(5b1fdc387a8505c4eaf48dd0d9872643) Importer(2089858483,0ecaa5967403d082aa24f35e1b516d23)
Start importing Assets/BayatGames/Free Platform Game Assets/Tiles/2D Tiles ( Update 1.9 )/Spring/256x256/GrassHillLeft2 DownShadow.png using Guid(5b1fdc387a8505c4eaf48dd0d9872643) Importer(2089858483,0ecaa5967403d082aa24f35e1b516d23) Generated GUIDs only implemented for interfaces!
 -> (artifact id: '1fbe96bbc28276d0482c808bae422db4') in 0.041733 seconds
Number of updated asset objects reloaded before import = 0
Number of asset objects unloaded after import = 3
========================================================================
Received Import Request.
  Time since last request: 0.000018 seconds.
  path: Assets/BayatGames/Free Platform Game Assets/Tiles/2D Tiles ( Update 1.9 )/Spring/128x128/GrassHillRight2.png
  artifactKey: Guid(46513890a36dfaf46a8979fae61f18ad) Importer(2089858483,0ecaa5967403d082aa24f35e1b516d23)
Start importing Assets/BayatGames/Free Platform Game Assets/Tiles/2D Tiles ( Update 1.9 )/Spring/128x128/GrassHillRight2.png using Guid(46513890a36dfaf46a8979fae61f18ad) Importer(2089858483,0ecaa5967403d082aa24f35e1b516d23) Generated GUIDs only implemented for interfaces!
 -> (artifact id: 'ba994ae8f9031002101da6fc1c812c9a') in 0.039039 seconds
Number of updated asset objects reloaded before import = 0
Number of asset objects unloaded after import = 3
========================================================================
Received Import Request.
  Time since last request: 0.000030 seconds.
  path: Assets/BayatGames/Free Platform Game Assets/Tiles/2D Tiles ( Update 1.9 )/Spring/128x128/GrassJoinHillRight&Left.png
  artifactKey: Guid(8f16746f33960194c91cf9c90ab154c4) Importer(2089858483,0ecaa5967403d082aa24f35e1b516d23)
Start importing Assets/BayatGames/Free Platform Game Assets/Tiles/2D Tiles ( Update 1.9 )/Spring/128x128/GrassJoinHillRight&Left.png using Guid(8f16746f33960194c91cf9c90ab154c4) Importer(2089858483,0ecaa5967403d082aa24f35e1b516d23) Generated GUIDs only implemented for interfaces!
 -> (artifact id: '36a0f6ea1b76541129198c06d765f7fd') in 0.040877 seconds
Number of updated asset objects reloaded before import = 0
Number of asset objects unloaded after import = 3
========================================================================
Received Import Request.
  Time since last request: 0.000017 seconds.
  path: Assets/BayatGames/Free Platform Game Assets/Tiles/2D Tiles ( Update 1.9 )/Spring/256x256/GrassHillLeft.png
  artifactKey: Guid(1728b528a1d879141b698788b6fd05ef) Importer(2089858483,0ecaa5967403d082aa24f35e1b516d23)
Start importing Assets/BayatGames/Free Platform Game Assets/Tiles/2D Tiles ( Update 1.9 )/Spring/256x256/GrassHillLeft.png using Guid(1728b528a1d879141b698788b6fd05ef) Importer(2089858483,0ecaa5967403d082aa24f35e1b516d23) Generated GUIDs only implemented for interfaces!
 -> (artifact id: '986dd13b27cbec0dd1abe922489205a1') in 0.045528 seconds
Number of updated asset objects reloaded before import = 0
Number of asset objects unloaded after import = 3
========================================================================
Received Import Request.
  Time since last request: 0.000019 seconds.
  path: Assets/BayatGames/Free Platform Game Assets/Tiles/2D Tiles ( Update 1.9 )/Spring/128x128/GrassJoinHillRight2 DownShadow.png
  artifactKey: Guid(ccdf4d46216c5304cb6baa84dbea0fe0) Importer(2089858483,0ecaa5967403d082aa24f35e1b516d23)
Start importing Assets/BayatGames/Free Platform Game Assets/Tiles/2D Tiles ( Update 1.9 )/Spring/128x128/GrassJoinHillRight2 DownShadow.png using Guid(ccdf4d46216c5304cb6baa84dbea0fe0) Importer(2089858483,0ecaa5967403d082aa24f35e1b516d23) Generated GUIDs only implemented for interfaces!
 -> (artifact id: '0d33567de8ea2b99b2c1cba2b11bcfe2') in 0.043300 seconds
Number of updated asset objects reloaded before import = 0
Number of asset objects unloaded after import = 3
========================================================================
Received Import Request.
  Time since last request: 0.000016 seconds.
  path: Assets/BayatGames/Free Platform Game Assets/Tiles/2D Tiles ( Update 1.9 )/Spring/256x256/GrassHillLeft2.png
  artifactKey: Guid(72f94200b0117034b90150a90daf551f) Importer(2089858483,0ecaa5967403d082aa24f35e1b516d23)
Start importing Assets/BayatGames/Free Platform Game Assets/Tiles/2D Tiles ( Update 1.9 )/Spring/256x256/GrassHillLeft2.png using Guid(72f94200b0117034b90150a90daf551f) Importer(2089858483,0ecaa5967403d082aa24f35e1b516d23) Generated GUIDs only implemented for interfaces!
 -> (artifact id: '206b0027d0b206512b5e779b75716ad4') in 0.041699 seconds
Number of updated asset objects reloaded before import = 0
Number of asset objects unloaded after import = 3
========================================================================
Received Import Request.
  Time since last request: 0.000017 seconds.
  path: Assets/BayatGames/Free Platform Game Assets/Tiles/2D Tiles ( Update 1.9 )/Spring/128x128/GrassJoinHillLeft2.png
  artifactKey: Guid(010fb8b30364cd94a99f8e08da61dea4) Importer(2089858483,0ecaa5967403d082aa24f35e1b516d23)
Start importing Assets/BayatGames/Free Platform Game Assets/Tiles/2D Tiles ( Update 1.9 )/Spring/128x128/GrassJoinHillLeft2.png using Guid(010fb8b30364cd94a99f8e08da61dea4) Importer(2089858483,0ecaa5967403d082aa24f35e1b516d23) Generated GUIDs only implemented for interfaces!
 -> (artifact id: '755d525b93319ad8d4c834b145c72538') in 0.041563 seconds
Number of updated asset objects reloaded before import = 0
Number of asset objects unloaded after import = 3
========================================================================
Received Import Request.
  Time since last request: 0.000021 seconds.
  path: Assets/BayatGames/Free Platform Game Assets/Tiles/2D Tiles ( Update 1.9 )/Spring/128x128/GrassHillRight.png
  artifactKey: Guid(0fa00a8fe36a46a499db8f35e13e2cde) Importer(2089858483,0ecaa5967403d082aa24f35e1b516d23)
Start importing Assets/BayatGames/Free Platform Game Assets/Tiles/2D Tiles ( Update 1.9 )/Spring/128x128/GrassHillRight.png using Guid(0fa00a8fe36a46a499db8f35e13e2cde) Importer(2089858483,0ecaa5967403d082aa24f35e1b516d23) Generated GUIDs only implemented for interfaces!
 -> (artifact id: 'd4c6504cabf744d48cb454fb3c1b0b0e') in 0.043873 seconds
Number of updated asset objects reloaded before import = 0
Number of asset objects unloaded after import = 3
========================================================================
Received Import Request.
  Time since last request: 0.000031 seconds.
  path: Assets/BayatGames/Free Platform Game Assets/Tiles/2D Tiles ( Update 1.9 )/Spring/128x128/GrassJoinHillRight2&Left2 DownShadow.png
  artifactKey: Guid(51cf5afb2b1a6b546b1d2b448604229a) Importer(2089858483,0ecaa5967403d082aa24f35e1b516d23)
Start importing Assets/BayatGames/Free Platform Game Assets/Tiles/2D Tiles ( Update 1.9 )/Spring/128x128/GrassJoinHillRight2&Left2 DownShadow.png using Guid(51cf5afb2b1a6b546b1d2b448604229a) Importer(2089858483,0ecaa5967403d082aa24f35e1b516d23) Generated GUIDs only implemented for interfaces!
 -> (artifact id: 'e7690b944ca6e5a93b0ab6a9de6ce9e9') in 0.041708 seconds
Number of updated asset objects reloaded before import = 0
Number of asset objects unloaded after import = 3
========================================================================
Received Import Request.
  Time since last request: 0.000016 seconds.
  path: Assets/BayatGames/Free Platform Game Assets/Tiles/2D Tiles ( Update 1.9 )/Spring/256x256/Grass.png
  artifactKey: Guid(e163d577fcee4fa4398de6ae37f554d2) Importer(2089858483,0ecaa5967403d082aa24f35e1b516d23)
Start importing Assets/BayatGames/Free Platform Game Assets/Tiles/2D Tiles ( Update 1.9 )/Spring/256x256/Grass.png using Guid(e163d577fcee4fa4398de6ae37f554d2) Importer(2089858483,0ecaa5967403d082aa24f35e1b516d23) Generated GUIDs only implemented for interfaces!
 -> (artifact id: 'd45cd68a78bb76067a079256b63fe8cd') in 0.043789 seconds
Number of updated asset objects reloaded before import = 0
Number of asset objects unloaded after import = 3
========================================================================
Received Import Request.
  Time since last request: 0.000019 seconds.
  path: Assets/BayatGames/Free Platform Game Assets/Tiles/2D Tiles ( Update 1.9 )/Spring/128x128/GrassJoinHillLeft.png
  artifactKey: Guid(a8a146b2b6736984f9f272c4b20b8c0e) Importer(2089858483,0ecaa5967403d082aa24f35e1b516d23)
Start importing Assets/BayatGames/Free Platform Game Assets/Tiles/2D Tiles ( Update 1.9 )/Spring/128x128/GrassJoinHillLeft.png using Guid(a8a146b2b6736984f9f272c4b20b8c0e) Importer(2089858483,0ecaa5967403d082aa24f35e1b516d23) Generated GUIDs only implemented for interfaces!
 -> (artifact id: '69d1de559849fb699173ae3791fb3c6b') in 0.040618 seconds
Number of updated asset objects reloaded before import = 0
Number of asset objects unloaded after import = 3
========================================================================
Received Import Request.
  Time since last request: 0.000021 seconds.
  path: Assets/BayatGames/Free Platform Game Assets/Tiles/2D Tiles ( Update 1.9 )/Spring/256x256/GrassCliffRight.png
  artifactKey: Guid(646453e4dbe45ed48b872a05d8eefbd6) Importer(2089858483,0ecaa5967403d082aa24f35e1b516d23)
Start importing Assets/BayatGames/Free Platform Game Assets/Tiles/2D Tiles ( Update 1.9 )/Spring/256x256/GrassCliffRight.png using Guid(646453e4dbe45ed48b872a05d8eefbd6) Importer(2089858483,0ecaa5967403d082aa24f35e1b516d23) Generated GUIDs only implemented for interfaces!
 -> (artifact id: 'e842055961452ea9d5cacd3d9a11c60c') in 0.042788 seconds
Number of updated asset objects reloaded before import = 0
Number of asset objects unloaded after import = 3
========================================================================
Received Import Request.
  Time since last request: 0.000029 seconds.
  path: Assets/BayatGames/Free Platform Game Assets/Tiles/2D Tiles ( Update 1.9 )/Spring/128x128/GrassJoinHillRight2&Left2.png
  artifactKey: Guid(858421e06a9c7b74d85db24c3245a1fd) Importer(2089858483,0ecaa5967403d082aa24f35e1b516d23)
Start importing Assets/BayatGames/Free Platform Game Assets/Tiles/2D Tiles ( Update 1.9 )/Spring/128x128/GrassJoinHillRight2&Left2.png using Guid(858421e06a9c7b74d85db24c3245a1fd) Importer(2089858483,0ecaa5967403d082aa24f35e1b516d23) Generated GUIDs only implemented for interfaces!
 -> (artifact id: '562ea06c8a7b36dd9e35bfc71e4b0ece') in 0.043944 seconds
Number of updated asset objects reloaded before import = 0
Number of asset objects unloaded after import = 3
========================================================================
Received Import Request.
  Time since last request: 0.000019 seconds.
  path: Assets/BayatGames/Free Platform Game Assets/Tiles/2D Tiles ( Update 1.9 )/Spring/128x128/GrassJoinHillRight2.png
  artifactKey: Guid(b4e920ddddf02e542a798da0937745db) Importer(2089858483,0ecaa5967403d082aa24f35e1b516d23)
Start importing Assets/BayatGames/Free Platform Game Assets/Tiles/2D Tiles ( Update 1.9 )/Spring/128x128/GrassJoinHillRight2.png using Guid(b4e920ddddf02e542a798da0937745db) Importer(2089858483,0ecaa5967403d082aa24f35e1b516d23) Generated GUIDs only implemented for interfaces!
 -> (artifact id: '26dac28323a2fcd6542f75d6e8385a02') in 0.038943 seconds
Number of updated asset objects reloaded before import = 0
Number of asset objects unloaded after import = 3
========================================================================
Received Import Request.
  Time since last request: 0.000025 seconds.
  path: Assets/BayatGames/Free Platform Game Assets/Tiles/2D Tiles ( Update 1.9 )/Spring/256x256/GrassRight.png
  artifactKey: Guid(cd0f98a1b9bcee44896e7f7bb37b6afe) Importer(2089858483,0ecaa5967403d082aa24f35e1b516d23)
Start importing Assets/BayatGames/Free Platform Game Assets/Tiles/2D Tiles ( Update 1.9 )/Spring/256x256/GrassRight.png using Guid(cd0f98a1b9bcee44896e7f7bb37b6afe) Importer(2089858483,0ecaa5967403d082aa24f35e1b516d23) Generated GUIDs only implemented for interfaces!
 -> (artifact id: 'aec63e85a0b03fb0a3a8321067140335') in 0.039941 seconds
Number of updated asset objects reloaded before import = 0
Number of asset objects unloaded after import = 3
========================================================================
Received Import Request.
  Time since last request: 0.000018 seconds.
  path: Assets/BayatGames/Free Platform Game Assets/Tiles/2D Tiles ( Update 1.9 )/Spring/256x256/GrassJoinHillLeft.png
  artifactKey: Guid(cfe4e5f21bb46a441b5fe85fa649b7cd) Importer(2089858483,0ecaa5967403d082aa24f35e1b516d23)
Start importing Assets/BayatGames/Free Platform Game Assets/Tiles/2D Tiles ( Update 1.9 )/Spring/256x256/GrassJoinHillLeft.png using Guid(cfe4e5f21bb46a441b5fe85fa649b7cd) Importer(2089858483,0ecaa5967403d082aa24f35e1b516d23) Generated GUIDs only implemented for interfaces!
 -> (artifact id: 'e74ab7f89f0e1d74df1b1ffdee5425e4') in 0.040322 seconds
Number of updated asset objects reloaded before import = 0
Number of asset objects unloaded after import = 3
========================================================================
Received Import Request.
  Time since last request: 0.000021 seconds.
  path: Assets/BayatGames/Free Platform Game Assets/Tiles/2D Tiles ( Update 1.9 )/Spring/512x512/GrassJoinHillRight.png
  artifactKey: Guid(4cfa5cc8e05c17f49b9925c6f6b03e52) Importer(2089858483,0ecaa5967403d082aa24f35e1b516d23)
Start importing Assets/BayatGames/Free Platform Game Assets/Tiles/2D Tiles ( Update 1.9 )/Spring/512x512/GrassJoinHillRight.png using Guid(4cfa5cc8e05c17f49b9925c6f6b03e52) Importer(2089858483,0ecaa5967403d082aa24f35e1b516d23) Generated GUIDs only implemented for interfaces!
 -> (artifact id: 'e130900b4bfb32f36d682b712f58c290') in 0.043616 seconds
Number of updated asset objects reloaded before import = 0
Number of asset objects unloaded after import = 3
========================================================================
Received Import Request.
  Time since last request: 0.000020 seconds.
  path: Assets/BayatGames/Free Platform Game Assets/Tiles/2D Tiles ( Update 1.9 )/Spring/512x512/GrassJoinHillLeft2.png
  artifactKey: Guid(2b1eed1b2eabc714fbdf60d46138a1d9) Importer(2089858483,0ecaa5967403d082aa24f35e1b516d23)
Start importing Assets/BayatGames/Free Platform Game Assets/Tiles/2D Tiles ( Update 1.9 )/Spring/512x512/GrassJoinHillLeft2.png using Guid(2b1eed1b2eabc714fbdf60d46138a1d9) Importer(2089858483,0ecaa5967403d082aa24f35e1b516d23) Generated GUIDs only implemented for interfaces!
 -> (artifact id: 'eea0e50497f3b790e9065a3627ded1f9') in 0.042856 seconds
Number of updated asset objects reloaded before import = 0
Number of asset objects unloaded after import = 3
========================================================================
Received Import Request.
  Time since last request: 0.000016 seconds.
  path: Assets/BayatGames/Free Platform Game Assets/Tiles/2D Tiles ( Update 1.9 )/Spring/512x512/GrassHillRight.png
  artifactKey: Guid(0309b004b821e8f488c5e6833d7595d7) Importer(2089858483,0ecaa5967403d082aa24f35e1b516d23)
Start importing Assets/BayatGames/Free Platform Game Assets/Tiles/2D Tiles ( Update 1.9 )/Spring/512x512/GrassHillRight.png using Guid(0309b004b821e8f488c5e6833d7595d7) Importer(2089858483,0ecaa5967403d082aa24f35e1b516d23) Generated GUIDs only implemented for interfaces!
 -> (artifact id: '7db648d76dc073e38781822924348e7b') in 0.044423 seconds
Number of updated asset objects reloaded before import = 0
Number of asset objects unloaded after import = 3
========================================================================
Received Import Request.
  Time since last request: 0.000021 seconds.
  path: Assets/BayatGames/Free Platform Game Assets/Tiles/2D Tiles ( Update 1.9 )/Spring/256x256/GrassJoinHillRight2&Left2 DownShadow.png
  artifactKey: Guid(e0889321147b6ef4b81402f1942265c6) Importer(2089858483,0ecaa5967403d082aa24f35e1b516d23)
Start importing Assets/BayatGames/Free Platform Game Assets/Tiles/2D Tiles ( Update 1.9 )/Spring/256x256/GrassJoinHillRight2&Left2 DownShadow.png using Guid(e0889321147b6ef4b81402f1942265c6) Importer(2089858483,0ecaa5967403d082aa24f35e1b516d23) Generated GUIDs only implemented for interfaces!
 -> (artifact id: '4ebb7e93cfb8550adf6cbae7a8e7b329') in 0.045877 seconds
Number of updated asset objects reloaded before import = 0
Number of asset objects unloaded after import = 3
========================================================================
Received Import Request.
  Time since last request: 0.000033 seconds.
  path: Assets/BayatGames/Free Platform Game Assets/Tiles/2D Tiles ( Update 1.9 )/Spring/256x256/GrassJoinHillLeft2.png
  artifactKey: Guid(6abc9dad9a9b7814dab6ea164a88d084) Importer(2089858483,0ecaa5967403d082aa24f35e1b516d23)
Start importing Assets/BayatGames/Free Platform Game Assets/Tiles/2D Tiles ( Update 1.9 )/Spring/256x256/GrassJoinHillLeft2.png using Guid(6abc9dad9a9b7814dab6ea164a88d084) Importer(2089858483,0ecaa5967403d082aa24f35e1b516d23) Generated GUIDs only implemented for interfaces!
 -> (artifact id: 'e61d17e344647b35764090cf29bb99bc') in 0.044858 seconds
Number of updated asset objects reloaded before import = 0
Number of asset objects unloaded after import = 3
========================================================================
Received Import Request.
  Time since last request: 0.000018 seconds.
  path: Assets/BayatGames/Free Platform Game Assets/Tiles/2D Tiles ( Update 1.9 )/Spring/512x512/GrassCliffMid.png
  artifactKey: Guid(7a24f3066187aeb4bb2b7d3024a672bf) Importer(2089858483,0ecaa5967403d082aa24f35e1b516d23)
Start importing Assets/BayatGames/Free Platform Game Assets/Tiles/2D Tiles ( Update 1.9 )/Spring/512x512/GrassCliffMid.png using Guid(7a24f3066187aeb4bb2b7d3024a672bf) Importer(2089858483,0ecaa5967403d082aa24f35e1b516d23) Generated GUIDs only implemented for interfaces!
 -> (artifact id: 'a5d83ba3a6b9c154c7a1358e37a3a1de') in 0.036002 seconds
Number of updated asset objects reloaded before import = 0
Number of asset objects unloaded after import = 3
========================================================================
Received Import Request.
  Time since last request: 0.000023 seconds.
  path: Assets/BayatGames/Free Platform Game Assets/Tiles/2D Tiles ( Update 1.9 )/Spring/512x512/GrassHillLeft.png
  artifactKey: Guid(65464371f54811e4a83bd0a7586ac814) Importer(2089858483,0ecaa5967403d082aa24f35e1b516d23)
Start importing Assets/BayatGames/Free Platform Game Assets/Tiles/2D Tiles ( Update 1.9 )/Spring/512x512/GrassHillLeft.png using Guid(65464371f54811e4a83bd0a7586ac814) Importer(2089858483,0ecaa5967403d082aa24f35e1b516d23) Generated GUIDs only implemented for interfaces!
 -> (artifact id: 'be81e8c09d8c7877d2033bc17e2f61e7') in 0.046144 seconds
Number of updated asset objects reloaded before import = 0
Number of asset objects unloaded after import = 3
========================================================================
Received Import Request.
  Time since last request: 0.000022 seconds.
  path: Assets/BayatGames/Free Platform Game Assets/Tiles/2D Tiles ( Update 1.9 )/Spring/256x256/GrassJoinHillRight2&Left2.png
  artifactKey: Guid(abc819e191dd6ff48b3f3883b97c7247) Importer(2089858483,0ecaa5967403d082aa24f35e1b516d23)
Start importing Assets/BayatGames/Free Platform Game Assets/Tiles/2D Tiles ( Update 1.9 )/Spring/256x256/GrassJoinHillRight2&Left2.png using Guid(abc819e191dd6ff48b3f3883b97c7247) Importer(2089858483,0ecaa5967403d082aa24f35e1b516d23) Generated GUIDs only implemented for interfaces!
 -> (artifact id: '037f51afba4af1f809161669266adf70') in 0.051549 seconds
Number of updated asset objects reloaded before import = 0
Number of asset objects unloaded after import = 3
========================================================================
Received Import Request.
  Time since last request: 0.000017 seconds.
  path: Assets/BayatGames/Free Platform Game Assets/Tiles/2D Tiles ( Update 1.9 )/Spring/512x512/GrassJoinHillRight2&Left2 DownShadow.png
  artifactKey: Guid(3063ecdfe31430347916848748a320fe) Importer(2089858483,0ecaa5967403d082aa24f35e1b516d23)
Start importing Assets/BayatGames/Free Platform Game Assets/Tiles/2D Tiles ( Update 1.9 )/Spring/512x512/GrassJoinHillRight2&Left2 DownShadow.png using Guid(3063ecdfe31430347916848748a320fe) Importer(2089858483,0ecaa5967403d082aa24f35e1b516d23) Generated GUIDs only implemented for interfaces!
 -> (artifact id: 'e258c1904b63202cebfd19360d48ff95') in 0.049791 seconds
Number of updated asset objects reloaded before import = 0
Number of asset objects unloaded after import = 3
========================================================================
Received Import Request.
  Time since last request: 0.000022 seconds.
  path: Assets/BayatGames/Free Platform Game Assets/Tiles/2D Tiles ( Update 1.9 )/Spring/512x512/GrassHillRight2.png
  artifactKey: Guid(33e1c8f6c8dc7334ba153cf996998b74) Importer(2089858483,0ecaa5967403d082aa24f35e1b516d23)
Start importing Assets/BayatGames/Free Platform Game Assets/Tiles/2D Tiles ( Update 1.9 )/Spring/512x512/GrassHillRight2.png using Guid(33e1c8f6c8dc7334ba153cf996998b74) Importer(2089858483,0ecaa5967403d082aa24f35e1b516d23) Generated GUIDs only implemented for interfaces!
 -> (artifact id: 'b942666335094c6e75ed66dac90ee802') in 0.045784 seconds
Number of updated asset objects reloaded before import = 0
Number of asset objects unloaded after import = 3
========================================================================
Received Import Request.
  Time since last request: 0.000026 seconds.
  path: Assets/BayatGames/Free Platform Game Assets/Tiles/2D Tiles ( Update 1.9 )/Spring/512x512/GrassHillRight2 DownShadow.png
  artifactKey: Guid(0a6568a3c44837a40aabdbb3d0d1d0be) Importer(2089858483,0ecaa5967403d082aa24f35e1b516d23)
Start importing Assets/BayatGames/Free Platform Game Assets/Tiles/2D Tiles ( Update 1.9 )/Spring/512x512/GrassHillRight2 DownShadow.png using Guid(0a6568a3c44837a40aabdbb3d0d1d0be) Importer(2089858483,0ecaa5967403d082aa24f35e1b516d23) Generated GUIDs only implemented for interfaces!
 -> (artifact id: 'c866aa074f7563ee36d03c147a337452') in 0.045219 seconds
Number of updated asset objects reloaded before import = 0
Number of asset objects unloaded after import = 3
========================================================================
Received Import Request.
  Time since last request: 0.000024 seconds.
  path: Assets/BayatGames/Free Platform Game Assets/Tiles/2D Tiles ( Update 1.9 )/Spring/256x256/GrassJoinHillLeft2 DownShadow.png
  artifactKey: Guid(59c87abf501fa4647ae33e5dc7c36c94) Importer(2089858483,0ecaa5967403d082aa24f35e1b516d23)
Start importing Assets/BayatGames/Free Platform Game Assets/Tiles/2D Tiles ( Update 1.9 )/Spring/256x256/GrassJoinHillLeft2 DownShadow.png using Guid(59c87abf501fa4647ae33e5dc7c36c94) Importer(2089858483,0ecaa5967403d082aa24f35e1b516d23) Generated GUIDs only implemented for interfaces!
 -> (artifact id: '1257fdbd8f7d72755c1da69c823492c0') in 0.042776 seconds
Number of updated asset objects reloaded before import = 0
Number of asset objects unloaded after import = 3
========================================================================
Received Import Request.
  Time since last request: 0.000017 seconds.
  path: Assets/BayatGames/Free Platform Game Assets/Tiles/2D Tiles ( Update 1.9 )/Spring/512x512/GrassLeft.png
  artifactKey: Guid(fdb4ae36eb7e50447842d13941586854) Importer(2089858483,0ecaa5967403d082aa24f35e1b516d23)
Start importing Assets/BayatGames/Free Platform Game Assets/Tiles/2D Tiles ( Update 1.9 )/Spring/512x512/GrassLeft.png using Guid(fdb4ae36eb7e50447842d13941586854) Importer(2089858483,0ecaa5967403d082aa24f35e1b516d23) Generated GUIDs only implemented for interfaces!
 -> (artifact id: '4accd6620ec6e515043874bb3d05fb77') in 0.048135 seconds
Number of updated asset objects reloaded before import = 0
Number of asset objects unloaded after import = 3
========================================================================
Received Import Request.
  Time since last request: 0.000017 seconds.
  path: Assets/BayatGames/Free Platform Game Assets/Tiles/2D Tiles ( Update 1.9 )/Winter/128x128/GrassJoinHillRight2&Left2.png
  artifactKey: Guid(f7fa516852944a14aabdaaa219c1bc39) Importer(2089858483,0ecaa5967403d082aa24f35e1b516d23)
Start importing Assets/BayatGames/Free Platform Game Assets/Tiles/2D Tiles ( Update 1.9 )/Winter/128x128/GrassJoinHillRight2&Left2.png using Guid(f7fa516852944a14aabdaaa219c1bc39) Importer(2089858483,0ecaa5967403d082aa24f35e1b516d23) Generated GUIDs only implemented for interfaces!
 -> (artifact id: 'd945c527502b8359321c554fdc751f6a') in 0.046327 seconds
Number of updated asset objects reloaded before import = 0
Number of asset objects unloaded after import = 3
========================================================================
Received Import Request.
  Time since last request: 0.000018 seconds.
  path: Assets/BayatGames/Free Platform Game Assets/Tiles/2D Tiles ( Update 1.9 )/Winter/128x128/GrassJoinHillRight2&Left2 DownShadow.png
  artifactKey: Guid(38c42ef76075ec44f904b4d8f1492ca9) Importer(2089858483,0ecaa5967403d082aa24f35e1b516d23)
Start importing Assets/BayatGames/Free Platform Game Assets/Tiles/2D Tiles ( Update 1.9 )/Winter/128x128/GrassJoinHillRight2&Left2 DownShadow.png using Guid(38c42ef76075ec44f904b4d8f1492ca9) Importer(2089858483,0ecaa5967403d082aa24f35e1b516d23) Generated GUIDs only implemented for interfaces!
 -> (artifact id: '09d48ad3e82dd05499018a3f27d7eef2') in 0.044455 seconds
Number of updated asset objects reloaded before import = 0
Number of asset objects unloaded after import = 3
========================================================================
Received Import Request.
  Time since last request: 0.000025 seconds.
  path: Assets/BayatGames/Free Platform Game Assets/Tiles/2D Tiles ( Update 1.9 )/Winter/128x128/GrassJoinHillRight2.png
  artifactKey: Guid(0175dd202aba8a9418fed5103ad30a4e) Importer(2089858483,0ecaa5967403d082aa24f35e1b516d23)
Start importing Assets/BayatGames/Free Platform Game Assets/Tiles/2D Tiles ( Update 1.9 )/Winter/128x128/GrassJoinHillRight2.png using Guid(0175dd202aba8a9418fed5103ad30a4e) Importer(2089858483,0ecaa5967403d082aa24f35e1b516d23) Generated GUIDs only implemented for interfaces!
 -> (artifact id: '844c34f6e0a4f95ac98a167d9936e0e2') in 0.047938 seconds
Number of updated asset objects reloaded before import = 0
Number of asset objects unloaded after import = 3
========================================================================
Received Import Request.
  Time since last request: 0.000026 seconds.
  path: Assets/BayatGames/Free Platform Game Assets/Tiles/2D Tiles ( Update 1.9 )/Winter/128x128/GrassLeft.png
  artifactKey: Guid(046fe8605027eb746a7712a2ccac8a42) Importer(2089858483,0ecaa5967403d082aa24f35e1b516d23)
Start importing Assets/BayatGames/Free Platform Game Assets/Tiles/2D Tiles ( Update 1.9 )/Winter/128x128/GrassLeft.png using Guid(046fe8605027eb746a7712a2ccac8a42) Importer(2089858483,0ecaa5967403d082aa24f35e1b516d23) Generated GUIDs only implemented for interfaces!
 -> (artifact id: 'd1a10f226bca0a09832137f4d618d20a') in 0.043377 seconds
Number of updated asset objects reloaded before import = 0
Number of asset objects unloaded after import = 3
========================================================================
Received Import Request.
  Time since last request: 0.000021 seconds.
  path: Assets/BayatGames/Free Platform Game Assets/Tiles/2D Tiles ( Update 1.9 )/Winter/128x128/GrassHillRight2 DownShadow.png
  artifactKey: Guid(013df25da8c3a244f876e4a5ac199a74) Importer(2089858483,0ecaa5967403d082aa24f35e1b516d23)
Start importing Assets/BayatGames/Free Platform Game Assets/Tiles/2D Tiles ( Update 1.9 )/Winter/128x128/GrassHillRight2 DownShadow.png using Guid(013df25da8c3a244f876e4a5ac199a74) Importer(2089858483,0ecaa5967403d082aa24f35e1b516d23) Generated GUIDs only implemented for interfaces!
 -> (artifact id: 'f35ea37a44daedcb438cdcaf5c060e40') in 0.049895 seconds
Number of updated asset objects reloaded before import = 0
Number of asset objects unloaded after import = 3
========================================================================
Received Import Request.
  Time since last request: 0.000198 seconds.
  path: Assets/BayatGames/Free Platform Game Assets/Tiles/2D Tiles ( Update 1.9 )/Winter/128x128/GrassMid.png
  artifactKey: Guid(fe0fe98834797cf4ca370bafb3405623) Importer(2089858483,0ecaa5967403d082aa24f35e1b516d23)
Start importing Assets/BayatGames/Free Platform Game Assets/Tiles/2D Tiles ( Update 1.9 )/Winter/128x128/GrassMid.png using Guid(fe0fe98834797cf4ca370bafb3405623) Importer(2089858483,0ecaa5967403d082aa24f35e1b516d23) Generated GUIDs only implemented for interfaces!
 -> (artifact id: '4b5fa7b605c098b2bbb44a15e3baabe3') in 0.041091 seconds
Number of updated asset objects reloaded before import = 0
Number of asset objects unloaded after import = 3
========================================================================
Received Import Request.
  Time since last request: 0.000018 seconds.
  path: Assets/BayatGames/Free Platform Game Assets/Tiles/2D Tiles ( Update 1.9 )/Spring/512x512/GrassJoinHillRight2.png
  artifactKey: Guid(c2b907e7f225cab408a7186a47242495) Importer(2089858483,0ecaa5967403d082aa24f35e1b516d23)
Start importing Assets/BayatGames/Free Platform Game Assets/Tiles/2D Tiles ( Update 1.9 )/Spring/512x512/GrassJoinHillRight2.png using Guid(c2b907e7f225cab408a7186a47242495) Importer(2089858483,0ecaa5967403d082aa24f35e1b516d23) Generated GUIDs only implemented for interfaces!
 -> (artifact id: 'aa32d2dfe50600fbcb20b7379519f4f8') in 0.048706 seconds
Number of updated asset objects reloaded before import = 0
Number of asset objects unloaded after import = 3
========================================================================
Received Import Request.
  Time since last request: 0.000024 seconds.
  path: Assets/BayatGames/Free Platform Game Assets/Tiles/2D Tiles ( Update 1.9 )/Winter/256x256/Grass.png
  artifactKey: Guid(5a674df941b0a2b4893d670cbdf35145) Importer(2089858483,0ecaa5967403d082aa24f35e1b516d23)
Start importing Assets/BayatGames/Free Platform Game Assets/Tiles/2D Tiles ( Update 1.9 )/Winter/256x256/Grass.png using Guid(5a674df941b0a2b4893d670cbdf35145) Importer(2089858483,0ecaa5967403d082aa24f35e1b516d23) Generated GUIDs only implemented for interfaces!
 -> (artifact id: '58b953c2007a20884ba8669b1133cfae') in 0.045293 seconds
Number of updated asset objects reloaded before import = 0
Number of asset objects unloaded after import = 3
========================================================================
Received Import Request.
  Time since last request: 0.000024 seconds.
  path: Assets/BayatGames/Free Platform Game Assets/Tiles/2D Tiles ( Update 1.9 )/Winter/128x128/GrassRight.png
  artifactKey: Guid(cb04c576440da8048a313fe3e4a5bf82) Importer(2089858483,0ecaa5967403d082aa24f35e1b516d23)
Start importing Assets/BayatGames/Free Platform Game Assets/Tiles/2D Tiles ( Update 1.9 )/Winter/128x128/GrassRight.png using Guid(cb04c576440da8048a313fe3e4a5bf82) Importer(2089858483,0ecaa5967403d082aa24f35e1b516d23) Generated GUIDs only implemented for interfaces!
 -> (artifact id: '77bbbf1d87febbc00c49a0896f05dd82') in 0.040209 seconds
Number of updated asset objects reloaded before import = 0
Number of asset objects unloaded after import = 3
========================================================================
Received Import Request.
  Time since last request: 0.000030 seconds.
  path: Assets/BayatGames/Free Platform Game Assets/Tiles/2D Tiles ( Update 1.9 )/Winter/128x128/GrassCliffMid.png
  artifactKey: Guid(45264ae7e399698499de2f85497835e2) Importer(2089858483,0ecaa5967403d082aa24f35e1b516d23)
Start importing Assets/BayatGames/Free Platform Game Assets/Tiles/2D Tiles ( Update 1.9 )/Winter/128x128/GrassCliffMid.png using Guid(45264ae7e399698499de2f85497835e2) Importer(2089858483,0ecaa5967403d082aa24f35e1b516d23) Generated GUIDs only implemented for interfaces!
 -> (artifact id: 'e24129fab4db002020fef78ffff7cb32') in 0.041065 seconds
Number of updated asset objects reloaded before import = 0
Number of asset objects unloaded after import = 3
========================================================================
Received Import Request.
  Time since last request: 0.000026 seconds.
  path: Assets/BayatGames/Free Platform Game Assets/Tiles/2D Tiles ( Update 1.9 )/Spring/512x512/GrassMid.png
  artifactKey: Guid(d51dc24fb76e034449203ada02df7950) Importer(2089858483,0ecaa5967403d082aa24f35e1b516d23)
Start importing Assets/BayatGames/Free Platform Game Assets/Tiles/2D Tiles ( Update 1.9 )/Spring/512x512/GrassMid.png using Guid(d51dc24fb76e034449203ada02df7950) Importer(2089858483,0ecaa5967403d082aa24f35e1b516d23) Generated GUIDs only implemented for interfaces!
 -> (artifact id: 'a9206c1284c0b6c881e34b3728107c00') in 0.044587 seconds
Number of updated asset objects reloaded before import = 0
Number of asset objects unloaded after import = 3
========================================================================
Received Import Request.
  Time since last request: 0.000016 seconds.
  path: Assets/BayatGames/Free Platform Game Assets/Tiles/2D Tiles ( Update 1.9 )/Winter/128x128/GrassJoinHillRight.png
  artifactKey: Guid(c903e3a777d18044ea06b07ee592fa33) Importer(2089858483,0ecaa5967403d082aa24f35e1b516d23)
Start importing Assets/BayatGames/Free Platform Game Assets/Tiles/2D Tiles ( Update 1.9 )/Winter/128x128/GrassJoinHillRight.png using Guid(c903e3a777d18044ea06b07ee592fa33) Importer(2089858483,0ecaa5967403d082aa24f35e1b516d23) Generated GUIDs only implemented for interfaces!
 -> (artifact id: '608d3688b6a6bf955cbd057ba6ce414e') in 0.043190 seconds
Number of updated asset objects reloaded before import = 0
Number of asset objects unloaded after import = 3
========================================================================
Received Import Request.
  Time since last request: 0.000017 seconds.
  path: Assets/BayatGames/Free Platform Game Assets/Tiles/2D Tiles ( Update 1.9 )/Spring/512x512/GrassRight.png
  artifactKey: Guid(2ad8cca6891ea674ebe8fe6194017093) Importer(2089858483,0ecaa5967403d082aa24f35e1b516d23)
Start importing Assets/BayatGames/Free Platform Game Assets/Tiles/2D Tiles ( Update 1.9 )/Spring/512x512/GrassRight.png using Guid(2ad8cca6891ea674ebe8fe6194017093) Importer(2089858483,0ecaa5967403d082aa24f35e1b516d23) Generated GUIDs only implemented for interfaces!
 -> (artifact id: '29ff51f3776cdacb0d73cbe5c9ce75f7') in 0.048779 seconds
Number of updated asset objects reloaded before import = 0
Number of asset objects unloaded after import = 3
========================================================================
Received Import Request.
  Time since last request: 0.000018 seconds.
  path: Assets/BayatGames/Free Platform Game Assets/Tiles/2D Tiles ( Update 1.9 )/Winter/256x256/GrassColumn.png
  artifactKey: Guid(f52e1bbca4740b14bbcf4e35fcd558de) Importer(2089858483,0ecaa5967403d082aa24f35e1b516d23)
Start importing Assets/BayatGames/Free Platform Game Assets/Tiles/2D Tiles ( Update 1.9 )/Winter/256x256/GrassColumn.png using Guid(f52e1bbca4740b14bbcf4e35fcd558de) Importer(2089858483,0ecaa5967403d082aa24f35e1b516d23) Generated GUIDs only implemented for interfaces!
 -> (artifact id: '6323c682e0cf9374fa9e1d6e428266ee') in 0.041366 seconds
Number of updated asset objects reloaded before import = 0
Number of asset objects unloaded after import = 3
========================================================================
Received Import Request.
  Time since last request: 0.000021 seconds.
  path: Assets/BayatGames/Free Platform Game Assets/Tiles/2D Tiles ( Update 1.9 )/Winter/256x256/GrassHillLeft2.png
  artifactKey: Guid(e4e1d0ba90a912c4eb082eb9faf03604) Importer(2089858483,0ecaa5967403d082aa24f35e1b516d23)
Start importing Assets/BayatGames/Free Platform Game Assets/Tiles/2D Tiles ( Update 1.9 )/Winter/256x256/GrassHillLeft2.png using Guid(e4e1d0ba90a912c4eb082eb9faf03604) Importer(2089858483,0ecaa5967403d082aa24f35e1b516d23) Generated GUIDs only implemented for interfaces!
 -> (artifact id: 'e958659def8bfdf3a265108eb545d4df') in 0.044390 seconds
Number of updated asset objects reloaded before import = 0
Number of asset objects unloaded after import = 3
========================================================================
Received Import Request.
  Time since last request: 0.000027 seconds.
  path: Assets/BayatGames/Free Platform Game Assets/Tiles/2D Tiles ( Update 1.9 )/Winter/512x512/GrassCliffLeft.png
  artifactKey: Guid(d8b421d5028ae0a4ab42068af1b3d2d2) Importer(2089858483,0ecaa5967403d082aa24f35e1b516d23)
Start importing Assets/BayatGames/Free Platform Game Assets/Tiles/2D Tiles ( Update 1.9 )/Winter/512x512/GrassCliffLeft.png using Guid(d8b421d5028ae0a4ab42068af1b3d2d2) Importer(2089858483,0ecaa5967403d082aa24f35e1b516d23) Generated GUIDs only implemented for interfaces!
 -> (artifact id: '63ca53b94199a9198dd282ffd040e11f') in 0.034077 seconds
Number of updated asset objects reloaded before import = 0
Number of asset objects unloaded after import = 3
========================================================================
Received Import Request.
  Time since last request: 0.000022 seconds.
  path: Assets/BayatGames/Free Platform Game Assets/Tiles/2D Tiles ( Update 1.9 )/Winter/256x256/GrassJoinHillRight2&Left2 DownShadow.png
  artifactKey: Guid(c238d9e29c482414ab08efe169f4e0a6) Importer(2089858483,0ecaa5967403d082aa24f35e1b516d23)
Start importing Assets/BayatGames/Free Platform Game Assets/Tiles/2D Tiles ( Update 1.9 )/Winter/256x256/GrassJoinHillRight2&Left2 DownShadow.png using Guid(c238d9e29c482414ab08efe169f4e0a6) Importer(2089858483,0ecaa5967403d082aa24f35e1b516d23) Generated GUIDs only implemented for interfaces!
 -> (artifact id: '943b950f43d0376760ce7f7fb6c7e43c') in 0.042454 seconds
Number of updated asset objects reloaded before import = 0
Number of asset objects unloaded after import = 3
========================================================================
Received Import Request.
  Time since last request: 0.000018 seconds.
  path: Assets/BayatGames/Free Platform Game Assets/Tiles/2D Tiles ( Update 1.9 )/Winter/256x256/GrassCliffLeft.png
  artifactKey: Guid(4e3170c962aff9145bc3344632d31344) Importer(2089858483,0ecaa5967403d082aa24f35e1b516d23)
Start importing Assets/BayatGames/Free Platform Game Assets/Tiles/2D Tiles ( Update 1.9 )/Winter/256x256/GrassCliffLeft.png using Guid(4e3170c962aff9145bc3344632d31344) Importer(2089858483,0ecaa5967403d082aa24f35e1b516d23) Generated GUIDs only implemented for interfaces!
 -> (artifact id: '0519950c2823e131b7d1c22315d0a96a') in 0.042658 seconds
Number of updated asset objects reloaded before import = 0
Number of asset objects unloaded after import = 3
========================================================================
Received Import Request.
  Time since last request: 0.000024 seconds.
  path: Assets/BayatGames/Free Platform Game Assets/Tiles/2D Tiles ( Update 1.9 )/Winter/256x256/GrassJoinHillLeft.png
  artifactKey: Guid(9997f7b321576fb44aafecaea9b52d88) Importer(2089858483,0ecaa5967403d082aa24f35e1b516d23)
Start importing Assets/BayatGames/Free Platform Game Assets/Tiles/2D Tiles ( Update 1.9 )/Winter/256x256/GrassJoinHillLeft.png using Guid(9997f7b321576fb44aafecaea9b52d88) Importer(2089858483,0ecaa5967403d082aa24f35e1b516d23) Generated GUIDs only implemented for interfaces!
 -> (artifact id: 'c06ce7fd9c4af827d457586cecc4ad29') in 0.040776 seconds
Number of updated asset objects reloaded before import = 0
Number of asset objects unloaded after import = 3
========================================================================
Received Import Request.
  Time since last request: 0.000024 seconds.
  path: Assets/BayatGames/Free Platform Game Assets/Tiles/2D Tiles ( Update 1.9 )/Winter/512x512/GrassColumn.png
  artifactKey: Guid(a6dbf81ffcb791447836dcaba1b1f603) Importer(2089858483,0ecaa5967403d082aa24f35e1b516d23)
Start importing Assets/BayatGames/Free Platform Game Assets/Tiles/2D Tiles ( Update 1.9 )/Winter/512x512/GrassColumn.png using Guid(a6dbf81ffcb791447836dcaba1b1f603) Importer(2089858483,0ecaa5967403d082aa24f35e1b516d23) Generated GUIDs only implemented for interfaces!
 -> (artifact id: 'b61502f67406429bb84c999e033595ab') in 0.042787 seconds
Number of updated asset objects reloaded before import = 0
Number of asset objects unloaded after import = 3
========================================================================
Received Import Request.
  Time since last request: 0.000022 seconds.
  path: Assets/BayatGames/Free Platform Game Assets/Tiles/2D Tiles ( Update 1.9 )/Winter/256x256/GrassHillRight2 DownShadow.png
  artifactKey: Guid(789f3d9cbca53b647a3cc33b4dbf1b08) Importer(2089858483,0ecaa5967403d082aa24f35e1b516d23)
Start importing Assets/BayatGames/Free Platform Game Assets/Tiles/2D Tiles ( Update 1.9 )/Winter/256x256/GrassHillRight2 DownShadow.png using Guid(789f3d9cbca53b647a3cc33b4dbf1b08) Importer(2089858483,0ecaa5967403d082aa24f35e1b516d23) Generated GUIDs only implemented for interfaces!
 -> (artifact id: '8e507ff4a26bbe754de97f2e996900df') in 0.045976 seconds
Number of updated asset objects reloaded before import = 0
Number of asset objects unloaded after import = 3
========================================================================
Received Import Request.
  Time since last request: 0.000029 seconds.
  path: Assets/BayatGames/Free Platform Game Assets/Tiles/2D Tiles ( Update 1.9 )/Winter/512x512/Grass.png
  artifactKey: Guid(a50c02fd9bd8995489907357331e744d) Importer(2089858483,0ecaa5967403d082aa24f35e1b516d23)
Start importing Assets/BayatGames/Free Platform Game Assets/Tiles/2D Tiles ( Update 1.9 )/Winter/512x512/Grass.png using Guid(a50c02fd9bd8995489907357331e744d) Importer(2089858483,0ecaa5967403d082aa24f35e1b516d23) Generated GUIDs only implemented for interfaces!
 -> (artifact id: '917379ac296a31fe7ccbb5a6a34c06ee') in 0.037156 seconds
Number of updated asset objects reloaded before import = 0
Number of asset objects unloaded after import = 3
========================================================================
Received Import Request.
  Time since last request: 0.000017 seconds.
  path: Assets/BayatGames/Free Platform Game Assets/Tiles/2D Tiles ( Update 1.9 )/Winter/256x256/GrassJoinHillRight2 DownShadow.png
  artifactKey: Guid(55f1cd1e35576f24bb513cb164e4f22a) Importer(2089858483,0ecaa5967403d082aa24f35e1b516d23)
Start importing Assets/BayatGames/Free Platform Game Assets/Tiles/2D Tiles ( Update 1.9 )/Winter/256x256/GrassJoinHillRight2 DownShadow.png using Guid(55f1cd1e35576f24bb513cb164e4f22a) Importer(2089858483,0ecaa5967403d082aa24f35e1b516d23) Generated GUIDs only implemented for interfaces!
 -> (artifact id: '6712829509ad8959cad14613bd10454f') in 0.047295 seconds
Number of updated asset objects reloaded before import = 0
Number of asset objects unloaded after import = 3
========================================================================
Received Import Request.
  Time since last request: 0.000018 seconds.
  path: Assets/BayatGames/Free Platform Game Assets/Tiles/2D Tiles ( Update 1.9 )/Winter/256x256/GrassJoinHillRight2.png
  artifactKey: Guid(07954615f757c154e8242a4df84ec1c9) Importer(2089858483,0ecaa5967403d082aa24f35e1b516d23)
Start importing Assets/BayatGames/Free Platform Game Assets/Tiles/2D Tiles ( Update 1.9 )/Winter/256x256/GrassJoinHillRight2.png using Guid(07954615f757c154e8242a4df84ec1c9) Importer(2089858483,0ecaa5967403d082aa24f35e1b516d23) Generated GUIDs only implemented for interfaces!
 -> (artifact id: '1d07db6a11ca80d30dd11b72e57279ef') in 0.043407 seconds
Number of updated asset objects reloaded before import = 0
Number of asset objects unloaded after import = 3
========================================================================
Received Import Request.
  Time since last request: 0.000018 seconds.
  path: Assets/BayatGames/Free Platform Game Assets/Tiles/2D Tiles ( Update 1.9 )/Winter/256x256/GrassCliffRight.png
  artifactKey: Guid(11e4795a82519d646a6d515430da3532) Importer(2089858483,0ecaa5967403d082aa24f35e1b516d23)
Start importing Assets/BayatGames/Free Platform Game Assets/Tiles/2D Tiles ( Update 1.9 )/Winter/256x256/GrassCliffRight.png using Guid(11e4795a82519d646a6d515430da3532) Importer(2089858483,0ecaa5967403d082aa24f35e1b516d23) Generated GUIDs only implemented for interfaces!
 -> (artifact id: 'e27cf56fcdc72852443df071cbf5b174') in 0.048381 seconds
Number of updated asset objects reloaded before import = 0
Number of asset objects unloaded after import = 3
========================================================================
Received Import Request.
  Time since last request: 0.000021 seconds.
  path: Assets/BayatGames/Free Platform Game Assets/Tiles/2D Tiles ( Update 1.9 )/Winter/256x256/GrassLeft.png
  artifactKey: Guid(7de2fd2c4d6233145bcdca52e5a4d9c9) Importer(2089858483,0ecaa5967403d082aa24f35e1b516d23)
Start importing Assets/BayatGames/Free Platform Game Assets/Tiles/2D Tiles ( Update 1.9 )/Winter/256x256/GrassLeft.png using Guid(7de2fd2c4d6233145bcdca52e5a4d9c9) Importer(2089858483,0ecaa5967403d082aa24f35e1b516d23) Generated GUIDs only implemented for interfaces!
 -> (artifact id: '1b4152436ee207c43d3fb10daf84fbfe') in 0.047477 seconds
Number of updated asset objects reloaded before import = 0
Number of asset objects unloaded after import = 3
========================================================================
Received Import Request.
  Time since last request: 0.000019 seconds.
  path: Assets/BayatGames/Free Platform Game Assets/Tiles/2D Tiles ( Update 1.9 )/Winter/512x512/GrassHillRight2 DownShadow.png
  artifactKey: Guid(1a2ffddc7bb742649a794bb1b55fb9b9) Importer(2089858483,0ecaa5967403d082aa24f35e1b516d23)
Start importing Assets/BayatGames/Free Platform Game Assets/Tiles/2D Tiles ( Update 1.9 )/Winter/512x512/GrassHillRight2 DownShadow.png using Guid(1a2ffddc7bb742649a794bb1b55fb9b9) Importer(2089858483,0ecaa5967403d082aa24f35e1b516d23) Generated GUIDs only implemented for interfaces!
 -> (artifact id: '0995271b8149a6f758dfecd1e0653798') in 0.048201 seconds
Number of updated asset objects reloaded before import = 0
Number of asset objects unloaded after import = 3
========================================================================
Received Import Request.
  Time since last request: 0.000034 seconds.
  path: Assets/BayatGames/Free Platform Game Assets/Tiles/2D Tiles ( Update 1.9 )/Winter/512x512/GrassHillLeft2.png
  artifactKey: Guid(fe7fd6c782623c9488f3798d8ee97903) Importer(2089858483,0ecaa5967403d082aa24f35e1b516d23)
Start importing Assets/BayatGames/Free Platform Game Assets/Tiles/2D Tiles ( Update 1.9 )/Winter/512x512/GrassHillLeft2.png using Guid(fe7fd6c782623c9488f3798d8ee97903) Importer(2089858483,0ecaa5967403d082aa24f35e1b516d23) Generated GUIDs only implemented for interfaces!
 -> (artifact id: '8cd66dadb41852e15eb3f29539642f2a') in 0.038113 seconds
Number of updated asset objects reloaded before import = 0
Number of asset objects unloaded after import = 3
========================================================================
Received Import Request.
  Time since last request: 0.000020 seconds.
  path: Assets/BayatGames/Free Platform Game Assets/Tiles/2D Tiles ( Update 1.9 )/Winter/512x512/GrassMid.png
  artifactKey: Guid(97f55587e72b8b449bc47bdb9cbd0e7b) Importer(2089858483,0ecaa5967403d082aa24f35e1b516d23)
Start importing Assets/BayatGames/Free Platform Game Assets/Tiles/2D Tiles ( Update 1.9 )/Winter/512x512/GrassMid.png using Guid(97f55587e72b8b449bc47bdb9cbd0e7b) Importer(2089858483,0ecaa5967403d082aa24f35e1b516d23) Generated GUIDs only implemented for interfaces!
 -> (artifact id: '5efcdc65644dd5922c000d6a362dda9b') in 0.050110 seconds
Number of updated asset objects reloaded before import = 0
Number of asset objects unloaded after import = 3
========================================================================
Received Import Request.
  Time since last request: 0.000083 seconds.
  path: Assets/BayatGames/Free Platform Game Assets/Tiles/2D Tiles ( Update 1.9 )/Winter/512x512/GrassJoinHillRight2&Left2.png
  artifactKey: Guid(2a6815aa22ddf824db467d7bab51296f) Importer(2089858483,0ecaa5967403d082aa24f35e1b516d23)
Start importing Assets/BayatGames/Free Platform Game Assets/Tiles/2D Tiles ( Update 1.9 )/Winter/512x512/GrassJoinHillRight2&Left2.png using Guid(2a6815aa22ddf824db467d7bab51296f) Importer(2089858483,0ecaa5967403d082aa24f35e1b516d23) Generated GUIDs only implemented for interfaces!
 -> (artifact id: 'bde5ed56e2237038b4649ec7168bab0a') in 0.047760 seconds
Number of updated asset objects reloaded before import = 0
Number of asset objects unloaded after import = 3
========================================================================
Received Import Request.
  Time since last request: 0.000022 seconds.
  path: Assets/BayatGames/Free Platform Game Assets/Water Animation/2.5D View/png/1x/image 11.png
  artifactKey: Guid(e4c60e2f2f89ac74b9a0726c38578931) Importer(2089858483,0ecaa5967403d082aa24f35e1b516d23)
Start importing Assets/BayatGames/Free Platform Game Assets/Water Animation/2.5D View/png/1x/image 11.png using Guid(e4c60e2f2f89ac74b9a0726c38578931) Importer(2089858483,0ecaa5967403d082aa24f35e1b516d23) Generated GUIDs only implemented for interfaces!
 -> (artifact id: '1a66d89015c2e81ca50c0f3658a50c8f') in 0.040746 seconds
Number of updated asset objects reloaded before import = 0
Number of asset objects unloaded after import = 3
========================================================================
Received Import Request.
  Time since last request: 0.000017 seconds.
  path: Assets/BayatGames/Free Platform Game Assets/Tiles/2D Tiles ( Update 1.9 )/Winter/512x512/GrassJoinHillLeft.png
  artifactKey: Guid(330a2a92fc777c5469a91cfd8d2d8518) Importer(2089858483,0ecaa5967403d082aa24f35e1b516d23)
Start importing Assets/BayatGames/Free Platform Game Assets/Tiles/2D Tiles ( Update 1.9 )/Winter/512x512/GrassJoinHillLeft.png using Guid(330a2a92fc777c5469a91cfd8d2d8518) Importer(2089858483,0ecaa5967403d082aa24f35e1b516d23) Generated GUIDs only implemented for interfaces!
 -> (artifact id: '240ff5166daf8bd1c459986ac5ae5f88') in 0.043611 seconds
Number of updated asset objects reloaded before import = 0
Number of asset objects unloaded after import = 3
========================================================================
Received Import Request.
  Time since last request: 0.000019 seconds.
  path: Assets/BayatGames/Free Platform Game Assets/Tiles/2D Tiles ( Update 1.9 )/Winter/512x512/GrassJoinHillRight&Left.png
  artifactKey: Guid(2980408b5c71ac34bb788f8f0e851080) Importer(2089858483,0ecaa5967403d082aa24f35e1b516d23)
Start importing Assets/BayatGames/Free Platform Game Assets/Tiles/2D Tiles ( Update 1.9 )/Winter/512x512/GrassJoinHillRight&Left.png using Guid(2980408b5c71ac34bb788f8f0e851080) Importer(2089858483,0ecaa5967403d082aa24f35e1b516d23) Generated GUIDs only implemented for interfaces!
 -> (artifact id: '76473742bbaa80e97c29e0fad34f3861') in 0.048902 seconds
Number of updated asset objects reloaded before import = 0
Number of asset objects unloaded after import = 3
========================================================================
Received Import Request.
  Time since last request: 0.000033 seconds.
  path: Assets/BayatGames/Free Platform Game Assets/Water Animation/2.5D View/png/1x/image 17.png
  artifactKey: Guid(2b9c729e026b0514b8dde1680d8a7e90) Importer(2089858483,0ecaa5967403d082aa24f35e1b516d23)
Start importing Assets/BayatGames/Free Platform Game Assets/Water Animation/2.5D View/png/1x/image 17.png using Guid(2b9c729e026b0514b8dde1680d8a7e90) Importer(2089858483,0ecaa5967403d082aa24f35e1b516d23) Generated GUIDs only implemented for interfaces!
 -> (artifact id: '49836c1e9606dd54a2d9f17005988344') in 0.044539 seconds
Number of updated asset objects reloaded before import = 0
Number of asset objects unloaded after import = 3
========================================================================
Received Import Request.
  Time since last request: 0.000025 seconds.
  path: Assets/BayatGames/Free Platform Game Assets/Water Animation/2.5D View/png/1x/image 10.png
  artifactKey: Guid(3c3d0a551bf0a7a459898a395f5dd21c) Importer(2089858483,0ecaa5967403d082aa24f35e1b516d23)
Start importing Assets/BayatGames/Free Platform Game Assets/Water Animation/2.5D View/png/1x/image 10.png using Guid(3c3d0a551bf0a7a459898a395f5dd21c) Importer(2089858483,0ecaa5967403d082aa24f35e1b516d23) Generated GUIDs only implemented for interfaces!
 -> (artifact id: '4557f1185afe324417c192516f80953e') in 0.041332 seconds
Number of updated asset objects reloaded before import = 0
Number of asset objects unloaded after import = 3
========================================================================
Received Import Request.
  Time since last request: 0.000022 seconds.
  path: Assets/BayatGames/Free Platform Game Assets/Tiles/2D Tiles ( Update 1.9 )/Spring/256x256/GrassJoinHillRight2.png
  artifactKey: Guid(788a42c5674b6114ebaeb435f455bef7) Importer(2089858483,0ecaa5967403d082aa24f35e1b516d23)
Start importing Assets/BayatGames/Free Platform Game Assets/Tiles/2D Tiles ( Update 1.9 )/Spring/256x256/GrassJoinHillRight2.png using Guid(788a42c5674b6114ebaeb435f455bef7) Importer(2089858483,0ecaa5967403d082aa24f35e1b516d23) Generated GUIDs only implemented for interfaces!
 -> (artifact id: '3221d9691735256dd7528ef8c10510a1') in 0.044443 seconds
Number of updated asset objects reloaded before import = 0
Number of asset objects unloaded after import = 3
========================================================================
Received Import Request.
  Time since last request: 0.000017 seconds.
  path: Assets/BayatGames/Free Platform Game Assets/Tiles/2D Tiles ( Update 1.9 )/Winter/512x512/GrassJoinHillRight2&Left2 DownShadow.png
  artifactKey: Guid(42583aabc6cbcf444b9f60cc030e60d8) Importer(2089858483,0ecaa5967403d082aa24f35e1b516d23)
Start importing Assets/BayatGames/Free Platform Game Assets/Tiles/2D Tiles ( Update 1.9 )/Winter/512x512/GrassJoinHillRight2&Left2 DownShadow.png using Guid(42583aabc6cbcf444b9f60cc030e60d8) Importer(2089858483,0ecaa5967403d082aa24f35e1b516d23) Generated GUIDs only implemented for interfaces!
 -> (artifact id: '26e68533d6745af39233e079e757c50e') in 0.043583 seconds
Number of updated asset objects reloaded before import = 0
Number of asset objects unloaded after import = 3
========================================================================
Received Import Request.
  Time since last request: 0.000024 seconds.
  path: Assets/BayatGames/Free Platform Game Assets/Water Animation/2.5D View/png/1x/image 14.png
  artifactKey: Guid(94f50ba0351c67440a493a41651cb834) Importer(2089858483,0ecaa5967403d082aa24f35e1b516d23)
Start importing Assets/BayatGames/Free Platform Game Assets/Water Animation/2.5D View/png/1x/image 14.png using Guid(94f50ba0351c67440a493a41651cb834) Importer(2089858483,0ecaa5967403d082aa24f35e1b516d23) Generated GUIDs only implemented for interfaces!
 -> (artifact id: '032d5894c7c9daa20ade5e585bb0ce8e') in 0.039902 seconds
Number of updated asset objects reloaded before import = 0
Number of asset objects unloaded after import = 3
========================================================================
Received Import Request.
  Time since last request: 0.000025 seconds.
  path: Assets/BayatGames/Free Platform Game Assets/Tiles/2D Tiles ( Update 1.9 )/Spring/256x256/GrassJoinHillRight2 DownShadow.png
  artifactKey: Guid(997e20906b83b364a8856dc9ff5ded04) Importer(2089858483,0ecaa5967403d082aa24f35e1b516d23)
Start importing Assets/BayatGames/Free Platform Game Assets/Tiles/2D Tiles ( Update 1.9 )/Spring/256x256/GrassJoinHillRight2 DownShadow.png using Guid(997e20906b83b364a8856dc9ff5ded04) Importer(2089858483,0ecaa5967403d082aa24f35e1b516d23) Generated GUIDs only implemented for interfaces!
 -> (artifact id: '9e76ca6b7f9448bdf34d87fff26e7f92') in 0.041789 seconds
Number of updated asset objects reloaded before import = 0
Number of asset objects unloaded after import = 3
========================================================================
Received Import Request.
  Time since last request: 0.000029 seconds.
  path: Assets/BayatGames/Free Platform Game Assets/Water Animation/2.5D View/png/2x/image 17.png
  artifactKey: Guid(574eba55cee7d30418e65c66da2149c3) Importer(2089858483,0ecaa5967403d082aa24f35e1b516d23)
Start importing Assets/BayatGames/Free Platform Game Assets/Water Animation/2.5D View/png/2x/image 17.png using Guid(574eba55cee7d30418e65c66da2149c3) Importer(2089858483,0ecaa5967403d082aa24f35e1b516d23) Generated GUIDs only implemented for interfaces!
 -> (artifact id: '44ec8c0f43d69093ddb705ea90141fac') in 0.040946 seconds
Number of updated asset objects reloaded before import = 0
Number of asset objects unloaded after import = 3
========================================================================
Received Import Request.
  Time since last request: 0.000028 seconds.
  path: Assets/BayatGames/Free Platform Game Assets/Water Animation/2.5D View/png/2x/image 14.png
  artifactKey: Guid(66f73187e6d70a3438674c592fe0ed16) Importer(2089858483,0ecaa5967403d082aa24f35e1b516d23)
Start importing Assets/BayatGames/Free Platform Game Assets/Water Animation/2.5D View/png/2x/image 14.png using Guid(66f73187e6d70a3438674c592fe0ed16) Importer(2089858483,0ecaa5967403d082aa24f35e1b516d23) Generated GUIDs only implemented for interfaces!
 -> (artifact id: '2c0568927a6e6dea1265012e48649f8b') in 0.046886 seconds
Number of updated asset objects reloaded before import = 0
Number of asset objects unloaded after import = 3
========================================================================
Received Import Request.
  Time since last request: 0.000069 seconds.
  path: Assets/BayatGames/Free Platform Game Assets/Backgrounds/Background/png/1920x1080/All/Sky.png
  artifactKey: Guid(76692b579eb85b94a84a9a139e8231ec) Importer(2089858483,0ecaa5967403d082aa24f35e1b516d23)
Start importing Assets/BayatGames/Free Platform Game Assets/Backgrounds/Background/png/1920x1080/All/Sky.png using Guid(76692b579eb85b94a84a9a139e8231ec) Importer(2089858483,0ecaa5967403d082aa24f35e1b516d23) Generated GUIDs only implemented for interfaces!
 -> (artifact id: '146abcbb2e2efa1a6c28bc51fc412916') in 0.046089 seconds
Number of updated asset objects reloaded before import = 0
Number of asset objects unloaded after import = 3
========================================================================
Received Import Request.
  Time since last request: 0.000025 seconds.
  path: Assets/BayatGames/Free Platform Game Assets/Water Animation/2.5D View/png/2x/image 11.png
  artifactKey: Guid(42768ef040ed66044b5fbb57b5026a46) Importer(2089858483,0ecaa5967403d082aa24f35e1b516d23)
Start importing Assets/BayatGames/Free Platform Game Assets/Water Animation/2.5D View/png/2x/image 11.png using Guid(42768ef040ed66044b5fbb57b5026a46) Importer(2089858483,0ecaa5967403d082aa24f35e1b516d23) Generated GUIDs only implemented for interfaces!
 -> (artifact id: '8cfdfe4363676b8295420ebb593a7124') in 0.045463 seconds
Number of updated asset objects reloaded before import = 0
Number of asset objects unloaded after import = 3
========================================================================
Received Import Request.
  Time since last request: 0.000021 seconds.
  path: Assets/BayatGames/Free Platform Game Assets/Water Animation/2.5D View/png/1x/image 7.png
  artifactKey: Guid(a08e7d5756e97314c8124a7d93d8d748) Importer(2089858483,0ecaa5967403d082aa24f35e1b516d23)
Start importing Assets/BayatGames/Free Platform Game Assets/Water Animation/2.5D View/png/1x/image 7.png using Guid(a08e7d5756e97314c8124a7d93d8d748) Importer(2089858483,0ecaa5967403d082aa24f35e1b516d23) Generated GUIDs only implemented for interfaces!
 -> (artifact id: 'be0470486f6f4563ca944366bfcab3d3') in 0.046999 seconds
Number of updated asset objects reloaded before import = 0
Number of asset objects unloaded after import = 3
========================================================================
Received Import Request.
  Time since last request: 0.000026 seconds.
  path: Assets/BayatGames/Free Platform Game Assets/Water Animation/2.5D View/png/2x/image 4.png
  artifactKey: Guid(57146a11a0d8fbf4091f0bdbe1333133) Importer(2089858483,0ecaa5967403d082aa24f35e1b516d23)
Start importing Assets/BayatGames/Free Platform Game Assets/Water Animation/2.5D View/png/2x/image 4.png using Guid(57146a11a0d8fbf4091f0bdbe1333133) Importer(2089858483,0ecaa5967403d082aa24f35e1b516d23) Generated GUIDs only implemented for interfaces!
 -> (artifact id: '082fc2742ff7d2dd8d6009a7c674cccf') in 0.043957 seconds
Number of updated asset objects reloaded before import = 0
Number of asset objects unloaded after import = 3
========================================================================
Received Import Request.
  Time since last request: 0.000032 seconds.
  path: Assets/BayatGames/Free Platform Game Assets/Backgrounds/Background/png/2048x1536/All/Hills_2.png
  artifactKey: Guid(e0331fe51dc9b3a4f93ba56226a9f527) Importer(2089858483,0ecaa5967403d082aa24f35e1b516d23)
Start importing Assets/BayatGames/Free Platform Game Assets/Backgrounds/Background/png/2048x1536/All/Hills_2.png using Guid(e0331fe51dc9b3a4f93ba56226a9f527) Importer(2089858483,0ecaa5967403d082aa24f35e1b516d23) Generated GUIDs only implemented for interfaces!
 -> (artifact id: '52e743008451a5b3a1eb7b7f3712a639') in 0.056918 seconds
Number of updated asset objects reloaded before import = 0
Number of asset objects unloaded after import = 3
========================================================================
Received Import Request.
  Time since last request: 0.000021 seconds.
  path: Assets/BayatGames/Free Platform Game Assets/Water Animation/2.5D View/png/2x/image 5.png
  artifactKey: Guid(684c3b24ef0bbfa49806f460def9b3bf) Importer(2089858483,0ecaa5967403d082aa24f35e1b516d23)
Start importing Assets/BayatGames/Free Platform Game Assets/Water Animation/2.5D View/png/2x/image 5.png using Guid(684c3b24ef0bbfa49806f460def9b3bf) Importer(2089858483,0ecaa5967403d082aa24f35e1b516d23) Generated GUIDs only implemented for interfaces!
 -> (artifact id: '4a49cc656f2553258ba436b5265920ba') in 0.046170 seconds
Number of updated asset objects reloaded before import = 0
Number of asset objects unloaded after import = 3
========================================================================
Received Import Request.
  Time since last request: 0.000021 seconds.
  path: Assets/BayatGames/Free Platform Game Assets/Water Animation/2.5D View/png/2x/image 10.png
  artifactKey: Guid(82d0546de9ee90748b20523f6d345293) Importer(2089858483,0ecaa5967403d082aa24f35e1b516d23)
Start importing Assets/BayatGames/Free Platform Game Assets/Water Animation/2.5D View/png/2x/image 10.png using Guid(82d0546de9ee90748b20523f6d345293) Importer(2089858483,0ecaa5967403d082aa24f35e1b516d23) Generated GUIDs only implemented for interfaces!
 -> (artifact id: 'ec017971e9e3e00fd0c9339becf5a911') in 0.043463 seconds
Number of updated asset objects reloaded before import = 0
Number of asset objects unloaded after import = 3
========================================================================
Received Import Request.
  Time since last request: 0.000018 seconds.
  path: Assets/BayatGames/Free Platform Game Assets/Water Animation/2.5D View/png/1x/image 2.png
  artifactKey: Guid(ad5ba5085fc646c4c9e737cfe1f860c1) Importer(2089858483,0ecaa5967403d082aa24f35e1b516d23)
Start importing Assets/BayatGames/Free Platform Game Assets/Water Animation/2.5D View/png/1x/image 2.png using Guid(ad5ba5085fc646c4c9e737cfe1f860c1) Importer(2089858483,0ecaa5967403d082aa24f35e1b516d23) Generated GUIDs only implemented for interfaces!
 -> (artifact id: '01c3fa8cc752047ea1d721b5422a671f') in 0.039448 seconds
Number of updated asset objects reloaded before import = 0
Number of asset objects unloaded after import = 3
========================================================================
Received Import Request.
  Time since last request: 0.000021 seconds.
  path: Assets/BayatGames/Free Platform Game Assets/Backgrounds/Background/png/1920x1080/All/Mountain_3.png
  artifactKey: Guid(eaf1608f86beb78408fb654eed4e1982) Importer(2089858483,0ecaa5967403d082aa24f35e1b516d23)
Start importing Assets/BayatGames/Free Platform Game Assets/Backgrounds/Background/png/1920x1080/All/Mountain_3.png using Guid(eaf1608f86beb78408fb654eed4e1982) Importer(2089858483,0ecaa5967403d082aa24f35e1b516d23) Generated GUIDs only implemented for interfaces!
 -> (artifact id: '2097e0845a0e2b86995259009450998b') in 0.050027 seconds
Number of updated asset objects reloaded before import = 0
Number of asset objects unloaded after import = 3
========================================================================
Received Import Request.
  Time since last request: 0.000023 seconds.
  path: Assets/BayatGames/Free Platform Game Assets/Backgrounds/Background/png/2048x1536/All/Mountain_3.png
  artifactKey: Guid(2f3d48af88127f244a5393fcf8eabc64) Importer(2089858483,0ecaa5967403d082aa24f35e1b516d23)
Start importing Assets/BayatGames/Free Platform Game Assets/Backgrounds/Background/png/2048x1536/All/Mountain_3.png using Guid(2f3d48af88127f244a5393fcf8eabc64) Importer(2089858483,0ecaa5967403d082aa24f35e1b516d23) Generated GUIDs only implemented for interfaces!
 -> (artifact id: '8d6e5e554e8437c4f9743f6360c59066') in 0.055362 seconds
Number of updated asset objects reloaded before import = 0
Number of asset objects unloaded after import = 3
========================================================================
Received Import Request.
  Time since last request: 0.000034 seconds.
  path: Assets/BayatGames/Free Platform Game Assets/Backgrounds/Background/png/Clouds/256x256/Cloud_2.png
  artifactKey: Guid(3e2b3f9a8d52ea840897382a429346d3) Importer(2089858483,0ecaa5967403d082aa24f35e1b516d23)
Start importing Assets/BayatGames/Free Platform Game Assets/Backgrounds/Background/png/Clouds/256x256/Cloud_2.png using Guid(3e2b3f9a8d52ea840897382a429346d3) Importer(2089858483,0ecaa5967403d082aa24f35e1b516d23) Generated GUIDs only implemented for interfaces!
 -> (artifact id: '026494a1e47a8804646f233ab068d4ec') in 0.049859 seconds
Number of updated asset objects reloaded before import = 0
Number of asset objects unloaded after import = 3
========================================================================
Received Import Request.
  Time since last request: 0.000023 seconds.
  path: Assets/BayatGames/Free Platform Game Assets/Backgrounds/New Background ( Update 1.9 )/png/2048x1024/all/Front.png
  artifactKey: Guid(f80b20e0fd5872140ad85fe0fe2f3724) Importer(2089858483,0ecaa5967403d082aa24f35e1b516d23)
Start importing Assets/BayatGames/Free Platform Game Assets/Backgrounds/New Background ( Update 1.9 )/png/2048x1024/all/Front.png using Guid(f80b20e0fd5872140ad85fe0fe2f3724) Importer(2089858483,0ecaa5967403d082aa24f35e1b516d23) Generated GUIDs only implemented for interfaces!
 -> (artifact id: '5fb5cfa77bd465479c0057d4532c3e75') in 0.045962 seconds
Number of updated asset objects reloaded before import = 0
Number of asset objects unloaded after import = 3
========================================================================
Received Import Request.
  Time since last request: 0.000025 seconds.
  path: Assets/BayatGames/Free Platform Game Assets/Backgrounds/New Background ( Update 1.9 )/png/1920x1080/background/NewBackgraound 1920x1080 (2).png
  artifactKey: Guid(b165ec2539a23044ca486a2248259c5e) Importer(2089858483,0ecaa5967403d082aa24f35e1b516d23)
Start importing Assets/BayatGames/Free Platform Game Assets/Backgrounds/New Background ( Update 1.9 )/png/1920x1080/background/NewBackgraound 1920x1080 (2).png using Guid(b165ec2539a23044ca486a2248259c5e) Importer(2089858483,0ecaa5967403d082aa24f35e1b516d23) Generated GUIDs only implemented for interfaces!
 -> (artifact id: '448ec1cfc468ac68966448af0df13c16') in 0.045972 seconds
Number of updated asset objects reloaded before import = 0
Number of asset objects unloaded after import = 3
========================================================================
Received Import Request.
  Time since last request: 0.000018 seconds.
  path: Assets/BayatGames/Free Platform Game Assets/Backgrounds/New Background ( Update 1.7 )/png/2048x1536/Background/NewBackground2048x1536.png
  artifactKey: Guid(1fca858e6a4b42b4e89903d4daa662c7) Importer(2089858483,0ecaa5967403d082aa24f35e1b516d23)
Start importing Assets/BayatGames/Free Platform Game Assets/Backgrounds/New Background ( Update 1.7 )/png/2048x1536/Background/NewBackground2048x1536.png using Guid(1fca858e6a4b42b4e89903d4daa662c7) Importer(2089858483,0ecaa5967403d082aa24f35e1b516d23) Generated GUIDs only implemented for interfaces!
 -> (artifact id: '3d418bda04158194fda44841a5fd42e3') in 0.072093 seconds
Number of updated asset objects reloaded before import = 0
Number of asset objects unloaded after import = 3
========================================================================
Received Import Request.
  Time since last request: 0.000052 seconds.
  path: Assets/BayatGames/Free Platform Game Assets/Backgrounds/Background/png/Clouds/128x128/Cloud_1.png
  artifactKey: Guid(53a92b61ea7dbdb45a0b3db4c15903c6) Importer(2089858483,0ecaa5967403d082aa24f35e1b516d23)
Start importing Assets/BayatGames/Free Platform Game Assets/Backgrounds/Background/png/Clouds/128x128/Cloud_1.png using Guid(53a92b61ea7dbdb45a0b3db4c15903c6) Importer(2089858483,0ecaa5967403d082aa24f35e1b516d23) Generated GUIDs only implemented for interfaces!
 -> (artifact id: 'ed54673fff60d7c1e3604b6bedfd52eb') in 0.047510 seconds
Number of updated asset objects reloaded before import = 0
Number of asset objects unloaded after import = 3
========================================================================
Received Import Request.
  Time since last request: 0.000028 seconds.
  path: Assets/BayatGames/Free Platform Game Assets/Backgrounds/New Background ( Update 1.7 )/png/1920x1080/All/Mountain.png
  artifactKey: Guid(2518a816821e5d74eb3022bdcab6270d) Importer(2089858483,0ecaa5967403d082aa24f35e1b516d23)
Start importing Assets/BayatGames/Free Platform Game Assets/Backgrounds/New Background ( Update 1.7 )/png/1920x1080/All/Mountain.png using Guid(2518a816821e5d74eb3022bdcab6270d) Importer(2089858483,0ecaa5967403d082aa24f35e1b516d23) Generated GUIDs only implemented for interfaces!
 -> (artifact id: '3ac347c80f86bc198ba92feca1f77d45') in 0.047606 seconds
Number of updated asset objects reloaded before import = 0
Number of asset objects unloaded after import = 3
========================================================================
Received Import Request.
  Time since last request: 0.000017 seconds.
  path: Assets/BayatGames/Free Platform Game Assets/Backgrounds/Background/png/2048x1536/All/Mountain_2.png
  artifactKey: Guid(a9e3e3e5ad0c1644b8679e4cfb969bfc) Importer(2089858483,0ecaa5967403d082aa24f35e1b516d23)
Start importing Assets/BayatGames/Free Platform Game Assets/Backgrounds/Background/png/2048x1536/All/Mountain_2.png using Guid(a9e3e3e5ad0c1644b8679e4cfb969bfc) Importer(2089858483,0ecaa5967403d082aa24f35e1b516d23) Generated GUIDs only implemented for interfaces!
 -> (artifact id: '2bce42db9b01ac0a4bad3d59d91712e2') in 0.048893 seconds
Number of updated asset objects reloaded before import = 0
Number of asset objects unloaded after import = 3
========================================================================
Received Import Request.
  Time since last request: 0.000021 seconds.
  path: Assets/BayatGames/Free Platform Game Assets/Backgrounds/Background/png/2048x1536/All/Mountain_1.png
  artifactKey: Guid(50fa225e0edcf4047abb3588a8e87d2a) Importer(2089858483,0ecaa5967403d082aa24f35e1b516d23)
Start importing Assets/BayatGames/Free Platform Game Assets/Backgrounds/Background/png/2048x1536/All/Mountain_1.png using Guid(50fa225e0edcf4047abb3588a8e87d2a) Importer(2089858483,0ecaa5967403d082aa24f35e1b516d23) Generated GUIDs only implemented for interfaces!
 -> (artifact id: 'da4e20c8c467fd7699dab689ff1e4ab6') in 0.044797 seconds
Number of updated asset objects reloaded before import = 0
Number of asset objects unloaded after import = 3
========================================================================
Received Import Request.
  Time since last request: 0.000022 seconds.
  path: Assets/BayatGames/Free Platform Game Assets/Backgrounds/New Background ( Update 1.9 )/png/1920x1080/all/Mid.png
  artifactKey: Guid(6b1b548d67ce21040b08e00d8bb97f62) Importer(2089858483,0ecaa5967403d082aa24f35e1b516d23)
Start importing Assets/BayatGames/Free Platform Game Assets/Backgrounds/New Background ( Update 1.9 )/png/1920x1080/all/Mid.png using Guid(6b1b548d67ce21040b08e00d8bb97f62) Importer(2089858483,0ecaa5967403d082aa24f35e1b516d23) Generated GUIDs only implemented for interfaces!
 -> (artifact id: '818bc8bc23d997d82fcd9afbbe75c9d0') in 0.047169 seconds
Number of updated asset objects reloaded before import = 0
Number of asset objects unloaded after import = 3
========================================================================
Received Import Request.
  Time since last request: 0.000017 seconds.
  path: Assets/BayatGames/Free Platform Game Assets/Environments/Environments/png/All/1x/Asset 13.png
  artifactKey: Guid(d221730c01058aa478acf0e7cebf2925) Importer(2089858483,0ecaa5967403d082aa24f35e1b516d23)
Start importing Assets/BayatGames/Free Platform Game Assets/Environments/Environments/png/All/1x/Asset 13.png using Guid(d221730c01058aa478acf0e7cebf2925) Importer(2089858483,0ecaa5967403d082aa24f35e1b516d23) Generated GUIDs only implemented for interfaces!
 -> (artifact id: 'be1493b597b69e3a28e40d0d8c476686') in 0.044280 seconds
Number of updated asset objects reloaded before import = 0
Number of asset objects unloaded after import = 3
========================================================================
Received Import Request.
  Time since last request: 0.000019 seconds.
  path: Assets/BayatGames/Free Platform Game Assets/Chests/Chest/png/Separate/2x/6-2x.png
  artifactKey: Guid(40d4702c12443f446af47e384d2dba3d) Importer(2089858483,0ecaa5967403d082aa24f35e1b516d23)
Start importing Assets/BayatGames/Free Platform Game Assets/Chests/Chest/png/Separate/2x/6-2x.png using Guid(40d4702c12443f446af47e384d2dba3d) Importer(2089858483,0ecaa5967403d082aa24f35e1b516d23) Generated GUIDs only implemented for interfaces!
 -> (artifact id: '37a79cf0df8be25efcdb4087d8bed743') in 0.040737 seconds
Number of updated asset objects reloaded before import = 0
Number of asset objects unloaded after import = 3
========================================================================
Received Import Request.
  Time since last request: 0.000034 seconds.
  path: Assets/BayatGames/Free Platform Game Assets/Environments/Environments/png/All/1x/Asset 1.png
  artifactKey: Guid(3afdd869ddc947440a69ffc9ed1819dd) Importer(2089858483,0ecaa5967403d082aa24f35e1b516d23)
Start importing Assets/BayatGames/Free Platform Game Assets/Environments/Environments/png/All/1x/Asset 1.png using Guid(3afdd869ddc947440a69ffc9ed1819dd) Importer(2089858483,0ecaa5967403d082aa24f35e1b516d23) Generated GUIDs only implemented for interfaces!
 -> (artifact id: '3a97dac5cfadd0f6f30f717c933097b5') in 0.045662 seconds
Number of updated asset objects reloaded before import = 0
Number of asset objects unloaded after import = 3
========================================================================
Received Import Request.
  Time since last request: 0.000023 seconds.
  path: Assets/BayatGames/Free Platform Game Assets/Environments/Environments/png/All/1x/Asset 12.png
  artifactKey: Guid(2efd157a842af8c499264c286dc8a20a) Importer(2089858483,0ecaa5967403d082aa24f35e1b516d23)
Start importing Assets/BayatGames/Free Platform Game Assets/Environments/Environments/png/All/1x/Asset 12.png using Guid(2efd157a842af8c499264c286dc8a20a) Importer(2089858483,0ecaa5967403d082aa24f35e1b516d23) Generated GUIDs only implemented for interfaces!
 -> (artifact id: 'cc81d1ffe861f5b3647b43cec3006bd4') in 0.046018 seconds
Number of updated asset objects reloaded before import = 0
Number of asset objects unloaded after import = 3
========================================================================
Received Import Request.
  Time since last request: 0.000020 seconds.
  path: Assets/BayatGames/Free Platform Game Assets/Character/Character Source/png/4x/Sprite Mesh/RightFoot.asset
  artifactKey: Guid(5ff121e36eddf704f85167abbb32b4be) Importer(2089858483,0ecaa5967403d082aa24f35e1b516d23)
Start importing Assets/BayatGames/Free Platform Game Assets/Character/Character Source/png/4x/Sprite Mesh/RightFoot.asset using Guid(5ff121e36eddf704f85167abbb32b4be) Importer(2089858483,0ecaa5967403d082aa24f35e1b516d23) Generated GUIDs only implemented for interfaces!
 -> (artifact id: '56cf79432af72059b9a474d2592c3886') in 0.019733 seconds
Number of updated asset objects reloaded before import = 0
Number of asset objects unloaded after import = 1
========================================================================
Received Import Request.
  Time since last request: 0.000043 seconds.
  path: Assets/BayatGames/Free Platform Game Assets/Chests/Chest/png/Separate/1x/4-1x.png
  artifactKey: Guid(10d787177c704bd4084a4d0a584d8222) Importer(2089858483,0ecaa5967403d082aa24f35e1b516d23)
Start importing Assets/BayatGames/Free Platform Game Assets/Chests/Chest/png/Separate/1x/4-1x.png using Guid(10d787177c704bd4084a4d0a584d8222) Importer(2089858483,0ecaa5967403d082aa24f35e1b516d23) Generated GUIDs only implemented for interfaces!
 -> (artifact id: 'd09bd62564733c71aaaa8c34018d88d9') in 0.048338 seconds
Number of updated asset objects reloaded before import = 0
Number of asset objects unloaded after import = 3
========================================================================
Received Import Request.
  Time since last request: 0.000021 seconds.
  path: Assets/BayatGames/Free Platform Game Assets/Character/Character Source/png/4x/Sprite Mesh/RightEye.asset
  artifactKey: Guid(17c571d91f206054c828dd3851b48b3b) Importer(2089858483,0ecaa5967403d082aa24f35e1b516d23)
Start importing Assets/BayatGames/Free Platform Game Assets/Character/Character Source/png/4x/Sprite Mesh/RightEye.asset using Guid(17c571d91f206054c828dd3851b48b3b) Importer(2089858483,0ecaa5967403d082aa24f35e1b516d23) Generated GUIDs only implemented for interfaces!
 -> (artifact id: 'f7198c1f7cd31a1af3d02dc6d55f787c') in 0.020944 seconds
Number of updated asset objects reloaded before import = 0
Number of asset objects unloaded after import = 1
========================================================================
Received Import Request.
  Time since last request: 0.000085 seconds.
  path: Assets/BayatGames/Free Platform Game Assets/Chests/Chest/png/Separate/1x/6-1x.png
  artifactKey: Guid(c7193651d506bac45b537a27d37aa181) Importer(2089858483,0ecaa5967403d082aa24f35e1b516d23)
Start importing Assets/BayatGames/Free Platform Game Assets/Chests/Chest/png/Separate/1x/6-1x.png using Guid(c7193651d506bac45b537a27d37aa181) Importer(2089858483,0ecaa5967403d082aa24f35e1b516d23) Generated GUIDs only implemented for interfaces!
 -> (artifact id: 'f97b285709b9521f2612991453f75062') in 0.048149 seconds
Number of updated asset objects reloaded before import = 0
Number of asset objects unloaded after import = 3
========================================================================
Received Import Request.
  Time since last request: 0.000027 seconds.
  path: Assets/BayatGames/Free Platform Game Assets/Chests/Chest/png/Separate/1x/2-1x.png
  artifactKey: Guid(eaef689d2ee760e4ca477136d918bfcc) Importer(2089858483,0ecaa5967403d082aa24f35e1b516d23)
Start importing Assets/BayatGames/Free Platform Game Assets/Chests/Chest/png/Separate/1x/2-1x.png using Guid(eaef689d2ee760e4ca477136d918bfcc) Importer(2089858483,0ecaa5967403d082aa24f35e1b516d23) Generated GUIDs only implemented for interfaces!
 -> (artifact id: '376ccf0c6649bdc7e1702d993baa71b5') in 0.043244 seconds
Number of updated asset objects reloaded before import = 0
Number of asset objects unloaded after import = 3
========================================================================
Received Import Request.
  Time since last request: 0.000035 seconds.
  path: Assets/BayatGames/Free Platform Game Assets/Backgrounds/Background/png/2048x1536/All/Hills_1.png
  artifactKey: Guid(2c91c76cdb5e9fc49a8aacde4e4392ec) Importer(2089858483,0ecaa5967403d082aa24f35e1b516d23)
Start importing Assets/BayatGames/Free Platform Game Assets/Backgrounds/Background/png/2048x1536/All/Hills_1.png using Guid(2c91c76cdb5e9fc49a8aacde4e4392ec) Importer(2089858483,0ecaa5967403d082aa24f35e1b516d23) Generated GUIDs only implemented for interfaces!
 -> (artifact id: 'a5ba9484dc973c4a9796ade898d4903c') in 0.046081 seconds
Number of updated asset objects reloaded before import = 0
Number of asset objects unloaded after import = 3
========================================================================
Received Import Request.
  Time since last request: 0.000017 seconds.
  path: Assets/BayatGames/Free Platform Game Assets/Backgrounds/New Background ( Update 1.9 )/png/1920x1080/all/Mid (2).png
  artifactKey: Guid(55674563b1ba79c4faabdc4cdbdbcf59) Importer(2089858483,0ecaa5967403d082aa24f35e1b516d23)
Start importing Assets/BayatGames/Free Platform Game Assets/Backgrounds/New Background ( Update 1.9 )/png/1920x1080/all/Mid (2).png using Guid(55674563b1ba79c4faabdc4cdbdbcf59) Importer(2089858483,0ecaa5967403d082aa24f35e1b516d23) Generated GUIDs only implemented for interfaces!
 -> (artifact id: '839a0915785750443d6f0c76cff00481') in 0.054446 seconds
Number of updated asset objects reloaded before import = 0
Number of asset objects unloaded after import = 3
========================================================================
Received Import Request.
  Time since last request: 0.000019 seconds.
  path: Assets/Enemies/Enemies/png/512x512/Saw.png
  artifactKey: Guid(68a3834f2b1dd354787570e78cf15747) Importer(2089858483,0ecaa5967403d082aa24f35e1b516d23)
Start importing Assets/Enemies/Enemies/png/512x512/Saw.png using Guid(68a3834f2b1dd354787570e78cf15747) Importer(2089858483,0ecaa5967403d082aa24f35e1b516d23) Generated GUIDs only implemented for interfaces!
 -> (artifact id: '784d1e53a29732cfa8077f5f3db358fb') in 0.038188 seconds
Number of updated asset objects reloaded before import = 0
Number of asset objects unloaded after import = 3
========================================================================
Received Import Request.
  Time since last request: 0.000023 seconds.
  path: Assets/BayatGames/Free Platform Game Assets/Environments/Environments/png/All/2x/Asset 2.png
  artifactKey: Guid(f9fe5cf468717be439bfd40a409758d8) Importer(2089858483,0ecaa5967403d082aa24f35e1b516d23)
Start importing Assets/BayatGames/Free Platform Game Assets/Environments/Environments/png/All/2x/Asset 2.png using Guid(f9fe5cf468717be439bfd40a409758d8) Importer(2089858483,0ecaa5967403d082aa24f35e1b516d23) Generated GUIDs only implemented for interfaces!
 -> (artifact id: 'ac692648c1beccec92300278746b8ee6') in 0.042382 seconds
Number of updated asset objects reloaded before import = 0
Number of asset objects unloaded after import = 3
========================================================================
Received Import Request.
  Time since last request: 0.000026 seconds.
  path: Assets/BayatGames/Free Platform Game Assets/Environments/Environments/png/All/1x/Asset 15.png
  artifactKey: Guid(cd9fd908e0dbdc24c84c52e7ebcefde2) Importer(2089858483,0ecaa5967403d082aa24f35e1b516d23)
Start importing Assets/BayatGames/Free Platform Game Assets/Environments/Environments/png/All/1x/Asset 15.png using Guid(cd9fd908e0dbdc24c84c52e7ebcefde2) Importer(2089858483,0ecaa5967403d082aa24f35e1b516d23) Generated GUIDs only implemented for interfaces!
 -> (artifact id: '6195b89709cda8c39d3a7ae62e62598c') in 0.042258 seconds
Number of updated asset objects reloaded before import = 0
Number of asset objects unloaded after import = 3
========================================================================
Received Import Request.
  Time since last request: 0.000024 seconds.
  path: Assets/BayatGames/Free Platform Game Assets/Environments/Environments/png/All/2x/Asset 11.png
  artifactKey: Guid(d671be13068d76d478c36766419a35b0) Importer(2089858483,0ecaa5967403d082aa24f35e1b516d23)
Start importing Assets/BayatGames/Free Platform Game Assets/Environments/Environments/png/All/2x/Asset 11.png using Guid(d671be13068d76d478c36766419a35b0) Importer(2089858483,0ecaa5967403d082aa24f35e1b516d23) Generated GUIDs only implemented for interfaces!
 -> (artifact id: '19051c6da9089088330a63e84cc8155d') in 0.040994 seconds
Number of updated asset objects reloaded before import = 0
Number of asset objects unloaded after import = 3
========================================================================
Received Import Request.
  Time since last request: 0.000036 seconds.
  path: Assets/BayatGames/Free Platform Game Assets/Environments/Environments/png/All/4x/Asset 4.png
  artifactKey: Guid(3fcff7da7e0642a40938e80ad8c93b5f) Importer(2089858483,0ecaa5967403d082aa24f35e1b516d23)
Start importing Assets/BayatGames/Free Platform Game Assets/Environments/Environments/png/All/4x/Asset 4.png using Guid(3fcff7da7e0642a40938e80ad8c93b5f) Importer(2089858483,0ecaa5967403d082aa24f35e1b516d23) Generated GUIDs only implemented for interfaces!
 -> (artifact id: 'efa9c4361baa1881c2922fe9d593422d') in 0.048249 seconds
Number of updated asset objects reloaded before import = 0
Number of asset objects unloaded after import = 3
========================================================================
Received Import Request.
  Time since last request: 0.000018 seconds.
  path: Assets/BayatGames/Free Platform Game Assets/Environments/Environments/png/All/4x/Asset 13.png
  artifactKey: Guid(8d013f764ab602d4caee7dc1d775e63e) Importer(2089858483,0ecaa5967403d082aa24f35e1b516d23)
Start importing Assets/BayatGames/Free Platform Game Assets/Environments/Environments/png/All/4x/Asset 13.png using Guid(8d013f764ab602d4caee7dc1d775e63e) Importer(2089858483,0ecaa5967403d082aa24f35e1b516d23) Generated GUIDs only implemented for interfaces!
 -> (artifact id: 'b58621e4cf4f805965f150705a5a6e5a') in 0.047081 seconds
Number of updated asset objects reloaded before import = 0
Number of asset objects unloaded after import = 3
========================================================================
Received Import Request.
  Time since last request: 0.000025 seconds.
  path: Assets/BayatGames/Free Platform Game Assets/Environments/Environments/png/All/2x/Asset 7.png
  artifactKey: Guid(a48f3a17787d5f64aaa159674a5bd0bc) Importer(2089858483,0ecaa5967403d082aa24f35e1b516d23)
Start importing Assets/BayatGames/Free Platform Game Assets/Environments/Environments/png/All/2x/Asset 7.png using Guid(a48f3a17787d5f64aaa159674a5bd0bc) Importer(2089858483,0ecaa5967403d082aa24f35e1b516d23) Generated GUIDs only implemented for interfaces!
 -> (artifact id: '5eb46857ebe449d5f0869593926b0687') in 0.045792 seconds
Number of updated asset objects reloaded before import = 0
Number of asset objects unloaded after import = 3
========================================================================
Received Import Request.
  Time since last request: 0.000025 seconds.
  path: Assets/BayatGames/Free Platform Game Assets/Environments/Environments/png/All/1x/Asset 7.png
  artifactKey: Guid(d2f3bd2050e99cb4289aa80c87210a19) Importer(2089858483,0ecaa5967403d082aa24f35e1b516d23)
Start importing Assets/BayatGames/Free Platform Game Assets/Environments/Environments/png/All/1x/Asset 7.png using Guid(d2f3bd2050e99cb4289aa80c87210a19) Importer(2089858483,0ecaa5967403d082aa24f35e1b516d23) Generated GUIDs only implemented for interfaces!
 -> (artifact id: 'a362e395893ac19649c729bbd1b5e60c') in 0.044357 seconds
Number of updated asset objects reloaded before import = 0
Number of asset objects unloaded after import = 3
========================================================================
Received Import Request.
  Time since last request: 0.000024 seconds.
  path: Assets/BayatGames/Free Platform Game Assets/Environments/Environments/png/All/1x/Asset 9.png
  artifactKey: Guid(4af4b868e3230b645a09a833b19dcf7c) Importer(2089858483,0ecaa5967403d082aa24f35e1b516d23)
Start importing Assets/BayatGames/Free Platform Game Assets/Environments/Environments/png/All/1x/Asset 9.png using Guid(4af4b868e3230b645a09a833b19dcf7c) Importer(2089858483,0ecaa5967403d082aa24f35e1b516d23) Generated GUIDs only implemented for interfaces!
 -> (artifact id: '92015c95e230cf61782b01c4287f68c4') in 0.043306 seconds
Number of updated asset objects reloaded before import = 0
Number of asset objects unloaded after import = 3
========================================================================
Received Import Request.
  Time since last request: 0.000020 seconds.
  path: Assets/BayatGames/Free Platform Game Assets/Environments/Environments/png/All/4x/Asset 10.png
  artifactKey: Guid(88d78802102224f42af0fa14f9beb3af) Importer(2089858483,0ecaa5967403d082aa24f35e1b516d23)
Start importing Assets/BayatGames/Free Platform Game Assets/Environments/Environments/png/All/4x/Asset 10.png using Guid(88d78802102224f42af0fa14f9beb3af) Importer(2089858483,0ecaa5967403d082aa24f35e1b516d23) Generated GUIDs only implemented for interfaces!
 -> (artifact id: '3ab16e8a0b1ed5f817a8f6f137cd5259') in 0.047461 seconds
Number of updated asset objects reloaded before import = 0
Number of asset objects unloaded after import = 3
========================================================================
Received Import Request.
  Time since last request: 0.000036 seconds.
  path: Assets/BayatGames/Free Platform Game Assets/Environments/Environments/png/All/4x/Asset 1.png
  artifactKey: Guid(c880b771ce84ecf4c92269c2a7a4d6ec) Importer(2089858483,0ecaa5967403d082aa24f35e1b516d23)
Start importing Assets/BayatGames/Free Platform Game Assets/Environments/Environments/png/All/4x/Asset 1.png using Guid(c880b771ce84ecf4c92269c2a7a4d6ec) Importer(2089858483,0ecaa5967403d082aa24f35e1b516d23) Generated GUIDs only implemented for interfaces!
 -> (artifact id: 'f2df01ff4a616e55cb438896acd696b4') in 0.049122 seconds
Number of updated asset objects reloaded before import = 0
Number of asset objects unloaded after import = 3
========================================================================
Received Import Request.
  Time since last request: 0.000024 seconds.
  path: Assets/BayatGames/Free Platform Game Assets/Environments/Environments/png/All/1x/Asset 4.png
  artifactKey: Guid(a6a122b38547e0a458af7a1d2263167f) Importer(2089858483,0ecaa5967403d082aa24f35e1b516d23)
Start importing Assets/BayatGames/Free Platform Game Assets/Environments/Environments/png/All/1x/Asset 4.png using Guid(a6a122b38547e0a458af7a1d2263167f) Importer(2089858483,0ecaa5967403d082aa24f35e1b516d23) Generated GUIDs only implemented for interfaces!
 -> (artifact id: '5b55e0b7f675b0f395d29bde6d5a6e40') in 0.041337 seconds
Number of updated asset objects reloaded before import = 0
Number of asset objects unloaded after import = 3
========================================================================
Received Import Request.
  Time since last request: 0.000018 seconds.
  path: Assets/Free 2D Cartoon Parallax Background/Demo/Script/ParallaxBackground_0.cs
  artifactKey: Guid(e906c6017d501f947b0832dd4e87e66e) Importer(2089858483,0ecaa5967403d082aa24f35e1b516d23)
Start importing Assets/Free 2D Cartoon Parallax Background/Demo/Script/ParallaxBackground_0.cs using Guid(e906c6017d501f947b0832dd4e87e66e) Importer(2089858483,0ecaa5967403d082aa24f35e1b516d23) Generated GUIDs only implemented for interfaces!
 -> (artifact id: '11c48b9b478fa4adc9095017d1eeacf4') in 0.014969 seconds
Number of updated asset objects reloaded before import = 0
Number of asset objects unloaded after import = 1
========================================================================
Received Import Request.
  Time since last request: 0.000035 seconds.
  path: Assets/BayatGames/Free Platform Game Assets/Chests/Chest/png/Sliced/Sliced 1/2x/head-5-2x.png
  artifactKey: Guid(751b144e8f7722640b15174ae77a193d) Importer(2089858483,0ecaa5967403d082aa24f35e1b516d23)
Start importing Assets/BayatGames/Free Platform Game Assets/Chests/Chest/png/Sliced/Sliced 1/2x/head-5-2x.png using Guid(751b144e8f7722640b15174ae77a193d) Importer(2089858483,0ecaa5967403d082aa24f35e1b516d23) Generated GUIDs only implemented for interfaces!
 -> (artifact id: 'b1d0c395d6ecc04da2dd70f177a42df3') in 0.045265 seconds
Number of updated asset objects reloaded before import = 0
Number of asset objects unloaded after import = 3
========================================================================
Received Import Request.
  Time since last request: 0.000021 seconds.
  path: Assets/BayatGames/Free Platform Game Assets/Chests/Chest/png/Sliced/Sliced 1/1x/body-2-1x.png
  artifactKey: Guid(baa1afb024a5fd64ab9e2788553a4e4a) Importer(2089858483,0ecaa5967403d082aa24f35e1b516d23)
Start importing Assets/BayatGames/Free Platform Game Assets/Chests/Chest/png/Sliced/Sliced 1/1x/body-2-1x.png using Guid(baa1afb024a5fd64ab9e2788553a4e4a) Importer(2089858483,0ecaa5967403d082aa24f35e1b516d23) Generated GUIDs only implemented for interfaces!
 -> (artifact id: '1aa003f31a42f8043a19390508baa2d8') in 0.050935 seconds
Number of updated asset objects reloaded before import = 0
Number of asset objects unloaded after import = 3
========================================================================
Received Import Request.
  Time since last request: 0.000025 seconds.
  path: Assets/BayatGames/Free Platform Game Assets/Chests/Chest/png/Sliced/Sliced 1/2x/head-4-2x.png
  artifactKey: Guid(afd7687a47d29db44920be0059e35188) Importer(2089858483,0ecaa5967403d082aa24f35e1b516d23)
Start importing Assets/BayatGames/Free Platform Game Assets/Chests/Chest/png/Sliced/Sliced 1/2x/head-4-2x.png using Guid(afd7687a47d29db44920be0059e35188) Importer(2089858483,0ecaa5967403d082aa24f35e1b516d23) Generated GUIDs only implemented for interfaces!
 -> (artifact id: 'd84618a368fd30b5e71a33d59e9f2013') in 0.052246 seconds
Number of updated asset objects reloaded before import = 0
Number of asset objects unloaded after import = 3
========================================================================
Received Import Request.
  Time since last request: 0.000026 seconds.
  path: Assets/BayatGames/Free Platform Game Assets/Chests/Chest/png/Sliced/Sliced 1/1x/body-4-1x.png
  artifactKey: Guid(aebf089a0507f2049907f66691742033) Importer(2089858483,0ecaa5967403d082aa24f35e1b516d23)
Start importing Assets/BayatGames/Free Platform Game Assets/Chests/Chest/png/Sliced/Sliced 1/1x/body-4-1x.png using Guid(aebf089a0507f2049907f66691742033) Importer(2089858483,0ecaa5967403d082aa24f35e1b516d23) Generated GUIDs only implemented for interfaces!
 -> (artifact id: 'b99a3f3ea707af86bf9ceb0acdf527a8') in 0.042296 seconds
Number of updated asset objects reloaded before import = 0
Number of asset objects unloaded after import = 3
========================================================================
Received Import Request.
  Time since last request: 0.000016 seconds.
  path: Assets/BayatGames/Free Platform Game Assets/Chests/Chest/png/Sliced/Sliced 1/4x/body-2-4x.png
  artifactKey: Guid(b13fcc431505bbe46aa315c94e8f92b3) Importer(2089858483,0ecaa5967403d082aa24f35e1b516d23)
Start importing Assets/BayatGames/Free Platform Game Assets/Chests/Chest/png/Sliced/Sliced 1/4x/body-2-4x.png using Guid(b13fcc431505bbe46aa315c94e8f92b3) Importer(2089858483,0ecaa5967403d082aa24f35e1b516d23) Generated GUIDs only implemented for interfaces!
 -> (artifact id: '6b4267c064b54a59f1d8a8b2355946c8') in 0.046201 seconds
Number of updated asset objects reloaded before import = 0
Number of asset objects unloaded after import = 3
========================================================================
Received Import Request.
  Time since last request: 0.000021 seconds.
  path: Assets/BayatGames/Free Platform Game Assets/Chests/Chest/png/Sliced/Sliced 1/1x/head-2-1x.png
  artifactKey: Guid(4e1dbb5d5e605554eb27a04610dbd3a5) Importer(2089858483,0ecaa5967403d082aa24f35e1b516d23)
Start importing Assets/BayatGames/Free Platform Game Assets/Chests/Chest/png/Sliced/Sliced 1/1x/head-2-1x.png using Guid(4e1dbb5d5e605554eb27a04610dbd3a5) Importer(2089858483,0ecaa5967403d082aa24f35e1b516d23) Generated GUIDs only implemented for interfaces!
 -> (artifact id: 'c3fdf93e053ab31228d2368b1c170b22') in 0.041963 seconds
Number of updated asset objects reloaded before import = 0
Number of asset objects unloaded after import = 3
========================================================================
Received Import Request.
  Time since last request: 0.000022 seconds.
  path: Assets/BayatGames/Free Platform Game Assets/Chests/Chest/png/Sliced/Sliced 1/1x/body-1-1x.png
  artifactKey: Guid(084b84757a7d8dd44994f7bb0f0a20b3) Importer(2089858483,0ecaa5967403d082aa24f35e1b516d23)
Start importing Assets/BayatGames/Free Platform Game Assets/Chests/Chest/png/Sliced/Sliced 1/1x/body-1-1x.png using Guid(084b84757a7d8dd44994f7bb0f0a20b3) Importer(2089858483,0ecaa5967403d082aa24f35e1b516d23) Generated GUIDs only implemented for interfaces!
 -> (artifact id: '9746294d7c451578d51f4cc2645f87ab') in 0.042418 seconds
Number of updated asset objects reloaded before import = 0
Number of asset objects unloaded after import = 3
========================================================================
Received Import Request.
  Time since last request: 0.000022 seconds.
  path: Assets/BayatGames/Free Platform Game Assets/Chests/Chest/png/Sliced/Sliced 1/2x/head-2-2x.png
  artifactKey: Guid(e0e366f19fedff74998ade2d688b791a) Importer(2089858483,0ecaa5967403d082aa24f35e1b516d23)
Start importing Assets/BayatGames/Free Platform Game Assets/Chests/Chest/png/Sliced/Sliced 1/2x/head-2-2x.png using Guid(e0e366f19fedff74998ade2d688b791a) Importer(2089858483,0ecaa5967403d082aa24f35e1b516d23) Generated GUIDs only implemented for interfaces!
 -> (artifact id: '704b17aff62e3757113a5f0eb395b5ca') in 0.044839 seconds
Number of updated asset objects reloaded before import = 0
Number of asset objects unloaded after import = 3
========================================================================
Received Import Request.
  Time since last request: 0.000024 seconds.
  path: Assets/BayatGames/Free Platform Game Assets/Chests/Chest/png/Sliced/Sliced 1/1x/head-6-1x.png
  artifactKey: Guid(3a0ecbbc7a670bc4bbf020296336c815) Importer(2089858483,0ecaa5967403d082aa24f35e1b516d23)
Start importing Assets/BayatGames/Free Platform Game Assets/Chests/Chest/png/Sliced/Sliced 1/1x/head-6-1x.png using Guid(3a0ecbbc7a670bc4bbf020296336c815) Importer(2089858483,0ecaa5967403d082aa24f35e1b516d23) Generated GUIDs only implemented for interfaces!
 -> (artifact id: 'f727d30da1be30a74db8c56ea7a78ad6') in 0.043167 seconds
Number of updated asset objects reloaded before import = 0
Number of asset objects unloaded after import = 3
========================================================================
Received Import Request.
  Time since last request: 0.000034 seconds.
  path: Assets/BayatGames/Free Platform Game Assets/Chests/Chest/png/Sliced/Sliced 1/4x/head-2-4x.png
  artifactKey: Guid(368d38543f6022d4b81751913d032b13) Importer(2089858483,0ecaa5967403d082aa24f35e1b516d23)
Start importing Assets/BayatGames/Free Platform Game Assets/Chests/Chest/png/Sliced/Sliced 1/4x/head-2-4x.png using Guid(368d38543f6022d4b81751913d032b13) Importer(2089858483,0ecaa5967403d082aa24f35e1b516d23) Generated GUIDs only implemented for interfaces!
 -> (artifact id: '2dfe65741d5014417fa3d4d5c0a4b345') in 0.048964 seconds
Number of updated asset objects reloaded before import = 0
Number of asset objects unloaded after import = 3
========================================================================
Received Import Request.
  Time since last request: 0.000024 seconds.
  path: Assets/BayatGames/Free Platform Game Assets/Environments/Environments/png/All/4x/Asset 14.png
  artifactKey: Guid(4b20e3d0e0f143b449ef2e50b335c191) Importer(2089858483,0ecaa5967403d082aa24f35e1b516d23)
Start importing Assets/BayatGames/Free Platform Game Assets/Environments/Environments/png/All/4x/Asset 14.png using Guid(4b20e3d0e0f143b449ef2e50b335c191) Importer(2089858483,0ecaa5967403d082aa24f35e1b516d23) Generated GUIDs only implemented for interfaces!
 -> (artifact id: '505eaa0e680781336995c8ab19001af9') in 0.047225 seconds
Number of updated asset objects reloaded before import = 0
Number of asset objects unloaded after import = 3
========================================================================
Received Import Request.
  Time since last request: 0.000025 seconds.
  path: Assets/BayatGames/Free Platform Game Assets/Chests/Chest/png/Sliced/Sliced 1/4x/head-4-4x.png
  artifactKey: Guid(c49ca71ac32f63f439788402bff7e931) Importer(2089858483,0ecaa5967403d082aa24f35e1b516d23)
Start importing Assets/BayatGames/Free Platform Game Assets/Chests/Chest/png/Sliced/Sliced 1/4x/head-4-4x.png using Guid(c49ca71ac32f63f439788402bff7e931) Importer(2089858483,0ecaa5967403d082aa24f35e1b516d23) Generated GUIDs only implemented for interfaces!
 -> (artifact id: '3996d622d4c9fd7eea7890ce1d9b8e1d') in 0.046904 seconds
Number of updated asset objects reloaded before import = 0
Number of asset objects unloaded after import = 3
========================================================================
Received Import Request.
  Time since last request: 0.000026 seconds.
  path: Assets/BayatGames/Free Platform Game Assets/Chests/Chest/png/Sliced/Sliced 2/2x/bodyWithoutInnerPiece-1-2x.png
  artifactKey: Guid(3f41895da2551cc43ab3131970892fc9) Importer(2089858483,0ecaa5967403d082aa24f35e1b516d23)
Start importing Assets/BayatGames/Free Platform Game Assets/Chests/Chest/png/Sliced/Sliced 2/2x/bodyWithoutInnerPiece-1-2x.png using Guid(3f41895da2551cc43ab3131970892fc9) Importer(2089858483,0ecaa5967403d082aa24f35e1b516d23) Generated GUIDs only implemented for interfaces!
 -> (artifact id: 'c9567ccb893ea62c96aecf391fee595c') in 0.046982 seconds
Number of updated asset objects reloaded before import = 0
Number of asset objects unloaded after import = 3
========================================================================
Received Import Request.
  Time since last request: 0.000020 seconds.
  path: Assets/BayatGames/Free Platform Game Assets/Chests/Chest/png/Sliced/Sliced 2/2x/bodyWithoutInnerPiece-4-2x.png
  artifactKey: Guid(2184c3be090d0d840a34dc1a4408013f) Importer(2089858483,0ecaa5967403d082aa24f35e1b516d23)
Start importing Assets/BayatGames/Free Platform Game Assets/Chests/Chest/png/Sliced/Sliced 2/2x/bodyWithoutInnerPiece-4-2x.png using Guid(2184c3be090d0d840a34dc1a4408013f) Importer(2089858483,0ecaa5967403d082aa24f35e1b516d23) Generated GUIDs only implemented for interfaces!
 -> (artifact id: '7c62161501d37772a883f9cd066aa50c') in 0.043374 seconds
Number of updated asset objects reloaded before import = 0
Number of asset objects unloaded after import = 3
========================================================================
Received Import Request.
  Time since last request: 0.000024 seconds.
  path: Assets/BayatGames/Free Platform Game Assets/Chests/Chest/png/Sliced/Sliced 2/1x/headInnerPiece-2-ForHead5-1x.png
  artifactKey: Guid(e480e65f55d9c134392bd351137fa589) Importer(2089858483,0ecaa5967403d082aa24f35e1b516d23)
Start importing Assets/BayatGames/Free Platform Game Assets/Chests/Chest/png/Sliced/Sliced 2/1x/headInnerPiece-2-ForHead5-1x.png using Guid(e480e65f55d9c134392bd351137fa589) Importer(2089858483,0ecaa5967403d082aa24f35e1b516d23) Generated GUIDs only implemented for interfaces!
 -> (artifact id: 'b94ecc20a3d11340d33bee3a35710c32') in 0.045384 seconds
Number of updated asset objects reloaded before import = 0
Number of asset objects unloaded after import = 3
========================================================================
Received Import Request.
  Time since last request: 0.000022 seconds.
  path: Assets/BayatGames/Free Platform Game Assets/Chests/Chest/png/Sliced/Sliced 2/2x/bodyWithoutInnerPiece-6-2x.png
  artifactKey: Guid(55a392e610fe9d14a946dd290431d17a) Importer(2089858483,0ecaa5967403d082aa24f35e1b516d23)
Start importing Assets/BayatGames/Free Platform Game Assets/Chests/Chest/png/Sliced/Sliced 2/2x/bodyWithoutInnerPiece-6-2x.png using Guid(55a392e610fe9d14a946dd290431d17a) Importer(2089858483,0ecaa5967403d082aa24f35e1b516d23) Generated GUIDs only implemented for interfaces!
 -> (artifact id: '8b123adc2af37e713ee8122b7924f451') in 0.047611 seconds
Number of updated asset objects reloaded before import = 0
Number of asset objects unloaded after import = 3
========================================================================
Received Import Request.
  Time since last request: 0.000024 seconds.
  path: Assets/BayatGames/Free Platform Game Assets/Chests/Chest/png/Sliced/Sliced 2/2x/bodyInnerPiece-1-ForBody2-2x.png
  artifactKey: Guid(39abaf8753e412042a0c7ab8294c87f7) Importer(2089858483,0ecaa5967403d082aa24f35e1b516d23)
Start importing Assets/BayatGames/Free Platform Game Assets/Chests/Chest/png/Sliced/Sliced 2/2x/bodyInnerPiece-1-ForBody2-2x.png using Guid(39abaf8753e412042a0c7ab8294c87f7) Importer(2089858483,0ecaa5967403d082aa24f35e1b516d23) Generated GUIDs only implemented for interfaces!
 -> (artifact id: 'd98fc6e123688e6844cf9701f4b15ed6') in 0.043340 seconds
Number of updated asset objects reloaded before import = 0
Number of asset objects unloaded after import = 3
========================================================================
Received Import Request.
  Time since last request: 0.000019 seconds.
  path: Assets/BayatGames/Free Platform Game Assets/Chests/Chest/png/Sliced/Sliced 2/1x/bodyWithoutInnerPiece-1-1x.png
  artifactKey: Guid(a2c4fdbd41e90004ab7308e48ee8f76a) Importer(2089858483,0ecaa5967403d082aa24f35e1b516d23)
Start importing Assets/BayatGames/Free Platform Game Assets/Chests/Chest/png/Sliced/Sliced 2/1x/bodyWithoutInnerPiece-1-1x.png using Guid(a2c4fdbd41e90004ab7308e48ee8f76a) Importer(2089858483,0ecaa5967403d082aa24f35e1b516d23) Generated GUIDs only implemented for interfaces!
 -> (artifact id: '9ce26770bd890f8d0c6d06668551dd65') in 0.041516 seconds
Number of updated asset objects reloaded before import = 0
Number of asset objects unloaded after import = 3
========================================================================
Received Import Request.
  Time since last request: 0.000018 seconds.
  path: Assets/BayatGames/Free Platform Game Assets/Chests/Chest/png/Sliced/Sliced 2/1x/bodyWithoutInnerPiece-2-1x.png
  artifactKey: Guid(b0725a22c55b05f4aa20b05be6cdaeb2) Importer(2089858483,0ecaa5967403d082aa24f35e1b516d23)
Start importing Assets/BayatGames/Free Platform Game Assets/Chests/Chest/png/Sliced/Sliced 2/1x/bodyWithoutInnerPiece-2-1x.png using Guid(b0725a22c55b05f4aa20b05be6cdaeb2) Importer(2089858483,0ecaa5967403d082aa24f35e1b516d23) Generated GUIDs only implemented for interfaces!
 -> (artifact id: '4ae486dc010ce37725839049c07e7f2f') in 0.040772 seconds
Number of updated asset objects reloaded before import = 0
Number of asset objects unloaded after import = 3
========================================================================
Received Import Request.
  Time since last request: 0.000019 seconds.
  path: Assets/BayatGames/Free Platform Game Assets/Chests/Chest/png/Sliced/Sliced 2/2x/bodyWithoutInnerPiece-3-2x.png
  artifactKey: Guid(1c8cdb2a0fcb43c45ad37ec50fa23225) Importer(2089858483,0ecaa5967403d082aa24f35e1b516d23)
Start importing Assets/BayatGames/Free Platform Game Assets/Chests/Chest/png/Sliced/Sliced 2/2x/bodyWithoutInnerPiece-3-2x.png using Guid(1c8cdb2a0fcb43c45ad37ec50fa23225) Importer(2089858483,0ecaa5967403d082aa24f35e1b516d23) Generated GUIDs only implemented for interfaces!
 -> (artifact id: 'e9cf858693b11dab69be46f5abbebfa0') in 0.039554 seconds
Number of updated asset objects reloaded before import = 0
Number of asset objects unloaded after import = 3
========================================================================
Received Import Request.
  Time since last request: 0.000024 seconds.
  path: Assets/BayatGames/Free Platform Game Assets/Chests/Chest/png/Sliced/Sliced 2/1x/bodyInnerPiece-4-ForBody5-1x.png
  artifactKey: Guid(c97b85a9de1006e4f9d463b722f31607) Importer(2089858483,0ecaa5967403d082aa24f35e1b516d23)
Start importing Assets/BayatGames/Free Platform Game Assets/Chests/Chest/png/Sliced/Sliced 2/1x/bodyInnerPiece-4-ForBody5-1x.png using Guid(c97b85a9de1006e4f9d463b722f31607) Importer(2089858483,0ecaa5967403d082aa24f35e1b516d23) Generated GUIDs only implemented for interfaces!
 -> (artifact id: 'a3094db9ca42465f95ff192bee4eec0d') in 0.043533 seconds
Number of updated asset objects reloaded before import = 0
Number of asset objects unloaded after import = 3
========================================================================
Received Import Request.
  Time since last request: 0.000029 seconds.
  path: Assets/BayatGames/Free Platform Game Assets/Chests/Chest/png/Sliced/Sliced 2/2x/bodyInnerPiece-5-ForBody6-2x.png
  artifactKey: Guid(ed3095d2f0ab1f8409dbcdb592e7d033) Importer(2089858483,0ecaa5967403d082aa24f35e1b516d23)
Start importing Assets/BayatGames/Free Platform Game Assets/Chests/Chest/png/Sliced/Sliced 2/2x/bodyInnerPiece-5-ForBody6-2x.png using Guid(ed3095d2f0ab1f8409dbcdb592e7d033) Importer(2089858483,0ecaa5967403d082aa24f35e1b516d23) Generated GUIDs only implemented for interfaces!
 -> (artifact id: '5afdf43503692a55c00f3713ec2baed9') in 0.048544 seconds
Number of updated asset objects reloaded before import = 0
Number of asset objects unloaded after import = 3
========================================================================
Received Import Request.
  Time since last request: 0.000020 seconds.
  path: Assets/BayatGames/Free Platform Game Assets/Environments/Environments/png/All/4x/Asset 9.png
  artifactKey: Guid(5a83fc290cbf76e4bb5de77f1b785dae) Importer(2089858483,0ecaa5967403d082aa24f35e1b516d23)
Start importing Assets/BayatGames/Free Platform Game Assets/Environments/Environments/png/All/4x/Asset 9.png using Guid(5a83fc290cbf76e4bb5de77f1b785dae) Importer(2089858483,0ecaa5967403d082aa24f35e1b516d23) Generated GUIDs only implemented for interfaces!
 -> (artifact id: '2c36640e652c3379fbb4c87793f63141') in 0.039850 seconds
Number of updated asset objects reloaded before import = 0
Number of asset objects unloaded after import = 3
========================================================================
Received Import Request.
  Time since last request: 0.000021 seconds.
  path: Assets/BayatGames/Free Platform Game Assets/Chests/Chest/png/Sliced/Sliced 2/4x/headInnerPiece-3-ForHead6-4x.png
  artifactKey: Guid(5c08a77b59eabc149b7eb2e6d672d6a8) Importer(2089858483,0ecaa5967403d082aa24f35e1b516d23)
Start importing Assets/BayatGames/Free Platform Game Assets/Chests/Chest/png/Sliced/Sliced 2/4x/headInnerPiece-3-ForHead6-4x.png using Guid(5c08a77b59eabc149b7eb2e6d672d6a8) Importer(2089858483,0ecaa5967403d082aa24f35e1b516d23) Generated GUIDs only implemented for interfaces!
 -> (artifact id: 'ddbe983d05c90def79032760222d059c') in 0.044867 seconds
Number of updated asset objects reloaded before import = 0
Number of asset objects unloaded after import = 3
========================================================================
Received Import Request.
  Time since last request: 0.000017 seconds.
  path: Assets/BayatGames/Free Platform Game Assets/Chests/Chest/png/Sliced/Sliced 2/2x/headInnerPiece-3-ForHead6-2x.png
  artifactKey: Guid(abb0374380566c444980c30bc2c7de8c) Importer(2089858483,0ecaa5967403d082aa24f35e1b516d23)
Start importing Assets/BayatGames/Free Platform Game Assets/Chests/Chest/png/Sliced/Sliced 2/2x/headInnerPiece-3-ForHead6-2x.png using Guid(abb0374380566c444980c30bc2c7de8c) Importer(2089858483,0ecaa5967403d082aa24f35e1b516d23) Generated GUIDs only implemented for interfaces!
 -> (artifact id: 'e49ebdbcb1d8a461c3c2e0b01eed5223') in 0.046288 seconds
Number of updated asset objects reloaded before import = 0
Number of asset objects unloaded after import = 3
========================================================================
Received Import Request.
  Time since last request: 0.000024 seconds.
  path: Assets/BayatGames/Free Platform Game Assets/Chests/Chest/png/Sliced/Sliced 2/4x/headWithoutInnerPiece-5-4x.png
  artifactKey: Guid(a042d614bfa2e334c9db837337941bf5) Importer(2089858483,0ecaa5967403d082aa24f35e1b516d23)
Start importing Assets/BayatGames/Free Platform Game Assets/Chests/Chest/png/Sliced/Sliced 2/4x/headWithoutInnerPiece-5-4x.png using Guid(a042d614bfa2e334c9db837337941bf5) Importer(2089858483,0ecaa5967403d082aa24f35e1b516d23) Generated GUIDs only implemented for interfaces!
 -> (artifact id: '0ec6e2ea82cd243a3e199f025c90072d') in 0.045080 seconds
Number of updated asset objects reloaded before import = 0
Number of asset objects unloaded after import = 3
========================================================================
Received Import Request.
  Time since last request: 0.000026 seconds.
  path: Assets/BayatGames/Free Platform Game Assets/Chests/Chest/png/Sliced/Sliced 2/4x/headWithoutInnerPiece-1-4x.png
  artifactKey: Guid(f66e05a648ce6944dad9591c362028c0) Importer(2089858483,0ecaa5967403d082aa24f35e1b516d23)
Start importing Assets/BayatGames/Free Platform Game Assets/Chests/Chest/png/Sliced/Sliced 2/4x/headWithoutInnerPiece-1-4x.png using Guid(f66e05a648ce6944dad9591c362028c0) Importer(2089858483,0ecaa5967403d082aa24f35e1b516d23) Generated GUIDs only implemented for interfaces!
 -> (artifact id: '4a75822d2a9cc612b3785a7c406bdc9a') in 0.049055 seconds
Number of updated asset objects reloaded before import = 0
Number of asset objects unloaded after import = 3
========================================================================
Received Import Request.
  Time since last request: 0.000026 seconds.
  path: Assets/BayatGames/Free Platform Game Assets/Chests/New Chests ( Update 1.8.5 )/png/Separate/Model-1/1x/1-1x.png
  artifactKey: Guid(0df83e8524ff54548ab3b7a1ee0feb50) Importer(2089858483,0ecaa5967403d082aa24f35e1b516d23)
Start importing Assets/BayatGames/Free Platform Game Assets/Chests/New Chests ( Update 1.8.5 )/png/Separate/Model-1/1x/1-1x.png using Guid(0df83e8524ff54548ab3b7a1ee0feb50) Importer(2089858483,0ecaa5967403d082aa24f35e1b516d23) Generated GUIDs only implemented for interfaces!
 -> (artifact id: 'a0bcb578dade1b4ca453afef23c2cec0') in 0.042197 seconds
Number of updated asset objects reloaded before import = 0
Number of asset objects unloaded after import = 3
========================================================================
Received Import Request.
  Time since last request: 0.000018 seconds.
  path: Assets/BayatGames/Free Platform Game Assets/Chests/Chest/png/Sliced/Sliced 2/4x/bodyWithoutInnerPiece-6-4x.png
  artifactKey: Guid(af77182505eb39143b6fca5c0af0ea0a) Importer(2089858483,0ecaa5967403d082aa24f35e1b516d23)
Start importing Assets/BayatGames/Free Platform Game Assets/Chests/Chest/png/Sliced/Sliced 2/4x/bodyWithoutInnerPiece-6-4x.png using Guid(af77182505eb39143b6fca5c0af0ea0a) Importer(2089858483,0ecaa5967403d082aa24f35e1b516d23) Generated GUIDs only implemented for interfaces!
 -> (artifact id: '0503bac21ae4214fb82876cd7be1c9b3') in 0.045924 seconds
Number of updated asset objects reloaded before import = 0
Number of asset objects unloaded after import = 3
========================================================================
Received Import Request.
  Time since last request: 0.000023 seconds.
  path: Assets/BayatGames/Free Platform Game Assets/Chests/Chest/png/Sliced/Sliced 2/4x/bodyInnerPiece-5-ForBody6-4x.png
  artifactKey: Guid(f68e751b4a9a34244a007f53fcc236b5) Importer(2089858483,0ecaa5967403d082aa24f35e1b516d23)
Start importing Assets/BayatGames/Free Platform Game Assets/Chests/Chest/png/Sliced/Sliced 2/4x/bodyInnerPiece-5-ForBody6-4x.png using Guid(f68e751b4a9a34244a007f53fcc236b5) Importer(2089858483,0ecaa5967403d082aa24f35e1b516d23) Generated GUIDs only implemented for interfaces!
 -> (artifact id: 'a6f680827c08b69ff2980304ac786d9a') in 0.050704 seconds
Number of updated asset objects reloaded before import = 0
Number of asset objects unloaded after import = 3
========================================================================
Received Import Request.
  Time since last request: 0.000019 seconds.
  path: Assets/BayatGames/Free Platform Game Assets/Chests/New Chests ( Update 1.8.5 )/png/Separate/Model-1/1x/6-1x.png
  artifactKey: Guid(ec2607e01e4b3b94f8912ea119deaee6) Importer(2089858483,0ecaa5967403d082aa24f35e1b516d23)
Start importing Assets/BayatGames/Free Platform Game Assets/Chests/New Chests ( Update 1.8.5 )/png/Separate/Model-1/1x/6-1x.png using Guid(ec2607e01e4b3b94f8912ea119deaee6) Importer(2089858483,0ecaa5967403d082aa24f35e1b516d23) Generated GUIDs only implemented for interfaces!
 -> (artifact id: '612d871da8b368d4e05c990dba627ab9') in 0.048926 seconds
Number of updated asset objects reloaded before import = 0
Number of asset objects unloaded after import = 3
========================================================================
Received Import Request.
  Time since last request: 0.000025 seconds.
  path: Assets/BayatGames/Free Platform Game Assets/Chests/Chest/png/Sliced/Sliced 2/4x/bodyInnerPiece-3-ForBody4-4x.png
  artifactKey: Guid(1119ac6f7ebd4574e9c96e9f2150a6f7) Importer(2089858483,0ecaa5967403d082aa24f35e1b516d23)
Start importing Assets/BayatGames/Free Platform Game Assets/Chests/Chest/png/Sliced/Sliced 2/4x/bodyInnerPiece-3-ForBody4-4x.png using Guid(1119ac6f7ebd4574e9c96e9f2150a6f7) Importer(2089858483,0ecaa5967403d082aa24f35e1b516d23) Generated GUIDs only implemented for interfaces!
 -> (artifact id: '90bf1a70bbb120f4db6cd89d46b74e4d') in 0.047494 seconds
Number of updated asset objects reloaded before import = 0
Number of asset objects unloaded after import = 3
========================================================================
Received Import Request.
  Time since last request: 0.000025 seconds.
  path: Assets/BayatGames/Free Platform Game Assets/Chests/Chest/png/Sliced/Sliced 2/4x/headWithoutInnerPiece-6-4x.png
  artifactKey: Guid(a4c78685687411c4c92542d6c9c97444) Importer(2089858483,0ecaa5967403d082aa24f35e1b516d23)
Start importing Assets/BayatGames/Free Platform Game Assets/Chests/Chest/png/Sliced/Sliced 2/4x/headWithoutInnerPiece-6-4x.png using Guid(a4c78685687411c4c92542d6c9c97444) Importer(2089858483,0ecaa5967403d082aa24f35e1b516d23) Generated GUIDs only implemented for interfaces!
 -> (artifact id: 'b0c9feb7316ece479259672cd391a36c') in 0.043999 seconds
Number of updated asset objects reloaded before import = 0
Number of asset objects unloaded after import = 3
========================================================================
Received Import Request.
  Time since last request: 0.000034 seconds.
  path: Assets/BayatGames/Free Platform Game Assets/Chests/Chest/png/Sliced/Sliced 2/4x/headWithoutInnerPiece-3-4x.png
  artifactKey: Guid(524f5b0b591fd4e4fa39094f45b693d0) Importer(2089858483,0ecaa5967403d082aa24f35e1b516d23)
Start importing Assets/BayatGames/Free Platform Game Assets/Chests/Chest/png/Sliced/Sliced 2/4x/headWithoutInnerPiece-3-4x.png using Guid(524f5b0b591fd4e4fa39094f45b693d0) Importer(2089858483,0ecaa5967403d082aa24f35e1b516d23) Generated GUIDs only implemented for interfaces!
 -> (artifact id: 'fa41629aefe3087d7c2147fd75fa1d9c') in 0.046811 seconds
Number of updated asset objects reloaded before import = 0
Number of asset objects unloaded after import = 3
========================================================================
Received Import Request.
  Time since last request: 0.000017 seconds.
  path: Assets/BayatGames/Free Platform Game Assets/Chests/New Chests ( Update 1.8.5 )/png/Separate/Model-1/2x/6-2x.png
  artifactKey: Guid(d11f179f1bba047408fe95b0bb2b7f5e) Importer(2089858483,0ecaa5967403d082aa24f35e1b516d23)
Start importing Assets/BayatGames/Free Platform Game Assets/Chests/New Chests ( Update 1.8.5 )/png/Separate/Model-1/2x/6-2x.png using Guid(d11f179f1bba047408fe95b0bb2b7f5e) Importer(2089858483,0ecaa5967403d082aa24f35e1b516d23) Generated GUIDs only implemented for interfaces!
 -> (artifact id: '5ea35cb3f1e5bd93d9f2171fd03667d2') in 0.039796 seconds
Number of updated asset objects reloaded before import = 0
Number of asset objects unloaded after import = 3
========================================================================
Received Import Request.
  Time since last request: 0.000017 seconds.
  path: Assets/BayatGames/Free Platform Game Assets/Chests/New Chests ( Update 1.8.5 )/png/Separate/Model-2/1x/model-2-7-1x.png
  artifactKey: Guid(a68e3e68cf76479409e6c13b66f05241) Importer(2089858483,0ecaa5967403d082aa24f35e1b516d23)
Start importing Assets/BayatGames/Free Platform Game Assets/Chests/New Chests ( Update 1.8.5 )/png/Separate/Model-2/1x/model-2-7-1x.png using Guid(a68e3e68cf76479409e6c13b66f05241) Importer(2089858483,0ecaa5967403d082aa24f35e1b516d23) Generated GUIDs only implemented for interfaces!
 -> (artifact id: 'cd0aa6ba8826ba0927ebb0d45150f789') in 0.050185 seconds
Number of updated asset objects reloaded before import = 0
Number of asset objects unloaded after import = 3
========================================================================
Received Import Request.
  Time since last request: 0.000022 seconds.
  path: Assets/BayatGames/Free Platform Game Assets/Chests/New Chests ( Update 1.8.5 )/png/Separate/Model-1/4x/1-4x.png
  artifactKey: Guid(3be80395f95ffb04694877d1fa859186) Importer(2089858483,0ecaa5967403d082aa24f35e1b516d23)
Start importing Assets/BayatGames/Free Platform Game Assets/Chests/New Chests ( Update 1.8.5 )/png/Separate/Model-1/4x/1-4x.png using Guid(3be80395f95ffb04694877d1fa859186) Importer(2089858483,0ecaa5967403d082aa24f35e1b516d23) Generated GUIDs only implemented for interfaces!
 -> (artifact id: 'b8c28361143b02a55b553793b58f6273') in 0.046245 seconds
Number of updated asset objects reloaded before import = 0
Number of asset objects unloaded after import = 3
========================================================================
Received Import Request.
  Time since last request: 0.000022 seconds.
  path: Assets/BayatGames/Free Platform Game Assets/Chests/New Chests ( Update 1.8.5 )/png/Separate/Model-1/2x/5-2x.png
  artifactKey: Guid(44cd567155ef74e46a696da36df1a266) Importer(2089858483,0ecaa5967403d082aa24f35e1b516d23)
Start importing Assets/BayatGames/Free Platform Game Assets/Chests/New Chests ( Update 1.8.5 )/png/Separate/Model-1/2x/5-2x.png using Guid(44cd567155ef74e46a696da36df1a266) Importer(2089858483,0ecaa5967403d082aa24f35e1b516d23) Generated GUIDs only implemented for interfaces!
 -> (artifact id: '58a64631401ec7a2fe5260d90c5c0dd9') in 0.047134 seconds
Number of updated asset objects reloaded before import = 0
Number of asset objects unloaded after import = 3
========================================================================
Received Import Request.
  Time since last request: 0.000025 seconds.
  path: Assets/BayatGames/Free Platform Game Assets/Chests/New Chests ( Update 1.8.5 )/png/Separate/Model-2/1x/model-2-5-1x.png
  artifactKey: Guid(977be507013cbfc4986e181ae5a85778) Importer(2089858483,0ecaa5967403d082aa24f35e1b516d23)
Start importing Assets/BayatGames/Free Platform Game Assets/Chests/New Chests ( Update 1.8.5 )/png/Separate/Model-2/1x/model-2-5-1x.png using Guid(977be507013cbfc4986e181ae5a85778) Importer(2089858483,0ecaa5967403d082aa24f35e1b516d23) Generated GUIDs only implemented for interfaces!
 -> (artifact id: '5b0b2541ed1ffdd298f72c2d05f0f27b') in 0.047925 seconds
Number of updated asset objects reloaded before import = 0
Number of asset objects unloaded after import = 3
========================================================================
Received Import Request.
  Time since last request: 0.000035 seconds.
  path: Assets/BayatGames/Free Platform Game Assets/Chests/New Chests ( Update 1.8.5 )/png/Separate/Model-1/2x/8-2x.png
  artifactKey: Guid(ced74a61b2ead6d44aa347c46c93572b) Importer(2089858483,0ecaa5967403d082aa24f35e1b516d23)
Start importing Assets/BayatGames/Free Platform Game Assets/Chests/New Chests ( Update 1.8.5 )/png/Separate/Model-1/2x/8-2x.png using Guid(ced74a61b2ead6d44aa347c46c93572b) Importer(2089858483,0ecaa5967403d082aa24f35e1b516d23) Generated GUIDs only implemented for interfaces!
 -> (artifact id: 'ccf455a7dd699d33309c572a32825774') in 0.045520 seconds
Number of updated asset objects reloaded before import = 0
Number of asset objects unloaded after import = 3
========================================================================
Received Import Request.
  Time since last request: 0.000021 seconds.
  path: Assets/BayatGames/Free Platform Game Assets/Chests/New Chests ( Update 1.8.5 )/png/Separate/Model-1/2x/2-2x.png
  artifactKey: Guid(d2f2664bbd0314a4e9212307d6a3fdab) Importer(2089858483,0ecaa5967403d082aa24f35e1b516d23)
Start importing Assets/BayatGames/Free Platform Game Assets/Chests/New Chests ( Update 1.8.5 )/png/Separate/Model-1/2x/2-2x.png using Guid(d2f2664bbd0314a4e9212307d6a3fdab) Importer(2089858483,0ecaa5967403d082aa24f35e1b516d23) Generated GUIDs only implemented for interfaces!
 -> (artifact id: '174761b096e4fb1f438770bfdc839243') in 0.047713 seconds
Number of updated asset objects reloaded before import = 0
Number of asset objects unloaded after import = 3
========================================================================
Received Import Request.
  Time since last request: 0.000016 seconds.
  path: Assets/BayatGames/Free Platform Game Assets/Chests/New Chests ( Update 1.8.5 )/png/Separate/Model-2/1x/model-2-2-1x.png
  artifactKey: Guid(86309f6703d55564b8940aab02c0904a) Importer(2089858483,0ecaa5967403d082aa24f35e1b516d23)
Start importing Assets/BayatGames/Free Platform Game Assets/Chests/New Chests ( Update 1.8.5 )/png/Separate/Model-2/1x/model-2-2-1x.png using Guid(86309f6703d55564b8940aab02c0904a) Importer(2089858483,0ecaa5967403d082aa24f35e1b516d23) Generated GUIDs only implemented for interfaces!
 -> (artifact id: '6677aaf65dbdb71a449fa5975ef929a4') in 0.043857 seconds
Number of updated asset objects reloaded before import = 0
Number of asset objects unloaded after import = 3
========================================================================
Received Import Request.
  Time since last request: 0.000024 seconds.
  path: Assets/BayatGames/Free Platform Game Assets/Chests/New Chests ( Update 1.8.5 )/png/Separate/Model-1/4x/6-4x.png
  artifactKey: Guid(00d99954bdc3ad341a4c7c8704d71198) Importer(2089858483,0ecaa5967403d082aa24f35e1b516d23)
Start importing Assets/BayatGames/Free Platform Game Assets/Chests/New Chests ( Update 1.8.5 )/png/Separate/Model-1/4x/6-4x.png using Guid(00d99954bdc3ad341a4c7c8704d71198) Importer(2089858483,0ecaa5967403d082aa24f35e1b516d23) Generated GUIDs only implemented for interfaces!
 -> (artifact id: '7774d4d938819d5e7ad4c3d886a838ba') in 0.047248 seconds
Number of updated asset objects reloaded before import = 0
Number of asset objects unloaded after import = 3
========================================================================
Received Import Request.
  Time since last request: 0.000022 seconds.
  path: Assets/BayatGames/Free Platform Game Assets/Chests/New Chests ( Update 1.8.5 )/png/Separate/Model-2/2x/model-2-1-2x.png
  artifactKey: Guid(d618d082aade1a54387f1c4d8c39b4db) Importer(2089858483,0ecaa5967403d082aa24f35e1b516d23)
Start importing Assets/BayatGames/Free Platform Game Assets/Chests/New Chests ( Update 1.8.5 )/png/Separate/Model-2/2x/model-2-1-2x.png using Guid(d618d082aade1a54387f1c4d8c39b4db) Importer(2089858483,0ecaa5967403d082aa24f35e1b516d23) Generated GUIDs only implemented for interfaces!
 -> (artifact id: 'b7a2d0e44f83f6231042f28a9c8318f4') in 0.048018 seconds
Number of updated asset objects reloaded before import = 0
Number of asset objects unloaded after import = 3
========================================================================
Received Import Request.
  Time since last request: 0.000022 seconds.
  path: Assets/BayatGames/Free Platform Game Assets/Chests/New Chests ( Update 1.8.5 )/png/Separate/Model-1/4x/3-4x.png
  artifactKey: Guid(c4bea619d180d7745a5058663ac22ba0) Importer(2089858483,0ecaa5967403d082aa24f35e1b516d23)
Start importing Assets/BayatGames/Free Platform Game Assets/Chests/New Chests ( Update 1.8.5 )/png/Separate/Model-1/4x/3-4x.png using Guid(c4bea619d180d7745a5058663ac22ba0) Importer(2089858483,0ecaa5967403d082aa24f35e1b516d23) Generated GUIDs only implemented for interfaces!
 -> (artifact id: '2b3de6598e285b4c6a84e42e5c608b2c') in 0.048928 seconds
Number of updated asset objects reloaded before import = 0
Number of asset objects unloaded after import = 3
========================================================================
Received Import Request.
  Time since last request: 0.000038 seconds.
  path: Assets/BayatGames/Free Platform Game Assets/Chests/New Chests ( Update 1.8.5 )/png/Sliced/Model-1/1x/headInnerPiece-4-ForHead-8-1x.png
  artifactKey: Guid(c7cd2b09865e88749a8dd7cb2a5fa83a) Importer(2089858483,0ecaa5967403d082aa24f35e1b516d23)
Start importing Assets/BayatGames/Free Platform Game Assets/Chests/New Chests ( Update 1.8.5 )/png/Sliced/Model-1/1x/headInnerPiece-4-ForHead-8-1x.png using Guid(c7cd2b09865e88749a8dd7cb2a5fa83a) Importer(2089858483,0ecaa5967403d082aa24f35e1b516d23) Generated GUIDs only implemented for interfaces!
 -> (artifact id: '9e8f6919b2b1b89681a2451741e05c1a') in 0.045913 seconds
Number of updated asset objects reloaded before import = 0
Number of asset objects unloaded after import = 3
========================================================================
Received Import Request.
  Time since last request: 0.000086 seconds.
  path: Assets/BayatGames/Free Platform Game Assets/Chests/New Chests ( Update 1.8.5 )/png/Separate/Model-2/4x/model-2-2-4x.png
  artifactKey: Guid(b2a8c36801e25d74bb31f0e65c3b3c33) Importer(2089858483,0ecaa5967403d082aa24f35e1b516d23)
Start importing Assets/BayatGames/Free Platform Game Assets/Chests/New Chests ( Update 1.8.5 )/png/Separate/Model-2/4x/model-2-2-4x.png using Guid(b2a8c36801e25d74bb31f0e65c3b3c33) Importer(2089858483,0ecaa5967403d082aa24f35e1b516d23) Generated GUIDs only implemented for interfaces!
 -> (artifact id: '2bb82305d52d622a51b5ab27b6884bd9') in 0.045812 seconds
Number of updated asset objects reloaded before import = 0
Number of asset objects unloaded after import = 3
========================================================================
Received Import Request.
  Time since last request: 0.000022 seconds.
  path: Assets/BayatGames/Free Platform Game Assets/Chests/New Chests ( Update 1.8.5 )/png/Sliced/Model-1/1x/headInnerPiece-1-ForHead-5-1x.png
  artifactKey: Guid(6374bfe696e08c841a78e0f60d2bab34) Importer(2089858483,0ecaa5967403d082aa24f35e1b516d23)
Start importing Assets/BayatGames/Free Platform Game Assets/Chests/New Chests ( Update 1.8.5 )/png/Sliced/Model-1/1x/headInnerPiece-1-ForHead-5-1x.png using Guid(6374bfe696e08c841a78e0f60d2bab34) Importer(2089858483,0ecaa5967403d082aa24f35e1b516d23) Generated GUIDs only implemented for interfaces!
 -> (artifact id: 'd669aa815519232d5263fbe588a0b946') in 0.049198 seconds
Number of updated asset objects reloaded before import = 0
Number of asset objects unloaded after import = 3
========================================================================
Received Import Request.
  Time since last request: 0.000031 seconds.
  path: Assets/BayatGames/Free Platform Game Assets/Chests/New Chests ( Update 1.8.5 )/png/Separate/Model-2/2x/model-2-4-2x.png
  artifactKey: Guid(9b63c9829f6ed1e4091d14e632407b2a) Importer(2089858483,0ecaa5967403d082aa24f35e1b516d23)
Start importing Assets/BayatGames/Free Platform Game Assets/Chests/New Chests ( Update 1.8.5 )/png/Separate/Model-2/2x/model-2-4-2x.png using Guid(9b63c9829f6ed1e4091d14e632407b2a) Importer(2089858483,0ecaa5967403d082aa24f35e1b516d23) Generated GUIDs only implemented for interfaces!
 -> (artifact id: 'fc0ccd25e138597fc3b9849100627209') in 0.046527 seconds
Number of updated asset objects reloaded before import = 0
Number of asset objects unloaded after import = 3
========================================================================
Received Import Request.
  Time since last request: 0.000022 seconds.
  path: Assets/BayatGames/Free Platform Game Assets/Chests/New Chests ( Update 1.8.5 )/png/Sliced/Model-1/1x/head-7-1x.png
  artifactKey: Guid(423c2dc1df00150459f6a7d1bf27aa9c) Importer(2089858483,0ecaa5967403d082aa24f35e1b516d23)
Start importing Assets/BayatGames/Free Platform Game Assets/Chests/New Chests ( Update 1.8.5 )/png/Sliced/Model-1/1x/head-7-1x.png using Guid(423c2dc1df00150459f6a7d1bf27aa9c) Importer(2089858483,0ecaa5967403d082aa24f35e1b516d23) Generated GUIDs only implemented for interfaces!
 -> (artifact id: '76e100dde5941bd1a25d7a010d0f7f59') in 0.043816 seconds
Number of updated asset objects reloaded before import = 0
Number of asset objects unloaded after import = 3
========================================================================
Received Import Request.
  Time since last request: 0.000021 seconds.
  path: Assets/BayatGames/Free Platform Game Assets/Chests/New Chests ( Update 1.8.5 )/png/Separate/Model-2/2x/model-2-9-2x.png
  artifactKey: Guid(1a1c995cf191d09498abd361e26a9f43) Importer(2089858483,0ecaa5967403d082aa24f35e1b516d23)
Start importing Assets/BayatGames/Free Platform Game Assets/Chests/New Chests ( Update 1.8.5 )/png/Separate/Model-2/2x/model-2-9-2x.png using Guid(1a1c995cf191d09498abd361e26a9f43) Importer(2089858483,0ecaa5967403d082aa24f35e1b516d23) Generated GUIDs only implemented for interfaces!
 -> (artifact id: 'acfa23510f50124fea757ee7616b0411') in 0.047313 seconds
Number of updated asset objects reloaded before import = 0
Number of asset objects unloaded after import = 3
========================================================================
Received Import Request.
  Time since last request: 0.000449 seconds.
  path: Assets/BayatGames/Free Platform Game Assets/Chests/New Chests ( Update 1.8.5 )/png/Sliced/Model-1/1x/body-1x.png
  artifactKey: Guid(9aaebe2146b6147429f3f8f9450f4145) Importer(2089858483,0ecaa5967403d082aa24f35e1b516d23)
Start importing Assets/BayatGames/Free Platform Game Assets/Chests/New Chests ( Update 1.8.5 )/png/Sliced/Model-1/1x/body-1x.png using Guid(9aaebe2146b6147429f3f8f9450f4145) Importer(2089858483,0ecaa5967403d082aa24f35e1b516d23) Generated GUIDs only implemented for interfaces!
 -> (artifact id: '8f7a1b3e6d9f2f8594552846acf188eb') in 0.045109 seconds
Number of updated asset objects reloaded before import = 0
Number of asset objects unloaded after import = 3
========================================================================
Received Import Request.
  Time since last request: 0.000018 seconds.
  path: Assets/BayatGames/Free Platform Game Assets/Chests/New Chests ( Update 1.8.5 )/png/Separate/Model-2/4x/model-2-3-4x.png
  artifactKey: Guid(f87c95c727d8db7478a3fa5596455e35) Importer(2089858483,0ecaa5967403d082aa24f35e1b516d23)
Start importing Assets/BayatGames/Free Platform Game Assets/Chests/New Chests ( Update 1.8.5 )/png/Separate/Model-2/4x/model-2-3-4x.png using Guid(f87c95c727d8db7478a3fa5596455e35) Importer(2089858483,0ecaa5967403d082aa24f35e1b516d23) Generated GUIDs only implemented for interfaces!
 -> (artifact id: '0e2e519bc38474d7181cd539941ea971') in 0.044443 seconds
Number of updated asset objects reloaded before import = 0
Number of asset objects unloaded after import = 3
========================================================================
Received Import Request.
  Time since last request: 0.000018 seconds.
  path: Assets/BayatGames/Free Platform Game Assets/Chests/New Chests ( Update 1.8.5 )/png/Separate/Model-2/4x/model-2-5-4x.png
  artifactKey: Guid(36e0edef93ced4245be6bce7859c3bb3) Importer(2089858483,0ecaa5967403d082aa24f35e1b516d23)
Start importing Assets/BayatGames/Free Platform Game Assets/Chests/New Chests ( Update 1.8.5 )/png/Separate/Model-2/4x/model-2-5-4x.png using Guid(36e0edef93ced4245be6bce7859c3bb3) Importer(2089858483,0ecaa5967403d082aa24f35e1b516d23) Generated GUIDs only implemented for interfaces!
 -> (artifact id: '76f5183b54e1e2fa3750f274f6117d79') in 0.047150 seconds
Number of updated asset objects reloaded before import = 0
Number of asset objects unloaded after import = 3
========================================================================
Received Import Request.
  Time since last request: 0.000023 seconds.
  path: Assets/BayatGames/Free Platform Game Assets/Chests/New Chests ( Update 1.8.5 )/png/Sliced/Model-1/1x/head-6-1x.png
  artifactKey: Guid(b47be349c2d8f674c88ef40a727bafbd) Importer(2089858483,0ecaa5967403d082aa24f35e1b516d23)
Start importing Assets/BayatGames/Free Platform Game Assets/Chests/New Chests ( Update 1.8.5 )/png/Sliced/Model-1/1x/head-6-1x.png using Guid(b47be349c2d8f674c88ef40a727bafbd) Importer(2089858483,0ecaa5967403d082aa24f35e1b516d23) Generated GUIDs only implemented for interfaces!
 -> (artifact id: '36c00639bcfc5b890e19f1c44bf1af12') in 0.044833 seconds
Number of updated asset objects reloaded before import = 0
Number of asset objects unloaded after import = 3
========================================================================
Received Import Request.
  Time since last request: 0.000016 seconds.
  path: Assets/BayatGames/Free Platform Game Assets/Chests/New Chests ( Update 1.8.5 )/png/Separate/Model-2/2x/model-2-7-2x.png
  artifactKey: Guid(8ac2b58049436204ba77d08be422cf4b) Importer(2089858483,0ecaa5967403d082aa24f35e1b516d23)
Start importing Assets/BayatGames/Free Platform Game Assets/Chests/New Chests ( Update 1.8.5 )/png/Separate/Model-2/2x/model-2-7-2x.png using Guid(8ac2b58049436204ba77d08be422cf4b) Importer(2089858483,0ecaa5967403d082aa24f35e1b516d23) Generated GUIDs only implemented for interfaces!
 -> (artifact id: '6131723117794ef62e818f0df3cda727') in 0.045654 seconds
Number of updated asset objects reloaded before import = 0
Number of asset objects unloaded after import = 3
========================================================================
Received Import Request.
  Time since last request: 0.000027 seconds.
  path: Assets/BayatGames/Free Platform Game Assets/Chests/New Chests ( Update 1.8.5 )/png/Sliced/Model-1/2x/headInnerPiece-5-ForHead-9-2x.png
  artifactKey: Guid(a991cfda45438ff44ae9c0bcb57f5117) Importer(2089858483,0ecaa5967403d082aa24f35e1b516d23)
Start importing Assets/BayatGames/Free Platform Game Assets/Chests/New Chests ( Update 1.8.5 )/png/Sliced/Model-1/2x/headInnerPiece-5-ForHead-9-2x.png using Guid(a991cfda45438ff44ae9c0bcb57f5117) Importer(2089858483,0ecaa5967403d082aa24f35e1b516d23) Generated GUIDs only implemented for interfaces!
 -> (artifact id: '75061fa3da353e657e7a85fd942b4dbc') in 0.047496 seconds
Number of updated asset objects reloaded before import = 0
Number of asset objects unloaded after import = 3
========================================================================
Received Import Request.
  Time since last request: 0.000035 seconds.
  path: Assets/BayatGames/Free Platform Game Assets/Chests/New Chests ( Update 1.8.5 )/png/Sliced/Model-1/2x/headInnerPiece-3-ForHead-7-2x.png
  artifactKey: Guid(33f1a2ffacf2f6545b0f377bb4161409) Importer(2089858483,0ecaa5967403d082aa24f35e1b516d23)
Start importing Assets/BayatGames/Free Platform Game Assets/Chests/New Chests ( Update 1.8.5 )/png/Sliced/Model-1/2x/headInnerPiece-3-ForHead-7-2x.png using Guid(33f1a2ffacf2f6545b0f377bb4161409) Importer(2089858483,0ecaa5967403d082aa24f35e1b516d23) Generated GUIDs only implemented for interfaces!
 -> (artifact id: '02730897b13aafbebddaadfd7f3e5386') in 0.049114 seconds
Number of updated asset objects reloaded before import = 0
Number of asset objects unloaded after import = 3
========================================================================
Received Import Request.
  Time since last request: 0.000025 seconds.
  path: Assets/BayatGames/Free Platform Game Assets/Chests/New Chests ( Update 1.8.5 )/png/Sliced/Model-1/4x/headInnerPiece-4-ForHead-8-4x.png
  artifactKey: Guid(5bede3523b5440f4b81e80fe296b0978) Importer(2089858483,0ecaa5967403d082aa24f35e1b516d23)
Start importing Assets/BayatGames/Free Platform Game Assets/Chests/New Chests ( Update 1.8.5 )/png/Sliced/Model-1/4x/headInnerPiece-4-ForHead-8-4x.png using Guid(5bede3523b5440f4b81e80fe296b0978) Importer(2089858483,0ecaa5967403d082aa24f35e1b516d23) Generated GUIDs only implemented for interfaces!
 -> (artifact id: '6e8508ee96c232da34ee70e1046c4533') in 0.051660 seconds
Number of updated asset objects reloaded before import = 0
Number of asset objects unloaded after import = 3
========================================================================
Received Import Request.
  Time since last request: 0.000022 seconds.
  path: Assets/BayatGames/Free Platform Game Assets/Chests/New Chests ( Update 1.8.5 )/png/Sliced/Model-1/2x/head-4-2x.png
  artifactKey: Guid(42dcf69cc11d633499e78276fc17ddc6) Importer(2089858483,0ecaa5967403d082aa24f35e1b516d23)
Start importing Assets/BayatGames/Free Platform Game Assets/Chests/New Chests ( Update 1.8.5 )/png/Sliced/Model-1/2x/head-4-2x.png using Guid(42dcf69cc11d633499e78276fc17ddc6) Importer(2089858483,0ecaa5967403d082aa24f35e1b516d23) Generated GUIDs only implemented for interfaces!
 -> (artifact id: 'fe8a33084721af08491803a43f5e7cc7') in 0.052015 seconds
Number of updated asset objects reloaded before import = 0
Number of asset objects unloaded after import = 3
========================================================================
Received Import Request.
  Time since last request: 0.000017 seconds.
  path: Assets/BayatGames/Free Platform Game Assets/Chests/New Chests ( Update 1.8.5 )/png/Sliced/Model-1/4x/head-4-4x.png
  artifactKey: Guid(842d5d60674796f4c80048be29d080a4) Importer(2089858483,0ecaa5967403d082aa24f35e1b516d23)
Start importing Assets/BayatGames/Free Platform Game Assets/Chests/New Chests ( Update 1.8.5 )/png/Sliced/Model-1/4x/head-4-4x.png using Guid(842d5d60674796f4c80048be29d080a4) Importer(2089858483,0ecaa5967403d082aa24f35e1b516d23) Generated GUIDs only implemented for interfaces!
 -> (artifact id: '1c6fccaa1ba977b509a80c22587d3c6d') in 0.042809 seconds
Number of updated asset objects reloaded before import = 0
Number of asset objects unloaded after import = 3
========================================================================
Received Import Request.
  Time since last request: 0.000017 seconds.
  path: Assets/BayatGames/Free Platform Game Assets/Chests/New Chests ( Update 1.8.5 )/png/Sliced/Model-2/1x/Model2-Head-1-1x.png
  artifactKey: Guid(81b764197f911f649ab7424ac258987e) Importer(2089858483,0ecaa5967403d082aa24f35e1b516d23)
Start importing Assets/BayatGames/Free Platform Game Assets/Chests/New Chests ( Update 1.8.5 )/png/Sliced/Model-2/1x/Model2-Head-1-1x.png using Guid(81b764197f911f649ab7424ac258987e) Importer(2089858483,0ecaa5967403d082aa24f35e1b516d23) Generated GUIDs only implemented for interfaces!
 -> (artifact id: '087bc50ab4fc46c7555f977a556a2415') in 0.041966 seconds
Number of updated asset objects reloaded before import = 0
Number of asset objects unloaded after import = 3
========================================================================
Received Import Request.
  Time since last request: 0.000025 seconds.
  path: Assets/BayatGames/Free Platform Game Assets/Chests/New Chests ( Update 1.8.5 )/png/Sliced/Model-1/2x/head-6-2x.png
  artifactKey: Guid(350993551b5ff7e408c5adfc90c9dbb7) Importer(2089858483,0ecaa5967403d082aa24f35e1b516d23)
Start importing Assets/BayatGames/Free Platform Game Assets/Chests/New Chests ( Update 1.8.5 )/png/Sliced/Model-1/2x/head-6-2x.png using Guid(350993551b5ff7e408c5adfc90c9dbb7) Importer(2089858483,0ecaa5967403d082aa24f35e1b516d23) Generated GUIDs only implemented for interfaces!
 -> (artifact id: '28547c8e695a875ee7a0d6aecefedf63') in 0.047015 seconds
Number of updated asset objects reloaded before import = 0
Number of asset objects unloaded after import = 3
========================================================================
Received Import Request.
  Time since last request: 0.000028 seconds.
  path: Assets/BayatGames/Free Platform Game Assets/Chests/New Chests ( Update 1.8.5 )/png/Sliced/Model-1/2x/head-9-2x.png
  artifactKey: Guid(d1876a386503b8343a0f87a805b368ce) Importer(2089858483,0ecaa5967403d082aa24f35e1b516d23)
Start importing Assets/BayatGames/Free Platform Game Assets/Chests/New Chests ( Update 1.8.5 )/png/Sliced/Model-1/2x/head-9-2x.png using Guid(d1876a386503b8343a0f87a805b368ce) Importer(2089858483,0ecaa5967403d082aa24f35e1b516d23) Generated GUIDs only implemented for interfaces!
 -> (artifact id: '0c78d70eaaa4668a6fd007c9bde72a05') in 0.044569 seconds
Number of updated asset objects reloaded before import = 0
Number of asset objects unloaded after import = 3
========================================================================
Received Import Request.
  Time since last request: 0.000019 seconds.
  path: Assets/BayatGames/Free Platform Game Assets/Chests/New Chests ( Update 1.8.5 )/png/Sliced/Model-2/1x/Model2-bodyInnerPiece-1x.png
  artifactKey: Guid(b75ff578bb483a54ba06de6f2491b127) Importer(2089858483,0ecaa5967403d082aa24f35e1b516d23)
Start importing Assets/BayatGames/Free Platform Game Assets/Chests/New Chests ( Update 1.8.5 )/png/Sliced/Model-2/1x/Model2-bodyInnerPiece-1x.png using Guid(b75ff578bb483a54ba06de6f2491b127) Importer(2089858483,0ecaa5967403d082aa24f35e1b516d23) Generated GUIDs only implemented for interfaces!
 -> (artifact id: '574331a93d7d866d70a3a0c65fb97f51') in 0.046142 seconds
Number of updated asset objects reloaded before import = 0
Number of asset objects unloaded after import = 3
========================================================================
Received Import Request.
  Time since last request: 0.000023 seconds.
  path: Assets/BayatGames/Free Platform Game Assets/Chests/New Chests ( Update 1.8.5 )/png/Sliced/Model-1/4x/bodyInnerPiece-4x.png
  artifactKey: Guid(6ac266b7802b1a0499f1b7ae54ecf0ac) Importer(2089858483,0ecaa5967403d082aa24f35e1b516d23)
Start importing Assets/BayatGames/Free Platform Game Assets/Chests/New Chests ( Update 1.8.5 )/png/Sliced/Model-1/4x/bodyInnerPiece-4x.png using Guid(6ac266b7802b1a0499f1b7ae54ecf0ac) Importer(2089858483,0ecaa5967403d082aa24f35e1b516d23) Generated GUIDs only implemented for interfaces!
 -> (artifact id: 'af847caae86f7f1587c0ba90f1e907b3') in 0.049617 seconds
Number of updated asset objects reloaded before import = 0
Number of asset objects unloaded after import = 3
========================================================================
Received Import Request.
  Time since last request: 0.000022 seconds.
  path: Assets/BayatGames/Free Platform Game Assets/Chests/New Chests ( Update 1.8.5 )/png/Sliced/Model-1/2x/head-8-2x.png
  artifactKey: Guid(8f6df8ce34672e04880c99ca5a37cc71) Importer(2089858483,0ecaa5967403d082aa24f35e1b516d23)
Start importing Assets/BayatGames/Free Platform Game Assets/Chests/New Chests ( Update 1.8.5 )/png/Sliced/Model-1/2x/head-8-2x.png using Guid(8f6df8ce34672e04880c99ca5a37cc71) Importer(2089858483,0ecaa5967403d082aa24f35e1b516d23) Generated GUIDs only implemented for interfaces!
 -> (artifact id: '8f2ca530762b5a2556823ea1c0883ca6') in 0.046616 seconds
Number of updated asset objects reloaded before import = 0
Number of asset objects unloaded after import = 3
========================================================================
Received Import Request.
  Time since last request: 0.000018 seconds.
  path: Assets/BayatGames/Free Platform Game Assets/Chests/New Chests ( Update 1.8.5 )/png/Sliced/Model-2/2x/Model2-Head-1-2x.png
  artifactKey: Guid(49335457b68a16d4b9b05bae6ddd7f26) Importer(2089858483,0ecaa5967403d082aa24f35e1b516d23)
Start importing Assets/BayatGames/Free Platform Game Assets/Chests/New Chests ( Update 1.8.5 )/png/Sliced/Model-2/2x/Model2-Head-1-2x.png using Guid(49335457b68a16d4b9b05bae6ddd7f26) Importer(2089858483,0ecaa5967403d082aa24f35e1b516d23) Generated GUIDs only implemented for interfaces!
 -> (artifact id: '5f1c34086537aa6dc09770dfe149990d') in 0.045911 seconds
Number of updated asset objects reloaded before import = 0
Number of asset objects unloaded after import = 3
========================================================================
Received Import Request.
  Time since last request: 0.000025 seconds.
  path: Assets/BayatGames/Free Platform Game Assets/Chests/New Chests ( Update 1.8.5 )/png/Sliced/Model-2/2x/Model2-headInnerPiece-4-ForHead-8-2x.png
  artifactKey: Guid(07eacf507546869488d0103d0ece26c9) Importer(2089858483,0ecaa5967403d082aa24f35e1b516d23)
Start importing Assets/BayatGames/Free Platform Game Assets/Chests/New Chests ( Update 1.8.5 )/png/Sliced/Model-2/2x/Model2-headInnerPiece-4-ForHead-8-2x.png using Guid(07eacf507546869488d0103d0ece26c9) Importer(2089858483,0ecaa5967403d082aa24f35e1b516d23) Generated GUIDs only implemented for interfaces!
 -> (artifact id: 'c556efc1a9555db9723c4605214d2168') in 0.047354 seconds
Number of updated asset objects reloaded before import = 0
Number of asset objects unloaded after import = 3
========================================================================
Received Import Request.
  Time since last request: 0.000039 seconds.
  path: Assets/BayatGames/Free Platform Game Assets/Chests/New Chests ( Update 1.8.5 )/png/Sliced/Model-2/4x/Model2-bodyInnerPiece-4x.png
  artifactKey: Guid(26c7d0f1e7eeef84dba983b6a717a976) Importer(2089858483,0ecaa5967403d082aa24f35e1b516d23)
Start importing Assets/BayatGames/Free Platform Game Assets/Chests/New Chests ( Update 1.8.5 )/png/Sliced/Model-2/4x/Model2-bodyInnerPiece-4x.png using Guid(26c7d0f1e7eeef84dba983b6a717a976) Importer(2089858483,0ecaa5967403d082aa24f35e1b516d23) Generated GUIDs only implemented for interfaces!
 -> (artifact id: 'a0799984695d8a97b4f95d619207b6e6') in 0.046545 seconds
Number of updated asset objects reloaded before import = 0
Number of asset objects unloaded after import = 3
========================================================================
Received Import Request.
  Time since last request: 0.000021 seconds.
  path: Assets/BayatGames/Free Platform Game Assets/Chests/New Chests ( Update 1.8.5 )/png/Sliced/Model-2/1x/Model2-Head-5-1x.png
  artifactKey: Guid(aa8aa642ab658274a83753470df48521) Importer(2089858483,0ecaa5967403d082aa24f35e1b516d23)
Start importing Assets/BayatGames/Free Platform Game Assets/Chests/New Chests ( Update 1.8.5 )/png/Sliced/Model-2/1x/Model2-Head-5-1x.png using Guid(aa8aa642ab658274a83753470df48521) Importer(2089858483,0ecaa5967403d082aa24f35e1b516d23) Generated GUIDs only implemented for interfaces!
 -> (artifact id: 'f67289c4828bac9da9f1524736ca568b') in 0.044573 seconds
Number of updated asset objects reloaded before import = 0
Number of asset objects unloaded after import = 3
========================================================================
Received Import Request.
  Time since last request: 0.000018 seconds.
  path: Assets/BayatGames/Free Platform Game Assets/Chests/New Chests ( Update 1.8.5 )/png/Sliced/Model-2/1x/Model2-headInnerPiece-4-ForHead-8-1x.png
  artifactKey: Guid(b53f5a7b8ee52ca47ac99f92d3c5a583) Importer(2089858483,0ecaa5967403d082aa24f35e1b516d23)
Start importing Assets/BayatGames/Free Platform Game Assets/Chests/New Chests ( Update 1.8.5 )/png/Sliced/Model-2/1x/Model2-headInnerPiece-4-ForHead-8-1x.png using Guid(b53f5a7b8ee52ca47ac99f92d3c5a583) Importer(2089858483,0ecaa5967403d082aa24f35e1b516d23) Generated GUIDs only implemented for interfaces!
 -> (artifact id: '949cb2ac9c5be11d377dc24c94eeb0b7') in 0.046740 seconds
Number of updated asset objects reloaded before import = 0
Number of asset objects unloaded after import = 3
========================================================================
Received Import Request.
  Time since last request: 0.000018 seconds.
  path: Assets/BayatGames/Free Platform Game Assets/Chests/New Chests ( Update 1.8.5 )/png/Sliced/Model-2/2x/Model2-Head-9-2x.png
  artifactKey: Guid(6459dd98ba2e6624ebc94b19e55fa04e) Importer(2089858483,0ecaa5967403d082aa24f35e1b516d23)
Start importing Assets/BayatGames/Free Platform Game Assets/Chests/New Chests ( Update 1.8.5 )/png/Sliced/Model-2/2x/Model2-Head-9-2x.png using Guid(6459dd98ba2e6624ebc94b19e55fa04e) Importer(2089858483,0ecaa5967403d082aa24f35e1b516d23) Generated GUIDs only implemented for interfaces!
 -> (artifact id: 'dd13fb86ad3230533161da55503b1484') in 0.045567 seconds
Number of updated asset objects reloaded before import = 0
Number of asset objects unloaded after import = 3
========================================================================
Received Import Request.
  Time since last request: 0.000022 seconds.
  path: Assets/BayatGames/Free Platform Game Assets/Chests/New Chests ( Update 1.8.5 )/png/Sliced/Model-2/2x/Model2-Head-6-2x.png
  artifactKey: Guid(2ad41539b0d99b14897d8159edfe8454) Importer(2089858483,0ecaa5967403d082aa24f35e1b516d23)
Start importing Assets/BayatGames/Free Platform Game Assets/Chests/New Chests ( Update 1.8.5 )/png/Sliced/Model-2/2x/Model2-Head-6-2x.png using Guid(2ad41539b0d99b14897d8159edfe8454) Importer(2089858483,0ecaa5967403d082aa24f35e1b516d23) Generated GUIDs only implemented for interfaces!
 -> (artifact id: '1b579af3265f297e238821bfe7d0225b') in 0.045929 seconds
Number of updated asset objects reloaded before import = 0
Number of asset objects unloaded after import = 3
========================================================================
Received Import Request.
  Time since last request: 0.000020 seconds.
  path: Assets/BayatGames/Free Platform Game Assets/Chests/New Chests ( Update 1.8.5 )/png/Sliced/Model-2/1x/Model2-Head-6-1x.png
  artifactKey: Guid(cf3a92d2b0ea320479f9017b9049c8d9) Importer(2089858483,0ecaa5967403d082aa24f35e1b516d23)
Start importing Assets/BayatGames/Free Platform Game Assets/Chests/New Chests ( Update 1.8.5 )/png/Sliced/Model-2/1x/Model2-Head-6-1x.png using Guid(cf3a92d2b0ea320479f9017b9049c8d9) Importer(2089858483,0ecaa5967403d082aa24f35e1b516d23) Generated GUIDs only implemented for interfaces!
 -> (artifact id: '4e3d1268b02df647cd2f44f3d5357ff0') in 0.049800 seconds
Number of updated asset objects reloaded before import = 0
Number of asset objects unloaded after import = 3
========================================================================
Received Import Request.
  Time since last request: 0.000034 seconds.
  path: Assets/BayatGames/Free Platform Game Assets/Chests/New Chests ( Update 1.8.5 )/png/Sliced/Model-2/1x/Model2-Head-3-1x.png
  artifactKey: Guid(afc2d23c7e06a2342973bcf6e1c21f42) Importer(2089858483,0ecaa5967403d082aa24f35e1b516d23)
Start importing Assets/BayatGames/Free Platform Game Assets/Chests/New Chests ( Update 1.8.5 )/png/Sliced/Model-2/1x/Model2-Head-3-1x.png using Guid(afc2d23c7e06a2342973bcf6e1c21f42) Importer(2089858483,0ecaa5967403d082aa24f35e1b516d23) Generated GUIDs only implemented for interfaces!
 -> (artifact id: '74b6b008dd38a85c0b567623ba4843af') in 0.051988 seconds
Number of updated asset objects reloaded before import = 0
Number of asset objects unloaded after import = 3
========================================================================
Received Import Request.
  Time since last request: 0.000023 seconds.
  path: Assets/BayatGames/Free Platform Game Assets/Chests/New Chests ( Update 1.8.5 )/png/Sliced/Model-2/4x/Model2-body-4x.png
  artifactKey: Guid(8852d8ab2f896cf469a13a3aaa40a737) Importer(2089858483,0ecaa5967403d082aa24f35e1b516d23)
Start importing Assets/BayatGames/Free Platform Game Assets/Chests/New Chests ( Update 1.8.5 )/png/Sliced/Model-2/4x/Model2-body-4x.png using Guid(8852d8ab2f896cf469a13a3aaa40a737) Importer(2089858483,0ecaa5967403d082aa24f35e1b516d23) Generated GUIDs only implemented for interfaces!
 -> (artifact id: 'af62af1cb58f777f683f6a5532a83cc3') in 0.043271 seconds
Number of updated asset objects reloaded before import = 0
Number of asset objects unloaded after import = 3
========================================================================
Received Import Request.
  Time since last request: 0.000202 seconds.
  path: Assets/BayatGames/Free Platform Game Assets/Chests/New Chests ( Update 1.8.5 )/png/Sliced/Model-2/2x/Model2-body-2x.png
  artifactKey: Guid(999a4947cd6c568499165e72bb2ad705) Importer(2089858483,0ecaa5967403d082aa24f35e1b516d23)
Start importing Assets/BayatGames/Free Platform Game Assets/Chests/New Chests ( Update 1.8.5 )/png/Sliced/Model-2/2x/Model2-body-2x.png using Guid(999a4947cd6c568499165e72bb2ad705) Importer(2089858483,0ecaa5967403d082aa24f35e1b516d23) Generated GUIDs only implemented for interfaces!
 -> (artifact id: '69eeb7b2fb3fcc80ebbaf4da97dba215') in 0.046280 seconds
Number of updated asset objects reloaded before import = 0
Number of asset objects unloaded after import = 3
========================================================================
Received Import Request.
  Time since last request: 0.000018 seconds.
  path: Assets/BayatGames/Free Platform Game Assets/Chests/New Chests ( Update 1.8.5 )/png/Sliced/Model-2/4x/Model2-Head-7-4x.png
  artifactKey: Guid(450f9c2e791484e4a9c1145a68002980) Importer(2089858483,0ecaa5967403d082aa24f35e1b516d23)
Start importing Assets/BayatGames/Free Platform Game Assets/Chests/New Chests ( Update 1.8.5 )/png/Sliced/Model-2/4x/Model2-Head-7-4x.png using Guid(450f9c2e791484e4a9c1145a68002980) Importer(2089858483,0ecaa5967403d082aa24f35e1b516d23) Generated GUIDs only implemented for interfaces!
 -> (artifact id: '1fec18593f135da27f7884c206ea0fc2') in 0.043844 seconds
Number of updated asset objects reloaded before import = 0
Number of asset objects unloaded after import = 3
========================================================================
Received Import Request.
  Time since last request: 0.000020 seconds.
  path: Assets/BayatGames/Free Platform Game Assets/Chests/New Chests ( Update 1.8.5 )/png/Sliced/Model-2/4x/Model2-Head-4-4x.png
  artifactKey: Guid(b1d3a18a6502c2b4e9e2ae484e4fe158) Importer(2089858483,0ecaa5967403d082aa24f35e1b516d23)
Start importing Assets/BayatGames/Free Platform Game Assets/Chests/New Chests ( Update 1.8.5 )/png/Sliced/Model-2/4x/Model2-Head-4-4x.png using Guid(b1d3a18a6502c2b4e9e2ae484e4fe158) Importer(2089858483,0ecaa5967403d082aa24f35e1b516d23) Generated GUIDs only implemented for interfaces!
 -> (artifact id: '7258980b7aa46ef6d2620118aab5e1e7') in 0.048813 seconds
Number of updated asset objects reloaded before import = 0
Number of asset objects unloaded after import = 3
========================================================================
Received Import Request.
  Time since last request: 0.000019 seconds.
  path: Assets/BayatGames/Free Platform Game Assets/Chests/New Chests ( Update 1.8.5 )/png/Sliced/Model-2/4x/Model2-Head-6-4x.png
  artifactKey: Guid(08bd3550abe50804bb0be6dd8b1b6da2) Importer(2089858483,0ecaa5967403d082aa24f35e1b516d23)
Start importing Assets/BayatGames/Free Platform Game Assets/Chests/New Chests ( Update 1.8.5 )/png/Sliced/Model-2/4x/Model2-Head-6-4x.png using Guid(08bd3550abe50804bb0be6dd8b1b6da2) Importer(2089858483,0ecaa5967403d082aa24f35e1b516d23) Generated GUIDs only implemented for interfaces!
 -> (artifact id: '720563212da30086610ed6809b9e908b') in 0.048463 seconds
Number of updated asset objects reloaded before import = 0
Number of asset objects unloaded after import = 3
========================================================================
Received Import Request.
  Time since last request: 0.000030 seconds.
  path: Assets/BayatGames/Free Platform Game Assets/Chests/New Chests ( Update 1.8.5 )/png/Sliced/Model-2/4x/Model2-headInnerPiece-4-ForHead-8-4x.png
  artifactKey: Guid(115725bd79bcede41afcd876d240e7ff) Importer(2089858483,0ecaa5967403d082aa24f35e1b516d23)
Start importing Assets/BayatGames/Free Platform Game Assets/Chests/New Chests ( Update 1.8.5 )/png/Sliced/Model-2/4x/Model2-headInnerPiece-4-ForHead-8-4x.png using Guid(115725bd79bcede41afcd876d240e7ff) Importer(2089858483,0ecaa5967403d082aa24f35e1b516d23) Generated GUIDs only implemented for interfaces!
 -> (artifact id: '599114fac2d6b41c90c8286159ff02d4') in 0.047640 seconds
Number of updated asset objects reloaded before import = 0
Number of asset objects unloaded after import = 3
========================================================================
Received Import Request.
  Time since last request: 0.000022 seconds.
  path: Assets/BayatGames/Free Platform Game Assets/Chests/New Chests ( Update 1.8.5 )/png/Sliced/Model-1/2x/head-3-2x.png
  artifactKey: Guid(53057f44647789c49bfe9013a0281d4b) Importer(2089858483,0ecaa5967403d082aa24f35e1b516d23)
Start importing Assets/BayatGames/Free Platform Game Assets/Chests/New Chests ( Update 1.8.5 )/png/Sliced/Model-1/2x/head-3-2x.png using Guid(53057f44647789c49bfe9013a0281d4b) Importer(2089858483,0ecaa5967403d082aa24f35e1b516d23) Generated GUIDs only implemented for interfaces!
 -> (artifact id: '19ca37f82ceba7d4078a9452116546a2') in 0.047907 seconds
Number of updated asset objects reloaded before import = 0
Number of asset objects unloaded after import = 3
========================================================================
Received Import Request.
  Time since last request: 0.000018 seconds.
  path: Assets/BayatGames/Free Platform Game Assets/Environments/New Details ( Update 1.9 )/2x/Flower-3.png
  artifactKey: Guid(41cccea4cdff96e46b4643d6b38e07b2) Importer(2089858483,0ecaa5967403d082aa24f35e1b516d23)
Start importing Assets/BayatGames/Free Platform Game Assets/Environments/New Details ( Update 1.9 )/2x/Flower-3.png using Guid(41cccea4cdff96e46b4643d6b38e07b2) Importer(2089858483,0ecaa5967403d082aa24f35e1b516d23) Generated GUIDs only implemented for interfaces!
 -> (artifact id: 'd913f0591a4f6e6537d2c44ffad39788') in 0.042657 seconds
Number of updated asset objects reloaded before import = 0
Number of asset objects unloaded after import = 3
========================================================================
Received Import Request.
  Time since last request: 0.000017 seconds.
  path: Assets/BayatGames/Free Platform Game Assets/Water Animation/2D view ( Update 1.9 )/256x256/13-2x.png
  artifactKey: Guid(3695ded8ed5d81f4bbfaac60c95817ad) Importer(2089858483,0ecaa5967403d082aa24f35e1b516d23)
Start importing Assets/BayatGames/Free Platform Game Assets/Water Animation/2D view ( Update 1.9 )/256x256/13-2x.png using Guid(3695ded8ed5d81f4bbfaac60c95817ad) Importer(2089858483,0ecaa5967403d082aa24f35e1b516d23) Generated GUIDs only implemented for interfaces!
 -> (artifact id: '40ccc5b6203b35db163ced48bac92238') in 0.044968 seconds
Number of updated asset objects reloaded before import = 0
Number of asset objects unloaded after import = 3
========================================================================
Received Import Request.
  Time since last request: 0.000017 seconds.
  path: Assets/BayatGames/Free Platform Game Assets/Tiles/2D Tiles ( Update 1.9 )/Autumn/128x128/GrassJoinHillLeft.png
  artifactKey: Guid(b8a5ba1d5d49334429d4af4b77e8ba21) Importer(2089858483,0ecaa5967403d082aa24f35e1b516d23)
Start importing Assets/BayatGames/Free Platform Game Assets/Tiles/2D Tiles ( Update 1.9 )/Autumn/128x128/GrassJoinHillLeft.png using Guid(b8a5ba1d5d49334429d4af4b77e8ba21) Importer(2089858483,0ecaa5967403d082aa24f35e1b516d23) Generated GUIDs only implemented for interfaces!
 -> (artifact id: '51f9bd6344f63d86f94bd9db2df46776') in 0.041191 seconds
Number of updated asset objects reloaded before import = 0
Number of asset objects unloaded after import = 3
========================================================================
Received Import Request.
  Time since last request: 0.000024 seconds.
  path: Assets/BayatGames/Free Platform Game Assets/Water Animation/2D view ( Update 1.9 )/256x256/12-2x.png
  artifactKey: Guid(785d74e266956cc46a81814c6e7745bd) Importer(2089858483,0ecaa5967403d082aa24f35e1b516d23)
Start importing Assets/BayatGames/Free Platform Game Assets/Water Animation/2D view ( Update 1.9 )/256x256/12-2x.png using Guid(785d74e266956cc46a81814c6e7745bd) Importer(2089858483,0ecaa5967403d082aa24f35e1b516d23) Generated GUIDs only implemented for interfaces!
 -> (artifact id: '0efc1bb7d5c3bf7d91ea3c4b0862738d') in 0.043881 seconds
Number of updated asset objects reloaded before import = 0
Number of asset objects unloaded after import = 3
========================================================================
Received Import Request.
  Time since last request: 0.000034 seconds.
  path: Assets/BayatGames/Free Platform Game Assets/Chests/Chest/png/Sliced/Sliced 1/1x/head-3-1x.png
  artifactKey: Guid(b94892f8c573ce24a8aeb8feee5b68d4) Importer(2089858483,0ecaa5967403d082aa24f35e1b516d23)
Start importing Assets/BayatGames/Free Platform Game Assets/Chests/Chest/png/Sliced/Sliced 1/1x/head-3-1x.png using Guid(b94892f8c573ce24a8aeb8feee5b68d4) Importer(2089858483,0ecaa5967403d082aa24f35e1b516d23) Generated GUIDs only implemented for interfaces!
 -> (artifact id: '23963d9cfbc042e92411696efd837850') in 0.043972 seconds
Number of updated asset objects reloaded before import = 0
Number of asset objects unloaded after import = 3
========================================================================
Received Import Request.
  Time since last request: 0.000020 seconds.
  path: Assets/2D Pixel Item Pack/Light Outline/S_ItemLightOutline_PotionPurple_00.png
  artifactKey: Guid(85fe961d8b8fb094584962eecb48d07b) Importer(2089858483,0ecaa5967403d082aa24f35e1b516d23)
Start importing Assets/2D Pixel Item Pack/Light Outline/S_ItemLightOutline_PotionPurple_00.png using Guid(85fe961d8b8fb094584962eecb48d07b) Importer(2089858483,0ecaa5967403d082aa24f35e1b516d23) Generated GUIDs only implemented for interfaces!
 -> (artifact id: '386c4cd3316594a13fc4b60596e9298e') in 0.038783 seconds
Number of updated asset objects reloaded before import = 0
Number of asset objects unloaded after import = 3
========================================================================
Received Import Request.
  Time since last request: 0.000019 seconds.
  path: Assets/BayatGames/Free Platform Game Assets/Tiles/2D Tiles ( Update 1.9 )/Autumn/512x512/Grass.png
  artifactKey: Guid(3c2530d80fa62ca469dc488438556969) Importer(2089858483,0ecaa5967403d082aa24f35e1b516d23)
Start importing Assets/BayatGames/Free Platform Game Assets/Tiles/2D Tiles ( Update 1.9 )/Autumn/512x512/Grass.png using Guid(3c2530d80fa62ca469dc488438556969) Importer(2089858483,0ecaa5967403d082aa24f35e1b516d23) Generated GUIDs only implemented for interfaces!
 -> (artifact id: '77a1654df355f61e11cc719745c4bd96') in 0.039024 seconds
Number of updated asset objects reloaded before import = 0
Number of asset objects unloaded after import = 3
========================================================================
Received Import Request.
  Time since last request: 0.000025 seconds.
  path: Assets/2D Pixel Item Pack/No Outline/S_ItemNoOutline_JarRed_01.png
  artifactKey: Guid(e57e38e969e13584f8f8a1125bbc0df8) Importer(2089858483,0ecaa5967403d082aa24f35e1b516d23)
Start importing Assets/2D Pixel Item Pack/No Outline/S_ItemNoOutline_JarRed_01.png using Guid(e57e38e969e13584f8f8a1125bbc0df8) Importer(2089858483,0ecaa5967403d082aa24f35e1b516d23) Generated GUIDs only implemented for interfaces!
 -> (artifact id: 'fd0371a35487caa0cd1e2b133371c593') in 0.037524 seconds
Number of updated asset objects reloaded before import = 0
Number of asset objects unloaded after import = 3
========================================================================
Received Import Request.
  Time since last request: 0.000026 seconds.
  path: Assets/TextMesh Pro/Resources/Fonts & Materials/LiberationSans SDF - Fallback.asset
  artifactKey: Guid(2e498d1c8094910479dc3e1b768306a4) Importer(2089858483,0ecaa5967403d082aa24f35e1b516d23)
Start importing Assets/TextMesh Pro/Resources/Fonts & Materials/LiberationSans SDF - Fallback.asset using Guid(2e498d1c8094910479dc3e1b768306a4) Importer(2089858483,0ecaa5967403d082aa24f35e1b516d23) Generated GUIDs only implemented for interfaces!
 -> (artifact id: '0e666e22ec5f0420fd40fe33ae3bef84') in 0.054930 seconds
Number of updated asset objects reloaded before import = 0
Number of asset objects unloaded after import = 5
========================================================================
Received Import Request.
  Time since last request: 0.000027 seconds.
  path: Assets/Dragon Warrior Files/Dragon Warrior PNG/flyKick_01.png
  artifactKey: Guid(93b5ee5598a58be4d89455da461d3fa3) Importer(2089858483,0ecaa5967403d082aa24f35e1b516d23)
Start importing Assets/Dragon Warrior Files/Dragon Warrior PNG/flyKick_01.png using Guid(93b5ee5598a58be4d89455da461d3fa3) Importer(2089858483,0ecaa5967403d082aa24f35e1b516d23) Generated GUIDs only implemented for interfaces!
 -> (artifact id: '22a68bc53a56824ec1bd56177d685e67') in 0.052906 seconds
Number of updated asset objects reloaded before import = 0
Number of asset objects unloaded after import = 3
========================================================================
Received Import Request.
  Time since last request: 0.000038 seconds.
  path: Assets/TextMesh Pro/Resources/Style Sheets/Default Style Sheet.asset
  artifactKey: Guid(f952c082cb03451daed3ee968ac6c63e) Importer(2089858483,0ecaa5967403d082aa24f35e1b516d23)
Start importing Assets/TextMesh Pro/Resources/Style Sheets/Default Style Sheet.asset using Guid(f952c082cb03451daed3ee968ac6c63e) Importer(2089858483,0ecaa5967403d082aa24f35e1b516d23) Generated GUIDs only implemented for interfaces!
 -> (artifact id: '02eb1c32fcb8938a69672ba1861b865c') in 0.014627 seconds
Number of updated asset objects reloaded before import = 0
Number of asset objects unloaded after import = 1
========================================================================
Received Import Request.
  Time since last request: 0.000159 seconds.
  path: Assets/Dragon Warrior Files/Dragon Warrior PNG/flyKick_02.png
  artifactKey: Guid(8e62a7946c37bd542a205f31952507d5) Importer(2089858483,0ecaa5967403d082aa24f35e1b516d23)
Start importing Assets/Dragon Warrior Files/Dragon Warrior PNG/flyKick_02.png using Guid(8e62a7946c37bd542a205f31952507d5) Importer(2089858483,0ecaa5967403d082aa24f35e1b516d23) Generated GUIDs only implemented for interfaces!
 -> (artifact id: '834345c30b883a47e2531eac24b229b2') in 0.042866 seconds
Number of updated asset objects reloaded before import = 0
Number of asset objects unloaded after import = 3
========================================================================
Received Import Request.
  Time since last request: 0.000023 seconds.
  path: Assets/BayatGames/Free Platform Game Assets/Chests/Chest/png/Sliced/Sliced 2/2x/headWithoutInnerPiece-6-2x.png
  artifactKey: Guid(afe0dd55551916a478b6d4ea9faf545f) Importer(2089858483,0ecaa5967403d082aa24f35e1b516d23)
Start importing Assets/BayatGames/Free Platform Game Assets/Chests/Chest/png/Sliced/Sliced 2/2x/headWithoutInnerPiece-6-2x.png using Guid(afe0dd55551916a478b6d4ea9faf545f) Importer(2089858483,0ecaa5967403d082aa24f35e1b516d23) Generated GUIDs only implemented for interfaces!
 -> (artifact id: 'b4def8f5d2f495e51e74f0f29cca1e23') in 0.051728 seconds
Number of updated asset objects reloaded before import = 0
Number of asset objects unloaded after import = 3
========================================================================
Received Import Request.
  Time since last request: 0.000017 seconds.
  path: Assets/Enemies/Enemies/png/256x256/eye 256.png
  artifactKey: Guid(6cccbf5e59c94fd49ba53ffa48c6fc60) Importer(2089858483,0ecaa5967403d082aa24f35e1b516d23)
Start importing Assets/Enemies/Enemies/png/256x256/eye 256.png using Guid(6cccbf5e59c94fd49ba53ffa48c6fc60) Importer(2089858483,0ecaa5967403d082aa24f35e1b516d23) Generated GUIDs only implemented for interfaces!
 -> (artifact id: '0b6580f7c4a751d702234772816f8612') in 0.038360 seconds
Number of updated asset objects reloaded before import = 0
Number of asset objects unloaded after import = 3
========================================================================
Received Import Request.
  Time since last request: 0.000017 seconds.
  path: Assets/BayatGames/Free Platform Game Assets/Coin Animation/png/4x/image 10.png
  artifactKey: Guid(dfa73ca92daccb94b890dc4e3f5b5fef) Importer(2089858483,0ecaa5967403d082aa24f35e1b516d23)
Start importing Assets/BayatGames/Free Platform Game Assets/Coin Animation/png/4x/image 10.png using Guid(dfa73ca92daccb94b890dc4e3f5b5fef) Importer(2089858483,0ecaa5967403d082aa24f35e1b516d23) Generated GUIDs only implemented for interfaces!
 -> (artifact id: 'df77221bed36255822cae684642fccbf') in 0.040760 seconds
Number of updated asset objects reloaded before import = 0
Number of asset objects unloaded after import = 3
========================================================================
Received Import Request.
  Time since last request: 0.000023 seconds.
  path: Assets/Enemies/Enemies/png/256x256/Pupil 256.png
  artifactKey: Guid(a2bdd2a9215d9574aaed3d1a1e2f7f69) Importer(2089858483,0ecaa5967403d082aa24f35e1b516d23)
Start importing Assets/Enemies/Enemies/png/256x256/Pupil 256.png using Guid(a2bdd2a9215d9574aaed3d1a1e2f7f69) Importer(2089858483,0ecaa5967403d082aa24f35e1b516d23) Generated GUIDs only implemented for interfaces!
 -> (artifact id: '487e03e33b80c6324882f3b8f700600f') in 0.040032 seconds
Number of updated asset objects reloaded before import = 0
Number of asset objects unloaded after import = 3
========================================================================
Received Import Request.
  Time since last request: 0.000020 seconds.
  path: Assets/BayatGames/Free Platform Game Assets/Character/Character Source/png/1x/Body.png
  artifactKey: Guid(34d7edc209cc0a44bbd2d515e290b5dc) Importer(2089858483,0ecaa5967403d082aa24f35e1b516d23)
Start importing Assets/BayatGames/Free Platform Game Assets/Character/Character Source/png/1x/Body.png using Guid(34d7edc209cc0a44bbd2d515e290b5dc) Importer(2089858483,0ecaa5967403d082aa24f35e1b516d23) Generated GUIDs only implemented for interfaces!
 -> (artifact id: 'a105491cebe6ca0b2ee8c95140d83811') in 0.039189 seconds
Number of updated asset objects reloaded before import = 0
Number of asset objects unloaded after import = 3
========================================================================
Received Import Request.
  Time since last request: 0.000035 seconds.
  path: Assets/BayatGames/Free Platform Game Assets/Chests/Chest/png/Sheet/Chest 4096x1024(4x).png
  artifactKey: Guid(6f10393485ec6e74a95c7a6a2478cf3c) Importer(2089858483,0ecaa5967403d082aa24f35e1b516d23)
Start importing Assets/BayatGames/Free Platform Game Assets/Chests/Chest/png/Sheet/Chest 4096x1024(4x).png using Guid(6f10393485ec6e74a95c7a6a2478cf3c) Importer(2089858483,0ecaa5967403d082aa24f35e1b516d23) Generated GUIDs only implemented for interfaces!
 -> (artifact id: 'df434b51c8fef95d0406ec0327f9c8dd') in 0.041645 seconds
Number of updated asset objects reloaded before import = 0
Number of asset objects unloaded after import = 3
========================================================================
Received Import Request.
  Time since last request: 0.000027 seconds.
  path: Assets/Dragon Warrior Files/Dragon Warrior PNG/idle_05.png
  artifactKey: Guid(d6f80947af627e947b45cfa7a5ccc2c9) Importer(2089858483,0ecaa5967403d082aa24f35e1b516d23)
Start importing Assets/Dragon Warrior Files/Dragon Warrior PNG/idle_05.png using Guid(d6f80947af627e947b45cfa7a5ccc2c9) Importer(2089858483,0ecaa5967403d082aa24f35e1b516d23) Generated GUIDs only implemented for interfaces!
 -> (artifact id: '8c0679a781f3322e43fb1317159a8f0f') in 0.037479 seconds
Number of updated asset objects reloaded before import = 0
Number of asset objects unloaded after import = 3
========================================================================
Received Import Request.
  Time since last request: 0.000018 seconds.
  path: Assets/BayatGames/Free Platform Game Assets/Tiles/2D Tiles ( Update 1.9 )/Autumn/512x512/GrassHillRight.png
  artifactKey: Guid(ce08f0dff4e6a554d92a0848ed07c8e6) Importer(2089858483,0ecaa5967403d082aa24f35e1b516d23)
Start importing Assets/BayatGames/Free Platform Game Assets/Tiles/2D Tiles ( Update 1.9 )/Autumn/512x512/GrassHillRight.png using Guid(ce08f0dff4e6a554d92a0848ed07c8e6) Importer(2089858483,0ecaa5967403d082aa24f35e1b516d23) Generated GUIDs only implemented for interfaces!
 -> (artifact id: '048cb7849fc7fc191c8e88313a790445') in 0.033851 seconds
Number of updated asset objects reloaded before import = 0
Number of asset objects unloaded after import = 3
========================================================================
Received Import Request.
  Time since last request: 0.000023 seconds.
  path: Assets/BayatGames/Free Platform Game Assets/Character/Character Source/ai/Character.ai
  artifactKey: Guid(4538d88595448ae43ad295f301fdd97f) Importer(2089858483,0ecaa5967403d082aa24f35e1b516d23)
Start importing Assets/BayatGames/Free Platform Game Assets/Character/Character Source/ai/Character.ai using Guid(4538d88595448ae43ad295f301fdd97f) Importer(2089858483,0ecaa5967403d082aa24f35e1b516d23) Generated GUIDs only implemented for interfaces!
 -> (artifact id: 'ab69c20b53326a0f44be0ae3baa77589') in 0.011713 seconds
Number of updated asset objects reloaded before import = 0
Number of asset objects unloaded after import = 1
========================================================================
Received Import Request.
  Time since last request: 0.000023 seconds.
  path: Assets/BayatGames/Free Platform Game Assets/Chests/Chest/png/Sheet/Chest 2048x512(2x).png
  artifactKey: Guid(1685ff528d5846041ab0a8a01abb369b) Importer(2089858483,0ecaa5967403d082aa24f35e1b516d23)
Start importing Assets/BayatGames/Free Platform Game Assets/Chests/Chest/png/Sheet/Chest 2048x512(2x).png using Guid(1685ff528d5846041ab0a8a01abb369b) Importer(2089858483,0ecaa5967403d082aa24f35e1b516d23) Generated GUIDs only implemented for interfaces!
 -> (artifact id: '8690f7129f47ffbe804d2c74d98ed8ee') in 0.044359 seconds
Number of updated asset objects reloaded before import = 0
Number of asset objects unloaded after import = 3
========================================================================
Received Import Request.
  Time since last request: 0.000017 seconds.
  path: Assets/Dragon Warrior Files/Effects/dashwind_05.png
  artifactKey: Guid(8a8fbecbb5021704b98e2180334900cb) Importer(2089858483,0ecaa5967403d082aa24f35e1b516d23)
Start importing Assets/Dragon Warrior Files/Effects/dashwind_05.png using Guid(8a8fbecbb5021704b98e2180334900cb) Importer(2089858483,0ecaa5967403d082aa24f35e1b516d23) Generated GUIDs only implemented for interfaces!
 -> (artifact id: '752096c47540aae0e66d12bb677be1fe') in 0.043423 seconds
Number of updated asset objects reloaded before import = 0
Number of asset objects unloaded after import = 3
========================================================================
Received Import Request.
  Time since last request: 0.000025 seconds.
  path: Assets/BayatGames/Free Platform Game Assets/Coin Animation/png/4x/image 3.png
  artifactKey: Guid(0a78cf85f9051204db2d29b987fdbf3c) Importer(2089858483,0ecaa5967403d082aa24f35e1b516d23)
Start importing Assets/BayatGames/Free Platform Game Assets/Coin Animation/png/4x/image 3.png using Guid(0a78cf85f9051204db2d29b987fdbf3c) Importer(2089858483,0ecaa5967403d082aa24f35e1b516d23) Generated GUIDs only implemented for interfaces!
 -> (artifact id: 'c1b7ce0664e279778589290190a72c70') in 0.046623 seconds
Number of updated asset objects reloaded before import = 0
Number of asset objects unloaded after import = 3
========================================================================
Received Import Request.
  Time since last request: 0.000027 seconds.
  path: Assets/BayatGames/Free Platform Game Assets/Environments/New Details ( Update 1.9 )/4x/Flower-1.png
  artifactKey: Guid(956281b640272d24fa71800b89c62738) Importer(2089858483,0ecaa5967403d082aa24f35e1b516d23)
Start importing Assets/BayatGames/Free Platform Game Assets/Environments/New Details ( Update 1.9 )/4x/Flower-1.png using Guid(956281b640272d24fa71800b89c62738) Importer(2089858483,0ecaa5967403d082aa24f35e1b516d23) Generated GUIDs only implemented for interfaces!
 -> (artifact id: '7863642b02bbfd38bb599e85791676b8') in 0.040792 seconds
Number of updated asset objects reloaded before import = 0
Number of asset objects unloaded after import = 3
========================================================================
Received Import Request.
  Time since last request: 0.000021 seconds.
  path: Assets/BayatGames/Free Platform Game Assets/Water Animation/2D view ( Update 1.9 )/128x128/5-1x.png
  artifactKey: Guid(84dbd18cbf052684a8ca8ae0d6726aba) Importer(2089858483,0ecaa5967403d082aa24f35e1b516d23)
Start importing Assets/BayatGames/Free Platform Game Assets/Water Animation/2D view ( Update 1.9 )/128x128/5-1x.png using Guid(84dbd18cbf052684a8ca8ae0d6726aba) Importer(2089858483,0ecaa5967403d082aa24f35e1b516d23) Generated GUIDs only implemented for interfaces!
 -> (artifact id: '1d49235cf2b220e30a36917a0bf9352f') in 0.051004 seconds
Number of updated asset objects reloaded before import = 0
Number of asset objects unloaded after import = 3
========================================================================
Received Import Request.
  Time since last request: 0.000025 seconds.
  path: Assets/2D Pixel Item Pack/Light Outline/S_ItemLightOutline_BarrelGreen_00.png
  artifactKey: Guid(7469631d9db683d4d9ccbefa99f7e81f) Importer(2089858483,0ecaa5967403d082aa24f35e1b516d23)
Start importing Assets/2D Pixel Item Pack/Light Outline/S_ItemLightOutline_BarrelGreen_00.png using Guid(7469631d9db683d4d9ccbefa99f7e81f) Importer(2089858483,0ecaa5967403d082aa24f35e1b516d23) Generated GUIDs only implemented for interfaces!
 -> (artifact id: '3cccf66a9e2dc4d0e10355e46d34c2fe') in 0.037384 seconds
Number of updated asset objects reloaded before import = 0
Number of asset objects unloaded after import = 3
========================================================================
Received Import Request.
  Time since last request: 0.000018 seconds.
  path: Assets/BayatGames/Free Platform Game Assets/Chests/Chest/png/Sliced/Sliced 1/4x/body-3-4x.png
  artifactKey: Guid(06d1e4e6afd524f4dae9a03ff6879c69) Importer(2089858483,0ecaa5967403d082aa24f35e1b516d23)
Start importing Assets/BayatGames/Free Platform Game Assets/Chests/Chest/png/Sliced/Sliced 1/4x/body-3-4x.png using Guid(06d1e4e6afd524f4dae9a03ff6879c69) Importer(2089858483,0ecaa5967403d082aa24f35e1b516d23) Generated GUIDs only implemented for interfaces!
 -> (artifact id: 'dc88422d49bc2744a2494a28410def88') in 0.043086 seconds
Number of updated asset objects reloaded before import = 0
Number of asset objects unloaded after import = 3
========================================================================
Received Import Request.
  Time since last request: 0.000021 seconds.
  path: Assets/2D Pixel Item Pack/No Outline/S_ItemNoOutline_BarrelPurple_00.png
  artifactKey: Guid(999538d78e7c5a44c9b6687b1f4300d5) Importer(2089858483,0ecaa5967403d082aa24f35e1b516d23)
Start importing Assets/2D Pixel Item Pack/No Outline/S_ItemNoOutline_BarrelPurple_00.png using Guid(999538d78e7c5a44c9b6687b1f4300d5) Importer(2089858483,0ecaa5967403d082aa24f35e1b516d23) Generated GUIDs only implemented for interfaces!
 -> (artifact id: 'e72eda98f45514a17f82302263c59af6') in 0.035559 seconds
Number of updated asset objects reloaded before import = 0
Number of asset objects unloaded after import = 3
========================================================================
Received Import Request.
  Time since last request: 0.000021 seconds.
  path: Assets/BayatGames/Free Platform Game Assets/Backgrounds/New Background ( Update 1.7 )/eps/NewBackground2048x1536.eps
  artifactKey: Guid(3727504555d92f749a119049cf0f03bd) Importer(2089858483,0ecaa5967403d082aa24f35e1b516d23)
Start importing Assets/BayatGames/Free Platform Game Assets/Backgrounds/New Background ( Update 1.7 )/eps/NewBackground2048x1536.eps using Guid(3727504555d92f749a119049cf0f03bd) Importer(2089858483,0ecaa5967403d082aa24f35e1b516d23) Generated GUIDs only implemented for interfaces!
 -> (artifact id: 'ec23dd91d18fd95c4eb7e0e5e3ef2e7c') in 0.011287 seconds
Number of updated asset objects reloaded before import = 0
Number of asset objects unloaded after import = 1
========================================================================
Received Import Request.
  Time since last request: 0.000023 seconds.
  path: Assets/Dragon Warrior Files/Dragon Warrior PNG/attack_02.png
  artifactKey: Guid(2ac0bdb1f72273446853e8d81225c348) Importer(2089858483,0ecaa5967403d082aa24f35e1b516d23)
Start importing Assets/Dragon Warrior Files/Dragon Warrior PNG/attack_02.png using Guid(2ac0bdb1f72273446853e8d81225c348) Importer(2089858483,0ecaa5967403d082aa24f35e1b516d23) Generated GUIDs only implemented for interfaces!
 -> (artifact id: '386e2b42c63ac42cd0b2cf5cba453fac') in 0.044413 seconds
Number of updated asset objects reloaded before import = 0
Number of asset objects unloaded after import = 3
========================================================================
Received Import Request.
  Time since last request: 0.000029 seconds.
  path: Assets/BayatGames/Free Platform Game Assets/Coin Animation/png/4x/image 4.png
  artifactKey: Guid(76335bd232db0aa44948af7af403124d) Importer(2089858483,0ecaa5967403d082aa24f35e1b516d23)
Start importing Assets/BayatGames/Free Platform Game Assets/Coin Animation/png/4x/image 4.png using Guid(76335bd232db0aa44948af7af403124d) Importer(2089858483,0ecaa5967403d082aa24f35e1b516d23) Generated GUIDs only implemented for interfaces!
 -> (artifact id: '342dd369bcdb8b41373320d928bc1509') in 0.041000 seconds
Number of updated asset objects reloaded before import = 0
Number of asset objects unloaded after import = 3
========================================================================
Received Import Request.
  Time since last request: 0.000016 seconds.
  path: Assets/Enemies/New Enemy ( Update 1.9 )/4x/Mace.png
  artifactKey: Guid(bfbbbb477773dcc44b72ef32072de26d) Importer(2089858483,0ecaa5967403d082aa24f35e1b516d23)
Start importing Assets/Enemies/New Enemy ( Update 1.9 )/4x/Mace.png using Guid(bfbbbb477773dcc44b72ef32072de26d) Importer(2089858483,0ecaa5967403d082aa24f35e1b516d23) Generated GUIDs only implemented for interfaces!
 -> (artifact id: 'bcf3bfcc30a1fc64258e98b9c80679ed') in 0.040917 seconds
Number of updated asset objects reloaded before import = 0
Number of asset objects unloaded after import = 3
========================================================================
Received Import Request.
  Time since last request: 0.000019 seconds.
  path: Assets/Dragon Warrior Files/Dragon Warrior PNG/walk_04.png
  artifactKey: Guid(5480b347e27b5074da20bc4efbd8d6d6) Importer(2089858483,0ecaa5967403d082aa24f35e1b516d23)
Start importing Assets/Dragon Warrior Files/Dragon Warrior PNG/walk_04.png using Guid(5480b347e27b5074da20bc4efbd8d6d6) Importer(2089858483,0ecaa5967403d082aa24f35e1b516d23) Generated GUIDs only implemented for interfaces!
 -> (artifact id: 'b5045adf161ae692a3c958413c2cc4f3') in 0.032425 seconds
Number of updated asset objects reloaded before import = 0
Number of asset objects unloaded after import = 3
========================================================================
Received Import Request.
  Time since last request: 0.000018 seconds.
  path: Assets/BayatGames/Free Platform Game Assets/Chests/New Chests ( Update 1.8.5 )/png/Separate/Model-1/4x/7-4x.png
  artifactKey: Guid(87bc8a0b724223f4e8b1b548d0fff68b) Importer(2089858483,0ecaa5967403d082aa24f35e1b516d23)
Start importing Assets/BayatGames/Free Platform Game Assets/Chests/New Chests ( Update 1.8.5 )/png/Separate/Model-1/4x/7-4x.png using Guid(87bc8a0b724223f4e8b1b548d0fff68b) Importer(2089858483,0ecaa5967403d082aa24f35e1b516d23) Generated GUIDs only implemented for interfaces!
 -> (artifact id: '24f05a1c910bebfc9a5f1e0260c26820') in 0.038023 seconds
Number of updated asset objects reloaded before import = 0
Number of asset objects unloaded after import = 3
========================================================================
Received Import Request.
  Time since last request: 0.000018 seconds.
  path: Assets/Enemies/New Enemy ( Update 1.9 )/8x/Chain-2.png
  artifactKey: Guid(90bed42d07262c343893f98710ccfea3) Importer(2089858483,0ecaa5967403d082aa24f35e1b516d23)
Start importing Assets/Enemies/New Enemy ( Update 1.9 )/8x/Chain-2.png using Guid(90bed42d07262c343893f98710ccfea3) Importer(2089858483,0ecaa5967403d082aa24f35e1b516d23) Generated GUIDs only implemented for interfaces!
 -> (artifact id: 'a6b530379e1c1c00fde1dedcd5739e88') in 0.040759 seconds
Number of updated asset objects reloaded before import = 0
Number of asset objects unloaded after import = 3
========================================================================
Received Import Request.
  Time since last request: 0.000022 seconds.
  path: Assets/Enemies/New Enemy ( Update 1.9 )/8x/2D Mace View/eye-3.png
  artifactKey: Guid(8c4e0af11a3072949bbab252536d6761) Importer(2089858483,0ecaa5967403d082aa24f35e1b516d23)
Start importing Assets/Enemies/New Enemy ( Update 1.9 )/8x/2D Mace View/eye-3.png using Guid(8c4e0af11a3072949bbab252536d6761) Importer(2089858483,0ecaa5967403d082aa24f35e1b516d23) Generated GUIDs only implemented for interfaces!
 -> (artifact id: '6150c06692b4745dd2f461d1aeb80dd5') in 0.040975 seconds
Number of updated asset objects reloaded before import = 0
Number of asset objects unloaded after import = 3
========================================================================
Received Import Request.
  Time since last request: 0.000025 seconds.
  path: Assets/BayatGames/Free Platform Game Assets/Chests/Chest/png/Sliced/Sliced 2/4x/bodyInnerPiece-4-ForBody5-4x.png
  artifactKey: Guid(45d41fcfea6f0ec42ba88cbf3c9b46f7) Importer(2089858483,0ecaa5967403d082aa24f35e1b516d23)
Start importing Assets/BayatGames/Free Platform Game Assets/Chests/Chest/png/Sliced/Sliced 2/4x/bodyInnerPiece-4-ForBody5-4x.png using Guid(45d41fcfea6f0ec42ba88cbf3c9b46f7) Importer(2089858483,0ecaa5967403d082aa24f35e1b516d23) Generated GUIDs only implemented for interfaces!
 -> (artifact id: 'd3f06333896c5b413cf41e4389f5868a') in 0.044912 seconds
Number of updated asset objects reloaded before import = 0
Number of asset objects unloaded after import = 3
========================================================================
Received Import Request.
  Time since last request: 0.000035 seconds.
  path: Assets/BayatGames/Free Platform Game Assets/Coin Animation/png/2x/image 8.png
  artifactKey: Guid(39bf764a4d5181d4ea6477506162098e) Importer(2089858483,0ecaa5967403d082aa24f35e1b516d23)
Start importing Assets/BayatGames/Free Platform Game Assets/Coin Animation/png/2x/image 8.png using Guid(39bf764a4d5181d4ea6477506162098e) Importer(2089858483,0ecaa5967403d082aa24f35e1b516d23) Generated GUIDs only implemented for interfaces!
 -> (artifact id: 'aac2e9548fb8b08d3d69646f9c4b86f4') in 0.038072 seconds
Number of updated asset objects reloaded before import = 0
Number of asset objects unloaded after import = 3
========================================================================
Received Import Request.
  Time since last request: 0.000025 seconds.
  path: Assets/BayatGames/Free Platform Game Assets/Environments/New Details ( Update 1.9 )/2x/Autumn Tree.png
  artifactKey: Guid(a0719ec8dfd104845904c76b6550b63e) Importer(2089858483,0ecaa5967403d082aa24f35e1b516d23)
Start importing Assets/BayatGames/Free Platform Game Assets/Environments/New Details ( Update 1.9 )/2x/Autumn Tree.png using Guid(a0719ec8dfd104845904c76b6550b63e) Importer(2089858483,0ecaa5967403d082aa24f35e1b516d23) Generated GUIDs only implemented for interfaces!
 -> (artifact id: '653964eb0f9f7ee4bfd40c103fb53757') in 0.048252 seconds
Number of updated asset objects reloaded before import = 0
Number of asset objects unloaded after import = 3
========================================================================
Received Import Request.
  Time since last request: 0.000023 seconds.
  path: Assets/2D Pixel Item Pack/Light Outline/S_ItemLightOutline_ChestBlue_00.png
  artifactKey: Guid(9fba3de480edfe74681481770b5dd576) Importer(2089858483,0ecaa5967403d082aa24f35e1b516d23)
Start importing Assets/2D Pixel Item Pack/Light Outline/S_ItemLightOutline_ChestBlue_00.png using Guid(9fba3de480edfe74681481770b5dd576) Importer(2089858483,0ecaa5967403d082aa24f35e1b516d23) Generated GUIDs only implemented for interfaces!
 -> (artifact id: '6114066143f057f104251c00eeacc727') in 0.041475 seconds
Number of updated asset objects reloaded before import = 0
Number of asset objects unloaded after import = 3
Editor requested this worker to shutdown with reason: Scaling down because of idle timeout
TcpMessagingSession - receive error: operation aborted. errorcode: 995, details: The I/O operation has been aborted because of either a thread exit or an application request.
AssetImportWorker is now disconnected from the server
Process exiting
Exiting without the bug reporter. Application will terminate with return code 0